sales_date,sku_id,location_id,quantity_sold,promotion_flag,data_status
2025-08-06,SKU001,LOC03,33,0,synthetic
2025-08-07,SKU001,LOC03,25,0,synthetic
2025-08-08,SKU001,LOC02,23,0,synthetic
2025-08-09,SKU001,LOC02,33,0,synthetic
2025-08-10,SKU001,LOC03,28,0,synthetic
2025-08-11,SKU001,LOC02,23,0,synthetic
2025-08-12,SKU001,LOC03,22,0,synthetic
2025-08-13,SKU001,LOC03,24,0,synthetic
2025-08-14,SKU001,LOC02,26,0,synthetic
2025-08-15,SKU001,LOC02,22,0,synthetic
2025-08-16,SKU001,LOC02,27,0,synthetic
2025-08-17,SKU001,LOC02,34,0,synthetic
2025-08-18,SKU001,LOC02,23,0,synthetic
2025-08-19,SKU001,LOC02,22,0,synthetic
2025-08-20,SKU001,LOC02,20,0,synthetic
2025-08-21,SKU001,LOC02,14,0,synthetic
2025-08-22,SKU001,LOC02,32,0,synthetic
2025-08-23,SKU001,LOC02,31,0,synthetic
2025-08-24,SKU001,LOC02,25,0,synthetic
2025-08-25,SKU001,LOC03,30,0,synthetic
2025-08-26,SKU001,LOC03,25,0,synthetic
2025-08-27,SKU001,LOC03,32,0,synthetic
2025-08-28,SKU001,LOC03,24,0,synthetic
2025-08-29,SKU001,LOC02,25,0,synthetic
2025-08-30,SKU001,LOC02,29,0,synthetic
2025-08-31,SKU001,LOC02,33,0,synthetic
2025-09-01,SKU001,LOC03,26,0,synthetic
2025-09-02,SKU001,LOC02,27,0,synthetic
2025-09-03,SKU001,LOC03,24,0,synthetic
2025-09-04,SKU001,LOC02,34,1,synthetic
2025-09-05,SKU001,LOC03,23,0,synthetic
2025-09-06,SKU001,LOC02,30,0,synthetic
2025-09-07,SKU001,LOC03,33,0,synthetic
2025-09-08,SKU001,LOC02,24,0,synthetic
2025-09-09,SKU001,LOC03,28,0,synthetic
2025-09-10,SKU001,LOC03,32,1,synthetic
2025-09-11,SKU001,LOC02,26,0,synthetic
2025-09-12,SKU001,LOC02,27,0,synthetic
2025-09-13,SKU001,LOC03,35,0,synthetic
2025-09-14,SKU001,LOC02,30,0,synthetic
2025-09-15,SKU001,LOC03,19,0,synthetic
2025-09-16,SKU001,LOC02,26,0,synthetic
2025-09-17,SKU001,LOC02,30,1,synthetic
2025-09-18,SKU001,LOC03,22,0,synthetic
2025-09-19,SKU001,LOC03,26,0,synthetic
2025-09-20,SKU001,LOC02,29,0,synthetic
2025-09-21,SKU001,LOC02,33,0,synthetic
2025-09-22,SKU001,LOC02,24,0,synthetic
2025-09-23,SKU001,LOC03,28,0,synthetic
2025-09-24,SKU001,LOC02,25,0,synthetic
2025-09-25,SKU001,LOC03,29,0,synthetic
2025-09-26,SKU001,LOC03,23,0,synthetic
2025-09-27,SKU001,LOC03,27,0,synthetic
2025-09-28,SKU001,LOC03,23,0,synthetic
2025-09-29,SKU001,LOC03,24,0,synthetic
2025-09-30,SKU001,LOC03,28,0,synthetic
2025-10-01,SKU001,LOC03,22,0,synthetic
2025-10-02,SKU001,LOC03,26,0,synthetic
2025-10-03,SKU001,LOC03,29,0,synthetic
2025-10-04,SKU001,LOC02,35,0,synthetic
2025-10-05,SKU001,LOC03,25,0,synthetic
2025-10-06,SKU001,LOC02,27,0,synthetic
2025-10-07,SKU001,LOC03,22,0,synthetic
2025-10-08,SKU001,LOC03,24,0,synthetic
2025-10-09,SKU001,LOC03,26,0,synthetic
2025-10-10,SKU001,LOC03,27,0,synthetic
2025-10-11,SKU001,LOC03,31,0,synthetic
2025-10-12,SKU001,LOC02,27,0,synthetic
2025-10-13,SKU001,LOC03,30,0,synthetic
2025-10-14,SKU001,LOC02,25,0,synthetic
2025-10-15,SKU001,LOC03,25,0,synthetic
2025-10-16,SKU001,LOC02,24,0,synthetic
2025-10-17,SKU001,LOC02,24,0,synthetic
2025-10-18,SKU001,LOC03,29,0,synthetic
2025-10-19,SKU001,LOC02,26,0,synthetic
2025-10-20,SKU001,LOC03,27,0,synthetic
2025-10-21,SKU001,LOC02,18,0,synthetic
2025-10-22,SKU001,LOC02,25,0,synthetic
2025-10-23,SKU001,LOC02,26,0,synthetic
2025-10-24,SKU001,LOC03,23,0,synthetic
2025-10-25,SKU001,LOC03,31,0,synthetic
2025-10-26,SKU001,LOC02,30,0,synthetic
2025-10-27,SKU001,LOC02,21,0,synthetic
2025-10-28,SKU001,LOC03,25,0,synthetic
2025-10-29,SKU001,LOC03,24,0,synthetic
2025-10-30,SKU001,LOC03,25,0,synthetic
2025-10-31,SKU001,LOC02,23,0,synthetic
2025-11-01,SKU001,LOC03,25,0,synthetic
2025-11-02,SKU001,LOC03,32,0,synthetic
2025-11-03,SKU001,LOC03,21,0,synthetic
2025-11-04,SKU001,LOC03,32,1,synthetic
2025-11-05,SKU001,LOC03,22,0,synthetic
2025-11-06,SKU001,LOC02,20,0,synthetic
2025-11-07,SKU001,LOC03,31,0,synthetic
2025-11-08,SKU001,LOC02,30,0,synthetic
2025-11-09,SKU001,LOC03,30,0,synthetic
2025-11-10,SKU001,LOC02,25,0,synthetic
2025-11-11,SKU001,LOC03,24,0,synthetic
2025-11-12,SKU001,LOC02,27,0,synthetic
2025-11-13,SKU001,LOC03,21,0,synthetic
2025-11-14,SKU001,LOC03,24,0,synthetic
2025-11-15,SKU001,LOC02,33,0,synthetic
2025-11-16,SKU001,LOC02,25,0,synthetic
2025-11-17,SKU001,LOC03,38,1,synthetic
2025-11-18,SKU001,LOC03,25,0,synthetic
2025-11-19,SKU001,LOC02,25,0,synthetic
2025-11-20,SKU001,LOC02,19,0,synthetic
2025-11-21,SKU001,LOC03,34,0,synthetic
2025-11-22,SKU001,LOC03,26,0,synthetic
2025-11-23,SKU001,LOC02,38,1,synthetic
2025-11-24,SKU001,LOC02,28,0,synthetic
2025-11-25,SKU001,LOC03,28,0,synthetic
2025-11-26,SKU001,LOC03,22,0,synthetic
2025-11-27,SKU001,LOC03,22,0,synthetic
2025-11-28,SKU001,LOC03,31,0,synthetic
2025-11-29,SKU001,LOC02,26,0,synthetic
2025-11-30,SKU001,LOC02,31,0,synthetic
2025-12-01,SKU001,LOC02,23,0,synthetic
2025-12-02,SKU001,LOC02,25,0,synthetic
2025-12-03,SKU001,LOC02,26,0,synthetic
2025-12-04,SKU001,LOC02,19,0,synthetic
2025-12-05,SKU001,LOC02,26,0,synthetic
2025-12-06,SKU001,LOC02,25,0,synthetic
2025-12-07,SKU001,LOC03,26,0,synthetic
2025-12-08,SKU001,LOC03,23,0,synthetic
2025-12-09,SKU001,LOC03,23,0,synthetic
2025-12-10,SKU001,LOC02,20,0,synthetic
2025-12-11,SKU001,LOC03,29,0,synthetic
2025-12-12,SKU001,LOC03,28,0,synthetic
2025-12-13,SKU001,LOC03,27,0,synthetic
2025-12-14,SKU001,LOC02,29,0,synthetic
2025-12-15,SKU001,LOC03,32,0,synthetic
2025-12-16,SKU001,LOC03,23,0,synthetic
2025-12-17,SKU001,LOC03,20,0,synthetic
2025-12-18,SKU001,LOC03,26,0,synthetic
2025-12-19,SKU001,LOC02,28,0,synthetic
2025-12-20,SKU001,LOC02,39,0,synthetic
2025-12-21,SKU001,LOC03,31,0,synthetic
2025-12-22,SKU001,LOC02,29,0,synthetic
2025-12-23,SKU001,LOC03,28,0,synthetic
2025-12-24,SKU001,LOC03,22,0,synthetic
2025-12-25,SKU001,LOC03,24,0,synthetic
2025-12-26,SKU001,LOC02,24,0,synthetic
2025-12-27,SKU001,LOC03,28,0,synthetic
2025-12-28,SKU001,LOC03,25,0,synthetic
2025-12-29,SKU001,LOC02,30,0,synthetic
2025-12-30,SKU001,LOC03,30,0,synthetic
2025-12-31,SKU001,LOC03,24,0,synthetic
2026-01-01,SKU001,LOC02,16,0,synthetic
2026-01-02,SKU001,LOC02,16,0,synthetic
2026-01-03,SKU001,LOC03,28,0,synthetic
2026-01-04,SKU001,LOC02,25,0,synthetic
2026-01-05,SKU001,LOC02,17,0,synthetic
2026-01-06,SKU001,LOC02,23,0,synthetic
2026-01-07,SKU001,LOC02,18,0,synthetic
2026-01-08,SKU001,LOC02,27,0,synthetic
2026-01-09,SKU001,LOC02,25,0,synthetic
2026-01-10,SKU001,LOC03,30,0,synthetic
2026-01-11,SKU001,LOC03,28,0,synthetic
2026-01-12,SKU001,LOC03,25,0,synthetic
2026-01-13,SKU001,LOC03,23,0,synthetic
2026-01-14,SKU001,LOC03,23,0,synthetic
2026-01-15,SKU001,LOC03,28,0,synthetic
2026-01-16,SKU001,LOC03,21,0,synthetic
2026-01-17,SKU001,LOC02,32,0,synthetic
2026-01-18,SKU001,LOC03,24,0,synthetic
2026-01-19,SKU001,LOC02,23,0,synthetic
2026-01-20,SKU001,LOC02,22,0,synthetic
2026-01-21,SKU001,LOC03,25,0,synthetic
2026-01-22,SKU001,LOC02,26,0,synthetic
2026-01-23,SKU001,LOC02,22,0,synthetic
2026-01-24,SKU001,LOC03,27,0,synthetic
2026-01-25,SKU001,LOC03,29,0,synthetic
2026-01-26,SKU001,LOC03,24,0,synthetic
2026-01-27,SKU001,LOC02,25,0,synthetic
2026-01-28,SKU001,LOC03,20,0,synthetic
2026-01-29,SKU001,LOC03,34,1,synthetic
2026-01-30,SKU001,LOC03,18,0,synthetic
2026-01-31,SKU001,LOC03,24,0,synthetic
2026-02-01,SKU001,LOC02,22,0,synthetic
2026-02-02,SKU001,LOC03,24,0,synthetic
2026-02-03,SKU001,LOC03,25,0,synthetic
2026-02-04,SKU001,LOC03,22,0,synthetic
2026-02-05,SKU001,LOC02,22,0,synthetic
2026-02-06,SKU001,LOC02,20,0,synthetic
2026-02-07,SKU001,LOC03,28,0,synthetic
2026-02-08,SKU001,LOC02,28,0,synthetic
2026-02-09,SKU001,LOC03,20,0,synthetic
2026-02-10,SKU001,LOC02,23,0,synthetic
2026-02-11,SKU001,LOC03,35,1,synthetic
2026-02-12,SKU001,LOC02,23,0,synthetic
2026-02-13,SKU001,LOC03,26,0,synthetic
2026-02-14,SKU001,LOC02,25,0,synthetic
2026-02-15,SKU001,LOC03,24,0,synthetic
2026-02-16,SKU001,LOC02,27,0,synthetic
2026-02-17,SKU001,LOC03,22,0,synthetic
2026-02-18,SKU001,LOC03,20,0,synthetic
2026-02-19,SKU001,LOC02,23,0,synthetic
2026-02-20,SKU001,LOC03,21,0,synthetic
2026-02-21,SKU001,LOC02,28,0,synthetic
2026-02-22,SKU001,LOC03,32,0,synthetic
2026-02-23,SKU001,LOC02,23,0,synthetic
2026-02-24,SKU001,LOC02,20,0,synthetic
2026-02-25,SKU001,LOC03,28,0,synthetic
2026-02-26,SKU001,LOC03,24,0,synthetic
2026-02-27,SKU001,LOC02,36,1,synthetic
2026-02-28,SKU001,LOC02,24,0,synthetic
2026-03-01,SKU001,LOC02,23,0,synthetic
2026-03-02,SKU001,LOC02,18,0,synthetic
2026-03-03,SKU001,LOC03,25,0,synthetic
2026-03-04,SKU001,LOC02,26,0,synthetic
2026-03-05,SKU001,LOC03,22,0,synthetic
2026-03-06,SKU001,LOC02,21,0,synthetic
2026-03-07,SKU001,LOC02,27,0,synthetic
2026-03-08,SKU001,LOC02,39,1,synthetic
2026-03-09,SKU001,LOC02,22,0,synthetic
2026-03-10,SKU001,LOC02,19,0,synthetic
2026-03-11,SKU001,LOC02,28,0,synthetic
2026-03-12,SKU001,LOC02,25,0,synthetic
2026-03-13,SKU001,LOC02,22,0,synthetic
2026-03-14,SKU001,LOC03,27,0,synthetic
2026-03-15,SKU001,LOC02,25,0,synthetic
2026-03-16,SKU001,LOC02,28,0,synthetic
2026-03-17,SKU001,LOC02,26,0,synthetic
2026-03-18,SKU001,LOC03,20,0,synthetic
2026-03-19,SKU001,LOC02,27,0,synthetic
2026-03-20,SKU001,LOC02,22,0,synthetic
2026-03-21,SKU001,LOC03,28,0,synthetic
2026-03-22,SKU001,LOC03,28,0,synthetic
2026-03-23,SKU001,LOC03,25,0,synthetic
2026-03-24,SKU001,LOC03,23,0,synthetic
2026-03-25,SKU001,LOC02,24,0,synthetic
2026-03-26,SKU001,LOC02,28,0,synthetic
2026-03-27,SKU001,LOC03,28,0,synthetic
2026-03-28,SKU001,LOC02,28,0,synthetic
2026-03-29,SKU001,LOC03,30,0,synthetic
2026-03-30,SKU001,LOC03,19,0,synthetic
2026-03-31,SKU001,LOC03,28,0,synthetic
2026-04-01,SKU001,LOC03,26,0,synthetic
2026-04-02,SKU001,LOC02,21,0,synthetic
2026-04-03,SKU001,LOC02,28,0,synthetic
2026-04-04,SKU001,LOC02,27,0,synthetic
2026-04-05,SKU001,LOC03,29,0,synthetic
2026-04-06,SKU001,LOC02,28,0,synthetic
2026-04-07,SKU001,LOC02,24,0,synthetic
2026-04-08,SKU001,LOC03,26,0,synthetic
2026-04-09,SKU001,LOC02,31,0,synthetic
2026-04-10,SKU001,LOC03,22,0,synthetic
2026-04-11,SKU001,LOC02,30,0,synthetic
2026-04-12,SKU001,LOC02,26,0,synthetic
2026-04-13,SKU001,LOC02,19,0,synthetic
2026-04-14,SKU001,LOC03,32,0,synthetic
2026-04-15,SKU001,LOC03,27,0,synthetic
2026-04-16,SKU001,LOC02,27,0,synthetic
2026-04-17,SKU001,LOC03,25,0,synthetic
2026-04-18,SKU001,LOC02,26,0,synthetic
2026-04-19,SKU001,LOC02,27,0,synthetic
2026-04-20,SKU001,LOC02,24,0,synthetic
2026-04-21,SKU001,LOC02,31,0,synthetic
2026-04-22,SKU001,LOC03,28,0,synthetic
2026-04-23,SKU001,LOC03,26,0,synthetic
2026-04-24,SKU001,LOC02,29,0,synthetic
2026-04-25,SKU001,LOC02,31,0,synthetic
2026-04-26,SKU001,LOC02,22,0,synthetic
2026-04-27,SKU001,LOC02,26,0,synthetic
2026-04-28,SKU001,LOC03,31,0,synthetic
2026-04-29,SKU001,LOC02,22,0,synthetic
2026-04-30,SKU001,LOC02,26,0,synthetic
2026-05-01,SKU001,LOC02,33,0,synthetic
2026-05-02,SKU001,LOC02,33,0,synthetic
2026-05-03,SKU001,LOC02,32,0,synthetic
2026-05-04,SKU001,LOC02,30,0,synthetic
2026-05-05,SKU001,LOC02,28,0,synthetic
2026-05-06,SKU001,LOC03,33,0,synthetic
2026-05-07,SKU001,LOC03,31,0,synthetic
2026-05-08,SKU001,LOC02,33,0,synthetic
2026-05-09,SKU001,LOC03,33,0,synthetic
2026-05-10,SKU001,LOC02,35,0,synthetic
2026-05-11,SKU001,LOC02,26,0,synthetic
2026-05-12,SKU001,LOC03,25,0,synthetic
2026-05-13,SKU001,LOC03,30,0,synthetic
2026-05-14,SKU001,LOC02,27,0,synthetic
2026-05-15,SKU001,LOC02,24,0,synthetic
2026-05-16,SKU001,LOC02,32,0,synthetic
2026-05-17,SKU001,LOC02,34,0,synthetic
2026-05-18,SKU001,LOC02,31,0,synthetic
2026-05-19,SKU001,LOC03,28,0,synthetic
2026-05-20,SKU001,LOC02,26,0,synthetic
2026-05-21,SKU001,LOC02,26,0,synthetic
2026-05-22,SKU001,LOC03,25,0,synthetic
2026-05-23,SKU001,LOC02,38,0,synthetic
2026-05-24,SKU001,LOC02,29,0,synthetic
2026-05-25,SKU001,LOC03,27,0,synthetic
2026-05-26,SKU001,LOC03,30,0,synthetic
2026-05-27,SKU001,LOC02,24,0,synthetic
2026-05-28,SKU001,LOC03,31,0,synthetic
2026-05-29,SKU001,LOC02,26,0,synthetic
2026-05-30,SKU001,LOC02,35,0,synthetic
2026-05-31,SKU001,LOC02,38,0,synthetic
2026-06-01,SKU001,LOC02,31,0,synthetic
2026-06-02,SKU001,LOC02,32,0,synthetic
2026-06-03,SKU001,LOC02,28,0,synthetic
2026-06-04,SKU001,LOC03,27,0,synthetic
2026-06-05,SKU001,LOC02,26,0,synthetic
2026-06-06,SKU001,LOC03,36,0,synthetic
2026-06-07,SKU001,LOC02,33,0,synthetic
2026-06-08,SKU001,LOC03,27,0,synthetic
2026-06-09,SKU001,LOC02,33,0,synthetic
2026-06-10,SKU001,LOC02,33,0,synthetic
2026-06-11,SKU001,LOC03,33,0,synthetic
2026-06-12,SKU001,LOC02,31,0,synthetic
2026-06-13,SKU001,LOC02,33,0,synthetic
2026-06-14,SKU001,LOC03,27,0,synthetic
2026-06-15,SKU001,LOC02,32,0,synthetic
2026-06-16,SKU001,LOC03,27,0,synthetic
2026-06-17,SKU001,LOC03,28,0,synthetic
2026-06-18,SKU001,LOC03,30,0,synthetic
2026-06-19,SKU001,LOC03,28,0,synthetic
2026-06-20,SKU001,LOC03,31,0,synthetic
2026-06-21,SKU001,LOC03,28,0,synthetic
2026-06-22,SKU001,LOC03,31,0,synthetic
2026-06-23,SKU001,LOC02,30,0,synthetic
2026-06-24,SKU001,LOC03,26,0,synthetic
2026-06-25,SKU001,LOC02,30,0,synthetic
2026-06-26,SKU001,LOC03,30,0,synthetic
2026-06-27,SKU001,LOC03,34,0,synthetic
2026-06-28,SKU001,LOC02,36,0,synthetic
2026-06-29,SKU001,LOC02,31,0,synthetic
2026-06-30,SKU001,LOC02,28,0,synthetic
2026-07-01,SKU001,LOC02,28,0,synthetic
2026-07-02,SKU001,LOC03,24,0,synthetic
2026-07-03,SKU001,LOC03,26,0,synthetic
2026-07-04,SKU001,LOC02,33,0,synthetic
2026-07-05,SKU001,LOC03,31,0,synthetic
2026-07-06,SKU001,LOC03,27,0,synthetic
2026-07-07,SKU001,LOC03,30,0,synthetic
2026-07-08,SKU001,LOC02,32,0,synthetic
2026-07-09,SKU001,LOC02,32,0,synthetic
2026-07-10,SKU001,LOC03,33,0,synthetic
2026-07-11,SKU001,LOC02,33,0,synthetic
2026-07-12,SKU001,LOC03,34,0,synthetic
2026-07-13,SKU001,LOC02,28,0,synthetic
2026-07-14,SKU001,LOC02,33,0,synthetic
2026-07-15,SKU001,LOC02,24,0,synthetic
2026-07-16,SKU001,LOC02,31,0,synthetic
2026-07-17,SKU001,LOC02,30,0,synthetic
2026-07-18,SKU001,LOC03,33,0,synthetic
2026-07-19,SKU001,LOC02,32,0,synthetic
2026-07-20,SKU001,LOC03,31,0,synthetic
2026-07-21,SKU001,LOC02,31,0,synthetic
2026-07-22,SKU001,LOC03,35,0,synthetic
2026-07-23,SKU001,LOC02,27,0,synthetic
2026-07-24,SKU001,LOC02,29,0,synthetic
2026-07-25,SKU001,LOC03,28,0,synthetic
2026-07-26,SKU001,LOC02,27,0,synthetic
2026-07-27,SKU001,LOC02,34,0,synthetic
2026-07-28,SKU001,LOC03,24,0,synthetic
2026-07-29,SKU001,LOC03,32,0,synthetic
2026-07-30,SKU001,LOC02,25,0,synthetic
2026-07-31,SKU001,LOC03,25,0,synthetic
2026-08-01,SKU001,LOC02,24,0,synthetic
2026-08-02,SKU001,LOC02,29,0,synthetic
2026-08-03,SKU001,LOC02,24,0,synthetic
2026-08-04,SKU001,LOC02,26,0,synthetic
2026-08-05,SKU001,LOC02,26,0,synthetic
2025-08-06,SKU002,LOC02,30,0,synthetic
2025-08-07,SKU002,LOC02,46,0,synthetic
2025-08-08,SKU002,LOC02,36,0,synthetic
2025-08-09,SKU002,LOC03,39,0,synthetic
2025-08-10,SKU002,LOC03,40,0,synthetic
2025-08-11,SKU002,LOC03,41,0,synthetic
2025-08-12,SKU002,LOC02,44,0,synthetic
2025-08-13,SKU002,LOC02,47,0,synthetic
2025-08-14,SKU002,LOC02,41,0,synthetic
2025-08-15,SKU002,LOC02,37,0,synthetic
2025-08-16,SKU002,LOC03,43,0,synthetic
2025-08-17,SKU002,LOC03,45,0,synthetic
2025-08-18,SKU002,LOC03,40,0,synthetic
2025-08-19,SKU002,LOC03,44,0,synthetic
2025-08-20,SKU002,LOC03,37,0,synthetic
2025-08-21,SKU002,LOC02,44,0,synthetic
2025-08-22,SKU002,LOC03,32,0,synthetic
2025-08-23,SKU002,LOC03,49,0,synthetic
2025-08-24,SKU002,LOC03,32,0,synthetic
2025-08-25,SKU002,LOC02,40,0,synthetic
2025-08-26,SKU002,LOC02,36,0,synthetic
2025-08-27,SKU002,LOC03,49,0,synthetic
2025-08-28,SKU002,LOC03,34,0,synthetic
2025-08-29,SKU002,LOC02,40,0,synthetic
2025-08-30,SKU002,LOC02,41,0,synthetic
2025-08-31,SKU002,LOC02,44,0,synthetic
2025-09-01,SKU002,LOC02,45,0,synthetic
2025-09-02,SKU002,LOC03,52,0,synthetic
2025-09-03,SKU002,LOC03,35,0,synthetic
2025-09-04,SKU002,LOC03,37,0,synthetic
2025-09-05,SKU002,LOC03,29,0,synthetic
2025-09-06,SKU002,LOC03,46,0,synthetic
2025-09-07,SKU002,LOC03,50,0,synthetic
2025-09-08,SKU002,LOC02,33,0,synthetic
2025-09-09,SKU002,LOC03,36,0,synthetic
2025-09-10,SKU002,LOC03,40,0,synthetic
2025-09-11,SKU002,LOC03,39,0,synthetic
2025-09-12,SKU002,LOC02,38,0,synthetic
2025-09-13,SKU002,LOC03,51,0,synthetic
2025-09-14,SKU002,LOC02,44,0,synthetic
2025-09-15,SKU002,LOC03,39,0,synthetic
2025-09-16,SKU002,LOC02,42,0,synthetic
2025-09-17,SKU002,LOC02,35,0,synthetic
2025-09-18,SKU002,LOC02,41,0,synthetic
2025-09-19,SKU002,LOC03,41,0,synthetic
2025-09-20,SKU002,LOC03,43,0,synthetic
2025-09-21,SKU002,LOC03,46,0,synthetic
2025-09-22,SKU002,LOC03,36,0,synthetic
2025-09-23,SKU002,LOC02,40,0,synthetic
2025-09-24,SKU002,LOC03,45,0,synthetic
2025-09-25,SKU002,LOC02,34,0,synthetic
2025-09-26,SKU002,LOC03,36,0,synthetic
2025-09-27,SKU002,LOC03,39,0,synthetic
2025-09-28,SKU002,LOC03,47,0,synthetic
2025-09-29,SKU002,LOC02,39,0,synthetic
2025-09-30,SKU002,LOC02,39,0,synthetic
2025-10-01,SKU002,LOC02,41,0,synthetic
2025-10-02,SKU002,LOC03,42,0,synthetic
2025-10-03,SKU002,LOC02,35,0,synthetic
2025-10-04,SKU002,LOC03,36,0,synthetic
2025-10-05,SKU002,LOC02,46,0,synthetic
2025-10-06,SKU002,LOC02,42,0,synthetic
2025-10-07,SKU002,LOC03,45,0,synthetic
2025-10-08,SKU002,LOC03,37,0,synthetic
2025-10-09,SKU002,LOC03,37,0,synthetic
2025-10-10,SKU002,LOC02,34,0,synthetic
2025-10-11,SKU002,LOC03,47,0,synthetic
2025-10-12,SKU002,LOC02,44,0,synthetic
2025-10-13,SKU002,LOC02,39,0,synthetic
2025-10-14,SKU002,LOC03,39,0,synthetic
2025-10-15,SKU002,LOC02,41,0,synthetic
2025-10-16,SKU002,LOC02,41,0,synthetic
2025-10-17,SKU002,LOC02,24,0,synthetic
2025-10-18,SKU002,LOC02,43,0,synthetic
2025-10-19,SKU002,LOC02,44,0,synthetic
2025-10-20,SKU002,LOC03,42,0,synthetic
2025-10-21,SKU002,LOC02,45,0,synthetic
2025-10-22,SKU002,LOC02,42,0,synthetic
2025-10-23,SKU002,LOC03,35,0,synthetic
2025-10-24,SKU002,LOC02,49,0,synthetic
2025-10-25,SKU002,LOC02,39,0,synthetic
2025-10-26,SKU002,LOC02,38,0,synthetic
2025-10-27,SKU002,LOC03,46,0,synthetic
2025-10-28,SKU002,LOC03,34,0,synthetic
2025-10-29,SKU002,LOC03,36,0,synthetic
2025-10-30,SKU002,LOC03,43,0,synthetic
2025-10-31,SKU002,LOC03,46,0,synthetic
2025-11-01,SKU002,LOC03,46,0,synthetic
2025-11-02,SKU002,LOC02,47,0,synthetic
2025-11-03,SKU002,LOC03,39,0,synthetic
2025-11-04,SKU002,LOC03,45,0,synthetic
2025-11-05,SKU002,LOC02,47,0,synthetic
2025-11-06,SKU002,LOC02,36,0,synthetic
2025-11-07,SKU002,LOC03,41,0,synthetic
2025-11-08,SKU002,LOC02,45,0,synthetic
2025-11-09,SKU002,LOC03,41,0,synthetic
2025-11-10,SKU002,LOC03,44,0,synthetic
2025-11-11,SKU002,LOC02,40,0,synthetic
2025-11-12,SKU002,LOC02,37,0,synthetic
2025-11-13,SKU002,LOC03,43,0,synthetic
2025-11-14,SKU002,LOC03,38,0,synthetic
2025-11-15,SKU002,LOC03,39,0,synthetic
2025-11-16,SKU002,LOC03,38,0,synthetic
2025-11-17,SKU002,LOC03,44,0,synthetic
2025-11-18,SKU002,LOC02,43,0,synthetic
2025-11-19,SKU002,LOC02,43,0,synthetic
2025-11-20,SKU002,LOC03,34,0,synthetic
2025-11-21,SKU002,LOC03,37,0,synthetic
2025-11-22,SKU002,LOC03,52,0,synthetic
2025-11-23,SKU002,LOC02,48,0,synthetic
2025-11-24,SKU002,LOC02,48,0,synthetic
2025-11-25,SKU002,LOC02,38,0,synthetic
2025-11-26,SKU002,LOC02,39,0,synthetic
2025-11-27,SKU002,LOC02,42,0,synthetic
2025-11-28,SKU002,LOC03,49,0,synthetic
2025-11-29,SKU002,LOC02,42,0,synthetic
2025-11-30,SKU002,LOC03,49,0,synthetic
2025-12-01,SKU002,LOC03,37,0,synthetic
2025-12-02,SKU002,LOC02,41,0,synthetic
2025-12-03,SKU002,LOC02,39,0,synthetic
2025-12-04,SKU002,LOC02,41,0,synthetic
2025-12-05,SKU002,LOC02,29,0,synthetic
2025-12-06,SKU002,LOC02,51,0,synthetic
2025-12-07,SKU002,LOC02,42,0,synthetic
2025-12-08,SKU002,LOC03,36,0,synthetic
2025-12-09,SKU002,LOC02,41,0,synthetic
2025-12-10,SKU002,LOC03,41,0,synthetic
2025-12-11,SKU002,LOC02,39,0,synthetic
2025-12-12,SKU002,LOC02,40,0,synthetic
2025-12-13,SKU002,LOC02,44,0,synthetic
2025-12-14,SKU002,LOC03,50,0,synthetic
2025-12-15,SKU002,LOC02,41,0,synthetic
2025-12-16,SKU002,LOC03,44,0,synthetic
2025-12-17,SKU002,LOC02,46,0,synthetic
2025-12-18,SKU002,LOC02,37,0,synthetic
2025-12-19,SKU002,LOC02,32,0,synthetic
2025-12-20,SKU002,LOC03,41,0,synthetic
2025-12-21,SKU002,LOC03,46,0,synthetic
2025-12-22,SKU002,LOC03,40,1,synthetic
2025-12-23,SKU002,LOC02,44,1,synthetic
2025-12-24,SKU002,LOC03,32,0,synthetic
2025-12-25,SKU002,LOC03,41,0,synthetic
2025-12-26,SKU002,LOC03,34,0,synthetic
2025-12-27,SKU002,LOC02,47,0,synthetic
2025-12-28,SKU002,LOC02,54,1,synthetic
2025-12-29,SKU002,LOC02,37,0,synthetic
2025-12-30,SKU002,LOC03,34,0,synthetic
2025-12-31,SKU002,LOC02,46,0,synthetic
2026-01-01,SKU002,LOC02,35,0,synthetic
2026-01-02,SKU002,LOC02,35,0,synthetic
2026-01-03,SKU002,LOC02,45,0,synthetic
2026-01-04,SKU002,LOC02,41,0,synthetic
2026-01-05,SKU002,LOC02,39,0,synthetic
2026-01-06,SKU002,LOC02,29,0,synthetic
2026-01-07,SKU002,LOC03,39,0,synthetic
2026-01-08,SKU002,LOC03,37,0,synthetic
2026-01-09,SKU002,LOC03,49,1,synthetic
2026-01-10,SKU002,LOC03,40,0,synthetic
2026-01-11,SKU002,LOC03,40,0,synthetic
2026-01-12,SKU002,LOC03,39,0,synthetic
2026-01-13,SKU002,LOC03,39,0,synthetic
2026-01-14,SKU002,LOC03,43,0,synthetic
2026-01-15,SKU002,LOC03,31,0,synthetic
2026-01-16,SKU002,LOC03,30,0,synthetic
2026-01-17,SKU002,LOC03,30,0,synthetic
2026-01-18,SKU002,LOC03,37,0,synthetic
2026-01-19,SKU002,LOC03,33,0,synthetic
2026-01-20,SKU002,LOC02,26,0,synthetic
2026-01-21,SKU002,LOC02,36,0,synthetic
2026-01-22,SKU002,LOC02,32,0,synthetic
2026-01-23,SKU002,LOC02,32,0,synthetic
2026-01-24,SKU002,LOC02,44,0,synthetic
2026-01-25,SKU002,LOC02,36,0,synthetic
2026-01-26,SKU002,LOC03,29,0,synthetic
2026-01-27,SKU002,LOC02,28,0,synthetic
2026-01-28,SKU002,LOC02,38,0,synthetic
2026-01-29,SKU002,LOC03,37,0,synthetic
2026-01-30,SKU002,LOC03,38,0,synthetic
2026-01-31,SKU002,LOC03,40,0,synthetic
2026-02-01,SKU002,LOC02,42,0,synthetic
2026-02-02,SKU002,LOC02,34,0,synthetic
2026-02-03,SKU002,LOC02,41,0,synthetic
2026-02-04,SKU002,LOC03,30,0,synthetic
2026-02-05,SKU002,LOC03,37,0,synthetic
2026-02-06,SKU002,LOC03,37,0,synthetic
2026-02-07,SKU002,LOC03,39,0,synthetic
2026-02-08,SKU002,LOC02,39,0,synthetic
2026-02-09,SKU002,LOC02,25,0,synthetic
2026-02-10,SKU002,LOC03,32,0,synthetic
2026-02-11,SKU002,LOC03,36,0,synthetic
2026-02-12,SKU002,LOC02,40,0,synthetic
2026-02-13,SKU002,LOC02,43,0,synthetic
2026-02-14,SKU002,LOC03,35,0,synthetic
2026-02-15,SKU002,LOC02,41,0,synthetic
2026-02-16,SKU002,LOC02,37,0,synthetic
2026-02-17,SKU002,LOC02,26,0,synthetic
2026-02-18,SKU002,LOC02,36,0,synthetic
2026-02-19,SKU002,LOC03,33,0,synthetic
2026-02-20,SKU002,LOC03,32,0,synthetic
2026-02-21,SKU002,LOC02,34,0,synthetic
2026-02-22,SKU002,LOC03,48,0,synthetic
2026-02-23,SKU002,LOC02,38,0,synthetic
2026-02-24,SKU002,LOC02,27,0,synthetic
2026-02-25,SKU002,LOC03,41,0,synthetic
2026-02-26,SKU002,LOC03,34,0,synthetic
2026-02-27,SKU002,LOC02,32,0,synthetic
2026-02-28,SKU002,LOC02,36,0,synthetic
2026-03-01,SKU002,LOC02,45,0,synthetic
2026-03-02,SKU002,LOC03,37,0,synthetic
2026-03-03,SKU002,LOC03,39,0,synthetic
2026-03-04,SKU002,LOC03,41,0,synthetic
2026-03-05,SKU002,LOC02,38,0,synthetic
2026-03-06,SKU002,LOC03,42,0,synthetic
2026-03-07,SKU002,LOC03,68,1,synthetic
2026-03-08,SKU002,LOC03,44,0,synthetic
2026-03-09,SKU002,LOC03,37,0,synthetic
2026-03-10,SKU002,LOC02,38,0,synthetic
2026-03-11,SKU002,LOC03,38,0,synthetic
2026-03-12,SKU002,LOC02,42,0,synthetic
2026-03-13,SKU002,LOC02,36,0,synthetic
2026-03-14,SKU002,LOC02,42,0,synthetic
2026-03-15,SKU002,LOC02,38,0,synthetic
2026-03-16,SKU002,LOC03,48,1,synthetic
2026-03-17,SKU002,LOC03,38,0,synthetic
2026-03-18,SKU002,LOC03,42,0,synthetic
2026-03-19,SKU002,LOC02,27,0,synthetic
2026-03-20,SKU002,LOC03,30,0,synthetic
2026-03-21,SKU002,LOC03,60,1,synthetic
2026-03-22,SKU002,LOC02,45,0,synthetic
2026-03-23,SKU002,LOC03,54,1,synthetic
2026-03-24,SKU002,LOC02,50,0,synthetic
2026-03-25,SKU002,LOC03,45,0,synthetic
2026-03-26,SKU002,LOC03,49,1,synthetic
2026-03-27,SKU002,LOC02,42,0,synthetic
2026-03-28,SKU002,LOC03,42,0,synthetic
2026-03-29,SKU002,LOC02,44,0,synthetic
2026-03-30,SKU002,LOC02,36,0,synthetic
2026-03-31,SKU002,LOC03,42,0,synthetic
2026-04-01,SKU002,LOC02,34,0,synthetic
2026-04-02,SKU002,LOC03,40,0,synthetic
2026-04-03,SKU002,LOC03,35,0,synthetic
2026-04-04,SKU002,LOC02,45,0,synthetic
2026-04-05,SKU002,LOC03,46,0,synthetic
2026-04-06,SKU002,LOC02,37,0,synthetic
2026-04-07,SKU002,LOC02,44,0,synthetic
2026-04-08,SKU002,LOC02,34,0,synthetic
2026-04-09,SKU002,LOC02,37,0,synthetic
2026-04-10,SKU002,LOC03,37,0,synthetic
2026-04-11,SKU002,LOC03,44,0,synthetic
2026-04-12,SKU002,LOC02,42,0,synthetic
2026-04-13,SKU002,LOC03,50,0,synthetic
2026-04-14,SKU002,LOC03,34,0,synthetic
2026-04-15,SKU002,LOC02,39,0,synthetic
2026-04-16,SKU002,LOC02,28,0,synthetic
2026-04-17,SKU002,LOC02,39,0,synthetic
2026-04-18,SKU002,LOC03,50,0,synthetic
2026-04-19,SKU002,LOC02,39,0,synthetic
2026-04-20,SKU002,LOC03,38,0,synthetic
2026-04-21,SKU002,LOC02,36,0,synthetic
2026-04-22,SKU002,LOC02,43,0,synthetic
2026-04-23,SKU002,LOC03,46,0,synthetic
2026-04-24,SKU002,LOC02,37,0,synthetic
2026-04-25,SKU002,LOC02,45,0,synthetic
2026-04-26,SKU002,LOC02,47,0,synthetic
2026-04-27,SKU002,LOC03,31,0,synthetic
2026-04-28,SKU002,LOC02,41,0,synthetic
2026-04-29,SKU002,LOC02,42,0,synthetic
2026-04-30,SKU002,LOC02,44,0,synthetic
2026-05-01,SKU002,LOC03,46,0,synthetic
2026-05-02,SKU002,LOC02,51,0,synthetic
2026-05-03,SKU002,LOC02,62,0,synthetic
2026-05-04,SKU002,LOC03,45,0,synthetic
2026-05-05,SKU002,LOC02,47,0,synthetic
2026-05-06,SKU002,LOC03,35,0,synthetic
2026-05-07,SKU002,LOC02,47,0,synthetic
2026-05-08,SKU002,LOC02,45,0,synthetic
2026-05-09,SKU002,LOC03,47,0,synthetic
2026-05-10,SKU002,LOC02,62,0,synthetic
2026-05-11,SKU002,LOC03,38,0,synthetic
2026-05-12,SKU002,LOC02,55,1,synthetic
2026-05-13,SKU002,LOC03,51,0,synthetic
2026-05-14,SKU002,LOC03,44,0,synthetic
2026-05-15,SKU002,LOC03,46,0,synthetic
2026-05-16,SKU002,LOC02,44,0,synthetic
2026-05-17,SKU002,LOC02,54,0,synthetic
2026-05-18,SKU002,LOC03,53,0,synthetic
2026-05-19,SKU002,LOC02,47,0,synthetic
2026-05-20,SKU002,LOC03,43,0,synthetic
2026-05-21,SKU002,LOC02,44,0,synthetic
2026-05-22,SKU002,LOC02,56,0,synthetic
2026-05-23,SKU002,LOC03,72,1,synthetic
2026-05-24,SKU002,LOC03,45,0,synthetic
2026-05-25,SKU002,LOC02,50,0,synthetic
2026-05-26,SKU002,LOC02,45,0,synthetic
2026-05-27,SKU002,LOC02,43,0,synthetic
2026-05-28,SKU002,LOC03,47,0,synthetic
2026-05-29,SKU002,LOC02,40,0,synthetic
2026-05-30,SKU002,LOC02,50,0,synthetic
2026-05-31,SKU002,LOC02,48,0,synthetic
2026-06-01,SKU002,LOC02,62,1,synthetic
2026-06-02,SKU002,LOC03,45,0,synthetic
2026-06-03,SKU002,LOC03,44,0,synthetic
2026-06-04,SKU002,LOC03,53,0,synthetic
2026-06-05,SKU002,LOC02,50,0,synthetic
2026-06-06,SKU002,LOC02,59,0,synthetic
2026-06-07,SKU002,LOC02,45,0,synthetic
2026-06-08,SKU002,LOC02,48,0,synthetic
2026-06-09,SKU002,LOC02,51,0,synthetic
2026-06-10,SKU002,LOC02,47,0,synthetic
2026-06-11,SKU002,LOC02,48,0,synthetic
2026-06-12,SKU002,LOC03,35,0,synthetic
2026-06-13,SKU002,LOC03,54,0,synthetic
2026-06-14,SKU002,LOC03,68,0,synthetic
2026-06-15,SKU002,LOC03,41,0,synthetic
2026-06-16,SKU002,LOC02,43,0,synthetic
2026-06-17,SKU002,LOC03,51,0,synthetic
2026-06-18,SKU002,LOC02,46,0,synthetic
2026-06-19,SKU002,LOC03,50,0,synthetic
2026-06-20,SKU002,LOC03,48,0,synthetic
2026-06-21,SKU002,LOC02,62,0,synthetic
2026-06-22,SKU002,LOC03,40,0,synthetic
2026-06-23,SKU002,LOC03,50,0,synthetic
2026-06-24,SKU002,LOC02,51,0,synthetic
2026-06-25,SKU002,LOC02,52,0,synthetic
2026-06-26,SKU002,LOC03,49,0,synthetic
2026-06-27,SKU002,LOC02,54,0,synthetic
2026-06-28,SKU002,LOC03,54,0,synthetic
2026-06-29,SKU002,LOC02,49,0,synthetic
2026-06-30,SKU002,LOC02,51,0,synthetic
2026-07-01,SKU002,LOC03,48,0,synthetic
2026-07-02,SKU002,LOC02,44,0,synthetic
2026-07-03,SKU002,LOC03,48,0,synthetic
2026-07-04,SKU002,LOC03,63,1,synthetic
2026-07-05,SKU002,LOC02,45,0,synthetic
2026-07-06,SKU002,LOC03,46,0,synthetic
2026-07-07,SKU002,LOC02,38,0,synthetic
2026-07-08,SKU002,LOC02,49,0,synthetic
2026-07-09,SKU002,LOC02,48,0,synthetic
2026-07-10,SKU002,LOC02,44,0,synthetic
2026-07-11,SKU002,LOC02,47,0,synthetic
2026-07-12,SKU002,LOC03,57,0,synthetic
2026-07-13,SKU002,LOC03,46,0,synthetic
2026-07-14,SKU002,LOC02,31,0,synthetic
2026-07-15,SKU002,LOC02,53,0,synthetic
2026-07-16,SKU002,LOC02,50,0,synthetic
2026-07-17,SKU002,LOC02,51,0,synthetic
2026-07-18,SKU002,LOC03,49,0,synthetic
2026-07-19,SKU002,LOC02,55,0,synthetic
2026-07-20,SKU002,LOC02,44,0,synthetic
2026-07-21,SKU002,LOC03,48,0,synthetic
2026-07-22,SKU002,LOC03,46,0,synthetic
2026-07-23,SKU002,LOC03,47,0,synthetic
2026-07-24,SKU002,LOC03,51,0,synthetic
2026-07-25,SKU002,LOC02,50,0,synthetic
2026-07-26,SKU002,LOC02,69,1,synthetic
2026-07-27,SKU002,LOC02,46,0,synthetic
2026-07-28,SKU002,LOC03,48,0,synthetic
2026-07-29,SKU002,LOC02,43,0,synthetic
2026-07-30,SKU002,LOC02,37,0,synthetic
2026-07-31,SKU002,LOC02,42,0,synthetic
2026-08-01,SKU002,LOC03,43,0,synthetic
2026-08-02,SKU002,LOC03,46,0,synthetic
2026-08-03,SKU002,LOC02,32,0,synthetic
2026-08-04,SKU002,LOC03,42,0,synthetic
2026-08-05,SKU002,LOC03,37,0,synthetic
2025-08-06,SKU003,LOC02,55,0,synthetic
2025-08-07,SKU003,LOC02,58,0,synthetic
2025-08-08,SKU003,LOC03,52,0,synthetic
2025-08-09,SKU003,LOC03,68,0,synthetic
2025-08-10,SKU003,LOC02,62,0,synthetic
2025-08-11,SKU003,LOC02,60,0,synthetic
2025-08-12,SKU003,LOC03,51,0,synthetic
2025-08-13,SKU003,LOC03,56,0,synthetic
2025-08-14,SKU003,LOC02,58,0,synthetic
2025-08-15,SKU003,LOC03,50,0,synthetic
2025-08-16,SKU003,LOC03,88,1,synthetic
2025-08-17,SKU003,LOC02,58,0,synthetic
2025-08-18,SKU003,LOC02,64,0,synthetic
2025-08-19,SKU003,LOC03,68,1,synthetic
2025-08-20,SKU003,LOC02,64,0,synthetic
2025-08-21,SKU003,LOC02,51,0,synthetic
2025-08-22,SKU003,LOC02,62,0,synthetic
2025-08-23,SKU003,LOC03,59,0,synthetic
2025-08-24,SKU003,LOC02,51,0,synthetic
2025-08-25,SKU003,LOC02,52,0,synthetic
2025-08-26,SKU003,LOC03,60,0,synthetic
2025-08-27,SKU003,LOC03,50,0,synthetic
2025-08-28,SKU003,LOC03,56,0,synthetic
2025-08-29,SKU003,LOC03,47,0,synthetic
2025-08-30,SKU003,LOC03,58,0,synthetic
2025-08-31,SKU003,LOC02,53,0,synthetic
2025-09-01,SKU003,LOC03,48,0,synthetic
2025-09-02,SKU003,LOC02,62,0,synthetic
2025-09-03,SKU003,LOC03,72,1,synthetic
2025-09-04,SKU003,LOC03,50,0,synthetic
2025-09-05,SKU003,LOC02,61,0,synthetic
2025-09-06,SKU003,LOC02,45,0,synthetic
2025-09-07,SKU003,LOC02,56,0,synthetic
2025-09-08,SKU003,LOC03,55,0,synthetic
2025-09-09,SKU003,LOC02,63,0,synthetic
2025-09-10,SKU003,LOC02,58,0,synthetic
2025-09-11,SKU003,LOC02,63,0,synthetic
2025-09-12,SKU003,LOC02,52,0,synthetic
2025-09-13,SKU003,LOC02,59,0,synthetic
2025-09-14,SKU003,LOC03,71,0,synthetic
2025-09-15,SKU003,LOC02,53,0,synthetic
2025-09-16,SKU003,LOC02,57,0,synthetic
2025-09-17,SKU003,LOC03,74,1,synthetic
2025-09-18,SKU003,LOC03,59,0,synthetic
2025-09-19,SKU003,LOC02,62,0,synthetic
2025-09-20,SKU003,LOC02,64,0,synthetic
2025-09-21,SKU003,LOC03,54,0,synthetic
2025-09-22,SKU003,LOC03,53,0,synthetic
2025-09-23,SKU003,LOC03,57,0,synthetic
2025-09-24,SKU003,LOC03,60,0,synthetic
2025-09-25,SKU003,LOC03,59,0,synthetic
2025-09-26,SKU003,LOC02,43,0,synthetic
2025-09-27,SKU003,LOC02,75,0,synthetic
2025-09-28,SKU003,LOC03,55,0,synthetic
2025-09-29,SKU003,LOC02,49,0,synthetic
2025-09-30,SKU003,LOC03,38,0,synthetic
2025-10-01,SKU003,LOC03,40,0,synthetic
2025-10-02,SKU003,LOC03,59,0,synthetic
2025-10-03,SKU003,LOC03,56,0,synthetic
2025-10-04,SKU003,LOC03,70,0,synthetic
2025-10-05,SKU003,LOC03,61,0,synthetic
2025-10-06,SKU003,LOC03,50,0,synthetic
2025-10-07,SKU003,LOC03,59,0,synthetic
2025-10-08,SKU003,LOC03,67,0,synthetic
2025-10-09,SKU003,LOC02,59,0,synthetic
2025-10-10,SKU003,LOC03,50,0,synthetic
2025-10-11,SKU003,LOC02,59,0,synthetic
2025-10-12,SKU003,LOC02,51,0,synthetic
2025-10-13,SKU003,LOC02,52,0,synthetic
2025-10-14,SKU003,LOC02,41,0,synthetic
2025-10-15,SKU003,LOC03,60,0,synthetic
2025-10-16,SKU003,LOC03,65,0,synthetic
2025-10-17,SKU003,LOC02,66,0,synthetic
2025-10-18,SKU003,LOC02,66,0,synthetic
2025-10-19,SKU003,LOC02,70,0,synthetic
2025-10-20,SKU003,LOC03,57,0,synthetic
2025-10-21,SKU003,LOC03,54,0,synthetic
2025-10-22,SKU003,LOC03,47,0,synthetic
2025-10-23,SKU003,LOC02,46,0,synthetic
2025-10-24,SKU003,LOC03,60,0,synthetic
2025-10-25,SKU003,LOC03,64,0,synthetic
2025-10-26,SKU003,LOC03,67,0,synthetic
2025-10-27,SKU003,LOC03,55,0,synthetic
2025-10-28,SKU003,LOC03,48,0,synthetic
2025-10-29,SKU003,LOC02,51,0,synthetic
2025-10-30,SKU003,LOC03,39,0,synthetic
2025-10-31,SKU003,LOC03,57,0,synthetic
2025-11-01,SKU003,LOC02,57,0,synthetic
2025-11-02,SKU003,LOC03,58,0,synthetic
2025-11-03,SKU003,LOC02,56,0,synthetic
2025-11-04,SKU003,LOC02,55,0,synthetic
2025-11-05,SKU003,LOC03,61,0,synthetic
2025-11-06,SKU003,LOC03,45,0,synthetic
2025-11-07,SKU003,LOC02,57,0,synthetic
2025-11-08,SKU003,LOC03,72,0,synthetic
2025-11-09,SKU003,LOC03,47,0,synthetic
2025-11-10,SKU003,LOC03,57,0,synthetic
2025-11-11,SKU003,LOC02,61,0,synthetic
2025-11-12,SKU003,LOC03,51,0,synthetic
2025-11-13,SKU003,LOC02,54,0,synthetic
2025-11-14,SKU003,LOC03,60,0,synthetic
2025-11-15,SKU003,LOC03,64,0,synthetic
2025-11-16,SKU003,LOC03,50,0,synthetic
2025-11-17,SKU003,LOC02,54,0,synthetic
2025-11-18,SKU003,LOC02,62,0,synthetic
2025-11-19,SKU003,LOC03,51,0,synthetic
2025-11-20,SKU003,LOC02,50,0,synthetic
2025-11-21,SKU003,LOC02,63,0,synthetic
2025-11-22,SKU003,LOC02,50,0,synthetic
2025-11-23,SKU003,LOC02,53,0,synthetic
2025-11-24,SKU003,LOC03,53,0,synthetic
2025-11-25,SKU003,LOC03,54,0,synthetic
2025-11-26,SKU003,LOC03,32,0,synthetic
2025-11-27,SKU003,LOC02,49,0,synthetic
2025-11-28,SKU003,LOC03,56,0,synthetic
2025-11-29,SKU003,LOC02,67,0,synthetic
2025-11-30,SKU003,LOC03,57,0,synthetic
2025-12-01,SKU003,LOC03,45,0,synthetic
2025-12-02,SKU003,LOC03,57,0,synthetic
2025-12-03,SKU003,LOC03,59,0,synthetic
2025-12-04,SKU003,LOC03,50,0,synthetic
2025-12-05,SKU003,LOC02,62,0,synthetic
2025-12-06,SKU003,LOC02,69,0,synthetic
2025-12-07,SKU003,LOC02,44,0,synthetic
2025-12-08,SKU003,LOC03,61,0,synthetic
2025-12-09,SKU003,LOC02,51,0,synthetic
2025-12-10,SKU003,LOC03,54,0,synthetic
2025-12-11,SKU003,LOC02,53,0,synthetic
2025-12-12,SKU003,LOC03,47,0,synthetic
2025-12-13,SKU003,LOC03,70,0,synthetic
2025-12-14,SKU003,LOC03,66,0,synthetic
2025-12-15,SKU003,LOC03,56,0,synthetic
2025-12-16,SKU003,LOC03,64,0,synthetic
2025-12-17,SKU003,LOC02,45,0,synthetic
2025-12-18,SKU003,LOC03,44,0,synthetic
2025-12-19,SKU003,LOC02,45,0,synthetic
2025-12-20,SKU003,LOC03,72,0,synthetic
2025-12-21,SKU003,LOC03,56,0,synthetic
2025-12-22,SKU003,LOC03,61,0,synthetic
2025-12-23,SKU003,LOC03,57,0,synthetic
2025-12-24,SKU003,LOC02,50,0,synthetic
2025-12-25,SKU003,LOC02,63,0,synthetic
2025-12-26,SKU003,LOC02,54,0,synthetic
2025-12-27,SKU003,LOC02,43,0,synthetic
2025-12-28,SKU003,LOC02,53,0,synthetic
2025-12-29,SKU003,LOC03,44,0,synthetic
2025-12-30,SKU003,LOC03,53,0,synthetic
2025-12-31,SKU003,LOC03,50,0,synthetic
2026-01-01,SKU003,LOC03,41,0,synthetic
2026-01-02,SKU003,LOC02,39,0,synthetic
2026-01-03,SKU003,LOC03,49,0,synthetic
2026-01-04,SKU003,LOC03,42,0,synthetic
2026-01-05,SKU003,LOC02,61,0,synthetic
2026-01-06,SKU003,LOC02,61,0,synthetic
2026-01-07,SKU003,LOC02,41,0,synthetic
2026-01-08,SKU003,LOC03,51,0,synthetic
2026-01-09,SKU003,LOC02,51,0,synthetic
2026-01-10,SKU003,LOC02,60,0,synthetic
2026-01-11,SKU003,LOC03,46,0,synthetic
2026-01-12,SKU003,LOC03,48,0,synthetic
2026-01-13,SKU003,LOC02,53,0,synthetic
2026-01-14,SKU003,LOC03,60,0,synthetic
2026-01-15,SKU003,LOC03,66,0,synthetic
2026-01-16,SKU003,LOC02,36,0,synthetic
2026-01-17,SKU003,LOC02,52,0,synthetic
2026-01-18,SKU003,LOC03,53,0,synthetic
2026-01-19,SKU003,LOC02,39,0,synthetic
2026-01-20,SKU003,LOC03,47,0,synthetic
2026-01-21,SKU003,LOC02,56,0,synthetic
2026-01-22,SKU003,LOC03,55,0,synthetic
2026-01-23,SKU003,LOC03,43,0,synthetic
2026-01-24,SKU003,LOC03,57,0,synthetic
2026-01-25,SKU003,LOC03,45,0,synthetic
2026-01-26,SKU003,LOC02,57,0,synthetic
2026-01-27,SKU003,LOC02,58,0,synthetic
2026-01-28,SKU003,LOC02,49,0,synthetic
2026-01-29,SKU003,LOC02,55,0,synthetic
2026-01-30,SKU003,LOC02,45,0,synthetic
2026-01-31,SKU003,LOC03,61,0,synthetic
2026-02-01,SKU003,LOC03,54,0,synthetic
2026-02-02,SKU003,LOC02,68,1,synthetic
2026-02-03,SKU003,LOC02,50,0,synthetic
2026-02-04,SKU003,LOC02,44,0,synthetic
2026-02-05,SKU003,LOC02,45,0,synthetic
2026-02-06,SKU003,LOC03,50,0,synthetic
2026-02-07,SKU003,LOC02,52,0,synthetic
2026-02-08,SKU003,LOC02,61,0,synthetic
2026-02-09,SKU003,LOC03,46,0,synthetic
2026-02-10,SKU003,LOC02,45,0,synthetic
2026-02-11,SKU003,LOC03,54,0,synthetic
2026-02-12,SKU003,LOC03,44,0,synthetic
2026-02-13,SKU003,LOC02,53,0,synthetic
2026-02-14,SKU003,LOC02,58,0,synthetic
2026-02-15,SKU003,LOC03,65,0,synthetic
2026-02-16,SKU003,LOC03,55,0,synthetic
2026-02-17,SKU003,LOC02,57,0,synthetic
2026-02-18,SKU003,LOC02,57,0,synthetic
2026-02-19,SKU003,LOC03,49,0,synthetic
2026-02-20,SKU003,LOC03,61,0,synthetic
2026-02-21,SKU003,LOC03,63,0,synthetic
2026-02-22,SKU003,LOC02,53,0,synthetic
2026-02-23,SKU003,LOC03,46,0,synthetic
2026-02-24,SKU003,LOC02,55,0,synthetic
2026-02-25,SKU003,LOC03,41,0,synthetic
2026-02-26,SKU003,LOC03,60,0,synthetic
2026-02-27,SKU003,LOC02,52,0,synthetic
2026-02-28,SKU003,LOC03,53,0,synthetic
2026-03-01,SKU003,LOC02,63,0,synthetic
2026-03-02,SKU003,LOC03,61,0,synthetic
2026-03-03,SKU003,LOC02,50,0,synthetic
2026-03-04,SKU003,LOC02,62,0,synthetic
2026-03-05,SKU003,LOC02,49,0,synthetic
2026-03-06,SKU003,LOC02,46,0,synthetic
2026-03-07,SKU003,LOC02,59,0,synthetic
2026-03-08,SKU003,LOC03,61,0,synthetic
2026-03-09,SKU003,LOC02,55,0,synthetic
2026-03-10,SKU003,LOC02,49,0,synthetic
2026-03-11,SKU003,LOC02,62,0,synthetic
2026-03-12,SKU003,LOC03,62,0,synthetic
2026-03-13,SKU003,LOC03,56,0,synthetic
2026-03-14,SKU003,LOC02,71,0,synthetic
2026-03-15,SKU003,LOC03,60,0,synthetic
2026-03-16,SKU003,LOC03,57,0,synthetic
2026-03-17,SKU003,LOC02,56,0,synthetic
2026-03-18,SKU003,LOC02,48,0,synthetic
2026-03-19,SKU003,LOC02,43,0,synthetic
2026-03-20,SKU003,LOC03,59,0,synthetic
2026-03-21,SKU003,LOC02,74,0,synthetic
2026-03-22,SKU003,LOC02,62,0,synthetic
2026-03-23,SKU003,LOC02,54,0,synthetic
2026-03-24,SKU003,LOC03,52,0,synthetic
2026-03-25,SKU003,LOC03,61,0,synthetic
2026-03-26,SKU003,LOC03,59,0,synthetic
2026-03-27,SKU003,LOC03,65,0,synthetic
2026-03-28,SKU003,LOC02,66,0,synthetic
2026-03-29,SKU003,LOC02,57,0,synthetic
2026-03-30,SKU003,LOC02,52,0,synthetic
2026-03-31,SKU003,LOC02,51,0,synthetic
2026-04-01,SKU003,LOC02,69,0,synthetic
2026-04-02,SKU003,LOC03,49,0,synthetic
2026-04-03,SKU003,LOC03,58,0,synthetic
2026-04-04,SKU003,LOC02,67,0,synthetic
2026-04-05,SKU003,LOC03,57,0,synthetic
2026-04-06,SKU003,LOC02,61,0,synthetic
2026-04-07,SKU003,LOC02,52,0,synthetic
2026-04-08,SKU003,LOC03,60,0,synthetic
2026-04-09,SKU003,LOC03,59,0,synthetic
2026-04-10,SKU003,LOC03,56,0,synthetic
2026-04-11,SKU003,LOC02,73,0,synthetic
2026-04-12,SKU003,LOC03,65,0,synthetic
2026-04-13,SKU003,LOC02,57,0,synthetic
2026-04-14,SKU003,LOC02,59,0,synthetic
2026-04-15,SKU003,LOC03,51,0,synthetic
2026-04-16,SKU003,LOC02,61,0,synthetic
2026-04-17,SKU003,LOC03,58,0,synthetic
2026-04-18,SKU003,LOC02,64,0,synthetic
2026-04-19,SKU003,LOC03,57,0,synthetic
2026-04-20,SKU003,LOC02,58,0,synthetic
2026-04-21,SKU003,LOC02,59,0,synthetic
2026-04-22,SKU003,LOC03,41,0,synthetic
2026-04-23,SKU003,LOC02,46,0,synthetic
2026-04-24,SKU003,LOC03,53,0,synthetic
2026-04-25,SKU003,LOC02,69,0,synthetic
2026-04-26,SKU003,LOC03,63,0,synthetic
2026-04-27,SKU003,LOC02,56,0,synthetic
2026-04-28,SKU003,LOC03,61,0,synthetic
2026-04-29,SKU003,LOC03,57,0,synthetic
2026-04-30,SKU003,LOC03,51,0,synthetic
2026-05-01,SKU003,LOC02,64,0,synthetic
2026-05-02,SKU003,LOC03,66,0,synthetic
2026-05-03,SKU003,LOC03,63,0,synthetic
2026-05-04,SKU003,LOC02,67,0,synthetic
2026-05-05,SKU003,LOC03,60,0,synthetic
2026-05-06,SKU003,LOC02,64,0,synthetic
2026-05-07,SKU003,LOC03,74,0,synthetic
2026-05-08,SKU003,LOC03,73,0,synthetic
2026-05-09,SKU003,LOC03,90,1,synthetic
2026-05-10,SKU003,LOC03,77,0,synthetic
2026-05-11,SKU003,LOC02,69,0,synthetic
2026-05-12,SKU003,LOC03,71,0,synthetic
2026-05-13,SKU003,LOC02,60,0,synthetic
2026-05-14,SKU003,LOC02,56,0,synthetic
2026-05-15,SKU003,LOC02,58,0,synthetic
2026-05-16,SKU003,LOC02,68,0,synthetic
2026-05-17,SKU003,LOC02,74,0,synthetic
2026-05-18,SKU003,LOC03,57,0,synthetic
2026-05-19,SKU003,LOC02,52,0,synthetic
2026-05-20,SKU003,LOC03,63,0,synthetic
2026-05-21,SKU003,LOC03,67,0,synthetic
2026-05-22,SKU003,LOC03,55,0,synthetic
2026-05-23,SKU003,LOC02,64,0,synthetic
2026-05-24,SKU003,LOC02,63,0,synthetic
2026-05-25,SKU003,LOC03,69,0,synthetic
2026-05-26,SKU003,LOC03,60,0,synthetic
2026-05-27,SKU003,LOC02,56,0,synthetic
2026-05-28,SKU003,LOC02,56,0,synthetic
2026-05-29,SKU003,LOC03,78,0,synthetic
2026-05-30,SKU003,LOC02,56,0,synthetic
2026-05-31,SKU003,LOC02,87,0,synthetic
2026-06-01,SKU003,LOC03,55,0,synthetic
2026-06-02,SKU003,LOC02,71,0,synthetic
2026-06-03,SKU003,LOC03,66,0,synthetic
2026-06-04,SKU003,LOC02,62,0,synthetic
2026-06-05,SKU003,LOC03,62,0,synthetic
2026-06-06,SKU003,LOC02,81,0,synthetic
2026-06-07,SKU003,LOC03,64,0,synthetic
2026-06-08,SKU003,LOC03,69,0,synthetic
2026-06-09,SKU003,LOC02,63,0,synthetic
2026-06-10,SKU003,LOC03,53,0,synthetic
2026-06-11,SKU003,LOC03,58,0,synthetic
2026-06-12,SKU003,LOC03,53,0,synthetic
2026-06-13,SKU003,LOC02,98,1,synthetic
2026-06-14,SKU003,LOC02,77,0,synthetic
2026-06-15,SKU003,LOC03,74,0,synthetic
2026-06-16,SKU003,LOC02,71,0,synthetic
2026-06-17,SKU003,LOC03,60,0,synthetic
2026-06-18,SKU003,LOC02,67,0,synthetic
2026-06-19,SKU003,LOC03,53,0,synthetic
2026-06-20,SKU003,LOC03,68,0,synthetic
2026-06-21,SKU003,LOC03,67,0,synthetic
2026-06-22,SKU003,LOC02,65,0,synthetic
2026-06-23,SKU003,LOC02,74,0,synthetic
2026-06-24,SKU003,LOC02,63,0,synthetic
2026-06-25,SKU003,LOC02,66,0,synthetic
2026-06-26,SKU003,LOC02,66,0,synthetic
2026-06-27,SKU003,LOC03,66,0,synthetic
2026-06-28,SKU003,LOC02,73,0,synthetic
2026-06-29,SKU003,LOC03,73,0,synthetic
2026-06-30,SKU003,LOC02,61,0,synthetic
2026-07-01,SKU003,LOC03,63,0,synthetic
2026-07-02,SKU003,LOC03,60,0,synthetic
2026-07-03,SKU003,LOC02,61,0,synthetic
2026-07-04,SKU003,LOC03,70,0,synthetic
2026-07-05,SKU003,LOC03,81,0,synthetic
2026-07-06,SKU003,LOC03,61,0,synthetic
2026-07-07,SKU003,LOC02,57,0,synthetic
2026-07-08,SKU003,LOC03,62,0,synthetic
2026-07-09,SKU003,LOC02,51,0,synthetic
2026-07-10,SKU003,LOC02,55,0,synthetic
2026-07-11,SKU003,LOC02,68,0,synthetic
2026-07-12,SKU003,LOC03,75,0,synthetic
2026-07-13,SKU003,LOC02,69,0,synthetic
2026-07-14,SKU003,LOC02,59,0,synthetic
2026-07-15,SKU003,LOC02,56,0,synthetic
2026-07-16,SKU003,LOC02,66,0,synthetic
2026-07-17,SKU003,LOC03,55,0,synthetic
2026-07-18,SKU003,LOC03,62,0,synthetic
2026-07-19,SKU003,LOC02,85,0,synthetic
2026-07-20,SKU003,LOC02,58,0,synthetic
2026-07-21,SKU003,LOC02,66,0,synthetic
2026-07-22,SKU003,LOC02,56,0,synthetic
2026-07-23,SKU003,LOC02,67,0,synthetic
2026-07-24,SKU003,LOC02,65,0,synthetic
2026-07-25,SKU003,LOC02,71,0,synthetic
2026-07-26,SKU003,LOC03,72,0,synthetic
2026-07-27,SKU003,LOC03,60,0,synthetic
2026-07-28,SKU003,LOC02,57,0,synthetic
2026-07-29,SKU003,LOC03,68,0,synthetic
2026-07-30,SKU003,LOC02,70,0,synthetic
2026-07-31,SKU003,LOC02,99,1,synthetic
2026-08-01,SKU003,LOC03,87,1,synthetic
2026-08-02,SKU003,LOC02,65,0,synthetic
2026-08-03,SKU003,LOC03,57,0,synthetic
2026-08-04,SKU003,LOC02,51,0,synthetic
2026-08-05,SKU003,LOC02,50,0,synthetic
2025-08-06,SKU004,LOC02,52,0,synthetic
2025-08-07,SKU004,LOC03,41,0,synthetic
2025-08-08,SKU004,LOC03,61,0,synthetic
2025-08-09,SKU004,LOC03,55,0,synthetic
2025-08-10,SKU004,LOC02,61,0,synthetic
2025-08-11,SKU004,LOC03,75,1,synthetic
2025-08-12,SKU004,LOC03,53,0,synthetic
2025-08-13,SKU004,LOC02,52,0,synthetic
2025-08-14,SKU004,LOC03,59,0,synthetic
2025-08-15,SKU004,LOC02,80,1,synthetic
2025-08-16,SKU004,LOC03,62,0,synthetic
2025-08-17,SKU004,LOC02,65,0,synthetic
2025-08-18,SKU004,LOC03,60,0,synthetic
2025-08-19,SKU004,LOC03,55,0,synthetic
2025-08-20,SKU004,LOC02,47,0,synthetic
2025-08-21,SKU004,LOC02,45,0,synthetic
2025-08-22,SKU004,LOC02,41,0,synthetic
2025-08-23,SKU004,LOC03,61,0,synthetic
2025-08-24,SKU004,LOC02,62,0,synthetic
2025-08-25,SKU004,LOC02,65,0,synthetic
2025-08-26,SKU004,LOC02,53,0,synthetic
2025-08-27,SKU004,LOC03,61,0,synthetic
2025-08-28,SKU004,LOC03,65,0,synthetic
2025-08-29,SKU004,LOC02,47,0,synthetic
2025-08-30,SKU004,LOC02,54,0,synthetic
2025-08-31,SKU004,LOC03,49,0,synthetic
2025-09-01,SKU004,LOC02,59,0,synthetic
2025-09-02,SKU004,LOC03,63,0,synthetic
2025-09-03,SKU004,LOC02,61,0,synthetic
2025-09-04,SKU004,LOC03,66,0,synthetic
2025-09-05,SKU004,LOC02,50,0,synthetic
2025-09-06,SKU004,LOC03,55,0,synthetic
2025-09-07,SKU004,LOC02,57,0,synthetic
2025-09-08,SKU004,LOC03,50,0,synthetic
2025-09-09,SKU004,LOC02,44,0,synthetic
2025-09-10,SKU004,LOC03,47,0,synthetic
2025-09-11,SKU004,LOC02,57,0,synthetic
2025-09-12,SKU004,LOC02,65,0,synthetic
2025-09-13,SKU004,LOC03,66,0,synthetic
2025-09-14,SKU004,LOC02,59,0,synthetic
2025-09-15,SKU004,LOC02,46,0,synthetic
2025-09-16,SKU004,LOC02,80,1,synthetic
2025-09-17,SKU004,LOC02,71,1,synthetic
2025-09-18,SKU004,LOC02,57,0,synthetic
2025-09-19,SKU004,LOC03,51,0,synthetic
2025-09-20,SKU004,LOC02,62,0,synthetic
2025-09-21,SKU004,LOC02,57,0,synthetic
2025-09-22,SKU004,LOC02,57,0,synthetic
2025-09-23,SKU004,LOC03,43,0,synthetic
2025-09-24,SKU004,LOC02,54,0,synthetic
2025-09-25,SKU004,LOC03,51,0,synthetic
2025-09-26,SKU004,LOC02,54,0,synthetic
2025-09-27,SKU004,LOC03,54,0,synthetic
2025-09-28,SKU004,LOC03,67,0,synthetic
2025-09-29,SKU004,LOC03,48,0,synthetic
2025-09-30,SKU004,LOC02,50,0,synthetic
2025-10-01,SKU004,LOC03,47,0,synthetic
2025-10-02,SKU004,LOC02,52,0,synthetic
2025-10-03,SKU004,LOC02,46,0,synthetic
2025-10-04,SKU004,LOC03,88,1,synthetic
2025-10-05,SKU004,LOC02,64,0,synthetic
2025-10-06,SKU004,LOC03,47,0,synthetic
2025-10-07,SKU004,LOC02,46,0,synthetic
2025-10-08,SKU004,LOC03,53,0,synthetic
2025-10-09,SKU004,LOC02,61,0,synthetic
2025-10-10,SKU004,LOC03,55,0,synthetic
2025-10-11,SKU004,LOC02,50,0,synthetic
2025-10-12,SKU004,LOC02,62,0,synthetic
2025-10-13,SKU004,LOC02,65,0,synthetic
2025-10-14,SKU004,LOC03,71,1,synthetic
2025-10-15,SKU004,LOC03,53,0,synthetic
2025-10-16,SKU004,LOC02,52,0,synthetic
2025-10-17,SKU004,LOC03,56,0,synthetic
2025-10-18,SKU004,LOC02,70,0,synthetic
2025-10-19,SKU004,LOC02,63,0,synthetic
2025-10-20,SKU004,LOC03,60,0,synthetic
2025-10-21,SKU004,LOC03,48,0,synthetic
2025-10-22,SKU004,LOC02,62,0,synthetic
2025-10-23,SKU004,LOC03,59,0,synthetic
2025-10-24,SKU004,LOC02,49,0,synthetic
2025-10-25,SKU004,LOC02,53,0,synthetic
2025-10-26,SKU004,LOC02,48,0,synthetic
2025-10-27,SKU004,LOC03,42,0,synthetic
2025-10-28,SKU004,LOC03,54,0,synthetic
2025-10-29,SKU004,LOC03,55,0,synthetic
2025-10-30,SKU004,LOC02,66,0,synthetic
2025-10-31,SKU004,LOC02,44,0,synthetic
2025-11-01,SKU004,LOC03,66,0,synthetic
2025-11-02,SKU004,LOC02,61,0,synthetic
2025-11-03,SKU004,LOC02,43,0,synthetic
2025-11-04,SKU004,LOC03,42,0,synthetic
2025-11-05,SKU004,LOC03,80,1,synthetic
2025-11-06,SKU004,LOC03,65,0,synthetic
2025-11-07,SKU004,LOC02,58,0,synthetic
2025-11-08,SKU004,LOC03,45,0,synthetic
2025-11-09,SKU004,LOC03,71,0,synthetic
2025-11-10,SKU004,LOC03,43,0,synthetic
2025-11-11,SKU004,LOC03,42,0,synthetic
2025-11-12,SKU004,LOC02,56,0,synthetic
2025-11-13,SKU004,LOC02,62,0,synthetic
2025-11-14,SKU004,LOC02,60,0,synthetic
2025-11-15,SKU004,LOC02,61,0,synthetic
2025-11-16,SKU004,LOC02,65,0,synthetic
2025-11-17,SKU004,LOC03,51,0,synthetic
2025-11-18,SKU004,LOC02,47,0,synthetic
2025-11-19,SKU004,LOC03,44,0,synthetic
2025-11-20,SKU004,LOC02,52,0,synthetic
2025-11-21,SKU004,LOC03,45,0,synthetic
2025-11-22,SKU004,LOC03,57,0,synthetic
2025-11-23,SKU004,LOC03,59,0,synthetic
2025-11-24,SKU004,LOC02,53,0,synthetic
2025-11-25,SKU004,LOC03,48,0,synthetic
2025-11-26,SKU004,LOC03,54,0,synthetic
2025-11-27,SKU004,LOC02,60,0,synthetic
2025-11-28,SKU004,LOC03,57,0,synthetic
2025-11-29,SKU004,LOC03,52,0,synthetic
2025-11-30,SKU004,LOC03,55,0,synthetic
2025-12-01,SKU004,LOC03,37,0,synthetic
2025-12-02,SKU004,LOC03,76,1,synthetic
2025-12-03,SKU004,LOC02,48,0,synthetic
2025-12-04,SKU004,LOC03,50,0,synthetic
2025-12-05,SKU004,LOC03,62,0,synthetic
2025-12-06,SKU004,LOC02,56,0,synthetic
2025-12-07,SKU004,LOC02,61,0,synthetic
2025-12-08,SKU004,LOC03,50,0,synthetic
2025-12-09,SKU004,LOC03,52,0,synthetic
2025-12-10,SKU004,LOC02,57,0,synthetic
2025-12-11,SKU004,LOC02,53,0,synthetic
2025-12-12,SKU004,LOC02,55,0,synthetic
2025-12-13,SKU004,LOC03,73,1,synthetic
2025-12-14,SKU004,LOC03,59,0,synthetic
2025-12-15,SKU004,LOC02,56,0,synthetic
2025-12-16,SKU004,LOC02,61,0,synthetic
2025-12-17,SKU004,LOC03,53,0,synthetic
2025-12-18,SKU004,LOC02,53,0,synthetic
2025-12-19,SKU004,LOC03,50,0,synthetic
2025-12-20,SKU004,LOC03,55,0,synthetic
2025-12-21,SKU004,LOC02,78,1,synthetic
2025-12-22,SKU004,LOC03,69,0,synthetic
2025-12-23,SKU004,LOC03,55,0,synthetic
2025-12-24,SKU004,LOC02,40,0,synthetic
2025-12-25,SKU004,LOC02,39,0,synthetic
2025-12-26,SKU004,LOC02,49,0,synthetic
2025-12-27,SKU004,LOC02,60,0,synthetic
2025-12-28,SKU004,LOC03,58,0,synthetic
2025-12-29,SKU004,LOC03,42,0,synthetic
2025-12-30,SKU004,LOC03,64,0,synthetic
2025-12-31,SKU004,LOC02,54,0,synthetic
2026-01-01,SKU004,LOC02,38,0,synthetic
2026-01-02,SKU004,LOC03,39,0,synthetic
2026-01-03,SKU004,LOC03,50,0,synthetic
2026-01-04,SKU004,LOC03,64,0,synthetic
2026-01-05,SKU004,LOC03,61,0,synthetic
2026-01-06,SKU004,LOC03,52,0,synthetic
2026-01-07,SKU004,LOC02,46,0,synthetic
2026-01-08,SKU004,LOC03,45,0,synthetic
2026-01-09,SKU004,LOC02,45,0,synthetic
2026-01-10,SKU004,LOC02,66,0,synthetic
2026-01-11,SKU004,LOC03,57,0,synthetic
2026-01-12,SKU004,LOC02,42,0,synthetic
2026-01-13,SKU004,LOC03,49,0,synthetic
2026-01-14,SKU004,LOC03,38,0,synthetic
2026-01-15,SKU004,LOC03,56,0,synthetic
2026-01-16,SKU004,LOC02,43,0,synthetic
2026-01-17,SKU004,LOC03,54,0,synthetic
2026-01-18,SKU004,LOC02,45,0,synthetic
2026-01-19,SKU004,LOC03,48,0,synthetic
2026-01-20,SKU004,LOC02,42,0,synthetic
2026-01-21,SKU004,LOC03,55,0,synthetic
2026-01-22,SKU004,LOC03,53,0,synthetic
2026-01-23,SKU004,LOC03,54,0,synthetic
2026-01-24,SKU004,LOC03,54,0,synthetic
2026-01-25,SKU004,LOC02,51,0,synthetic
2026-01-26,SKU004,LOC03,43,0,synthetic
2026-01-27,SKU004,LOC02,51,0,synthetic
2026-01-28,SKU004,LOC02,48,0,synthetic
2026-01-29,SKU004,LOC02,44,0,synthetic
2026-01-30,SKU004,LOC03,32,0,synthetic
2026-01-31,SKU004,LOC03,46,0,synthetic
2026-02-01,SKU004,LOC02,69,0,synthetic
2026-02-02,SKU004,LOC03,44,0,synthetic
2026-02-03,SKU004,LOC03,43,0,synthetic
2026-02-04,SKU004,LOC03,73,1,synthetic
2026-02-05,SKU004,LOC02,47,0,synthetic
2026-02-06,SKU004,LOC02,42,0,synthetic
2026-02-07,SKU004,LOC03,55,0,synthetic
2026-02-08,SKU004,LOC02,51,0,synthetic
2026-02-09,SKU004,LOC03,54,0,synthetic
2026-02-10,SKU004,LOC03,44,0,synthetic
2026-02-11,SKU004,LOC02,54,0,synthetic
2026-02-12,SKU004,LOC02,57,0,synthetic
2026-02-13,SKU004,LOC03,39,0,synthetic
2026-02-14,SKU004,LOC02,54,0,synthetic
2026-02-15,SKU004,LOC02,50,0,synthetic
2026-02-16,SKU004,LOC03,42,0,synthetic
2026-02-17,SKU004,LOC03,48,0,synthetic
2026-02-18,SKU004,LOC03,48,0,synthetic
2026-02-19,SKU004,LOC02,53,0,synthetic
2026-02-20,SKU004,LOC02,58,0,synthetic
2026-02-21,SKU004,LOC03,64,1,synthetic
2026-02-22,SKU004,LOC03,53,0,synthetic
2026-02-23,SKU004,LOC03,45,0,synthetic
2026-02-24,SKU004,LOC02,51,0,synthetic
2026-02-25,SKU004,LOC02,56,0,synthetic
2026-02-26,SKU004,LOC02,54,0,synthetic
2026-02-27,SKU004,LOC03,57,0,synthetic
2026-02-28,SKU004,LOC03,54,0,synthetic
2026-03-01,SKU004,LOC02,70,0,synthetic
2026-03-02,SKU004,LOC02,57,0,synthetic
2026-03-03,SKU004,LOC02,52,0,synthetic
2026-03-04,SKU004,LOC02,47,0,synthetic
2026-03-05,SKU004,LOC03,48,0,synthetic
2026-03-06,SKU004,LOC02,46,0,synthetic
2026-03-07,SKU004,LOC03,57,0,synthetic
2026-03-08,SKU004,LOC03,63,0,synthetic
2026-03-09,SKU004,LOC03,63,0,synthetic
2026-03-10,SKU004,LOC03,52,0,synthetic
2026-03-11,SKU004,LOC02,51,0,synthetic
2026-03-12,SKU004,LOC02,53,0,synthetic
2026-03-13,SKU004,LOC02,55,0,synthetic
2026-03-14,SKU004,LOC02,61,0,synthetic
2026-03-15,SKU004,LOC03,55,0,synthetic
2026-03-16,SKU004,LOC03,49,0,synthetic
2026-03-17,SKU004,LOC03,46,0,synthetic
2026-03-18,SKU004,LOC02,42,0,synthetic
2026-03-19,SKU004,LOC02,48,0,synthetic
2026-03-20,SKU004,LOC03,49,0,synthetic
2026-03-21,SKU004,LOC02,56,0,synthetic
2026-03-22,SKU004,LOC02,59,0,synthetic
2026-03-23,SKU004,LOC03,46,0,synthetic
2026-03-24,SKU004,LOC03,60,0,synthetic
2026-03-25,SKU004,LOC03,42,0,synthetic
2026-03-26,SKU004,LOC02,47,0,synthetic
2026-03-27,SKU004,LOC03,39,0,synthetic
2026-03-28,SKU004,LOC03,58,0,synthetic
2026-03-29,SKU004,LOC03,53,0,synthetic
2026-03-30,SKU004,LOC02,49,0,synthetic
2026-03-31,SKU004,LOC03,61,0,synthetic
2026-04-01,SKU004,LOC03,54,0,synthetic
2026-04-02,SKU004,LOC03,46,0,synthetic
2026-04-03,SKU004,LOC03,56,0,synthetic
2026-04-04,SKU004,LOC03,59,0,synthetic
2026-04-05,SKU004,LOC03,52,0,synthetic
2026-04-06,SKU004,LOC02,53,0,synthetic
2026-04-07,SKU004,LOC03,57,0,synthetic
2026-04-08,SKU004,LOC03,71,0,synthetic
2026-04-09,SKU004,LOC03,49,0,synthetic
2026-04-10,SKU004,LOC03,57,0,synthetic
2026-04-11,SKU004,LOC03,57,0,synthetic
2026-04-12,SKU004,LOC03,62,0,synthetic
2026-04-13,SKU004,LOC03,56,0,synthetic
2026-04-14,SKU004,LOC03,66,0,synthetic
2026-04-15,SKU004,LOC02,52,0,synthetic
2026-04-16,SKU004,LOC02,46,0,synthetic
2026-04-17,SKU004,LOC02,55,0,synthetic
2026-04-18,SKU004,LOC03,78,1,synthetic
2026-04-19,SKU004,LOC02,52,0,synthetic
2026-04-20,SKU004,LOC02,48,0,synthetic
2026-04-21,SKU004,LOC03,52,0,synthetic
2026-04-22,SKU004,LOC03,57,0,synthetic
2026-04-23,SKU004,LOC03,45,0,synthetic
2026-04-24,SKU004,LOC03,51,0,synthetic
2026-04-25,SKU004,LOC02,52,0,synthetic
2026-04-26,SKU004,LOC03,71,0,synthetic
2026-04-27,SKU004,LOC02,47,0,synthetic
2026-04-28,SKU004,LOC02,59,0,synthetic
2026-04-29,SKU004,LOC03,56,0,synthetic
2026-04-30,SKU004,LOC02,72,1,synthetic
2026-05-01,SKU004,LOC02,61,0,synthetic
2026-05-02,SKU004,LOC02,69,0,synthetic
2026-05-03,SKU004,LOC02,66,0,synthetic
2026-05-04,SKU004,LOC02,55,0,synthetic
2026-05-05,SKU004,LOC03,59,0,synthetic
2026-05-06,SKU004,LOC02,50,0,synthetic
2026-05-07,SKU004,LOC03,50,0,synthetic
2026-05-08,SKU004,LOC03,57,0,synthetic
2026-05-09,SKU004,LOC02,75,0,synthetic
2026-05-10,SKU004,LOC02,69,0,synthetic
2026-05-11,SKU004,LOC03,57,0,synthetic
2026-05-12,SKU004,LOC02,63,0,synthetic
2026-05-13,SKU004,LOC02,64,0,synthetic
2026-05-14,SKU004,LOC02,67,0,synthetic
2026-05-15,SKU004,LOC02,56,0,synthetic
2026-05-16,SKU004,LOC02,63,0,synthetic
2026-05-17,SKU004,LOC03,72,0,synthetic
2026-05-18,SKU004,LOC02,58,0,synthetic
2026-05-19,SKU004,LOC03,71,0,synthetic
2026-05-20,SKU004,LOC02,70,0,synthetic
2026-05-21,SKU004,LOC02,60,0,synthetic
2026-05-22,SKU004,LOC03,64,0,synthetic
2026-05-23,SKU004,LOC02,67,0,synthetic
2026-05-24,SKU004,LOC03,68,0,synthetic
2026-05-25,SKU004,LOC02,53,0,synthetic
2026-05-26,SKU004,LOC02,89,1,synthetic
2026-05-27,SKU004,LOC02,53,0,synthetic
2026-05-28,SKU004,LOC02,59,0,synthetic
2026-05-29,SKU004,LOC03,56,0,synthetic
2026-05-30,SKU004,LOC02,78,1,synthetic
2026-05-31,SKU004,LOC02,71,0,synthetic
2026-06-01,SKU004,LOC03,65,0,synthetic
2026-06-02,SKU004,LOC03,57,0,synthetic
2026-06-03,SKU004,LOC03,68,0,synthetic
2026-06-04,SKU004,LOC03,57,0,synthetic
2026-06-05,SKU004,LOC02,65,0,synthetic
2026-06-06,SKU004,LOC03,63,0,synthetic
2026-06-07,SKU004,LOC03,76,0,synthetic
2026-06-08,SKU004,LOC02,54,0,synthetic
2026-06-09,SKU004,LOC02,70,0,synthetic
2026-06-10,SKU004,LOC02,85,1,synthetic
2026-06-11,SKU004,LOC03,67,1,synthetic
2026-06-12,SKU004,LOC03,60,0,synthetic
2026-06-13,SKU004,LOC03,69,0,synthetic
2026-06-14,SKU004,LOC03,91,1,synthetic
2026-06-15,SKU004,LOC03,63,0,synthetic
2026-06-16,SKU004,LOC03,66,0,synthetic
2026-06-17,SKU004,LOC02,60,0,synthetic
2026-06-18,SKU004,LOC03,77,0,synthetic
2026-06-19,SKU004,LOC02,80,1,synthetic
2026-06-20,SKU004,LOC03,79,0,synthetic
2026-06-21,SKU004,LOC02,79,0,synthetic
2026-06-22,SKU004,LOC03,58,0,synthetic
2026-06-23,SKU004,LOC03,73,0,synthetic
2026-06-24,SKU004,LOC03,63,0,synthetic
2026-06-25,SKU004,LOC02,58,0,synthetic
2026-06-26,SKU004,LOC02,63,0,synthetic
2026-06-27,SKU004,LOC02,76,0,synthetic
2026-06-28,SKU004,LOC02,60,0,synthetic
2026-06-29,SKU004,LOC03,74,0,synthetic
2026-06-30,SKU004,LOC03,71,0,synthetic
2026-07-01,SKU004,LOC03,77,1,synthetic
2026-07-02,SKU004,LOC03,56,0,synthetic
2026-07-03,SKU004,LOC03,74,0,synthetic
2026-07-04,SKU004,LOC03,73,0,synthetic
2026-07-05,SKU004,LOC02,74,0,synthetic
2026-07-06,SKU004,LOC02,60,0,synthetic
2026-07-07,SKU004,LOC03,67,0,synthetic
2026-07-08,SKU004,LOC03,72,0,synthetic
2026-07-09,SKU004,LOC02,70,0,synthetic
2026-07-10,SKU004,LOC02,52,0,synthetic
2026-07-11,SKU004,LOC03,72,0,synthetic
2026-07-12,SKU004,LOC03,67,0,synthetic
2026-07-13,SKU004,LOC03,66,0,synthetic
2026-07-14,SKU004,LOC03,59,0,synthetic
2026-07-15,SKU004,LOC02,61,0,synthetic
2026-07-16,SKU004,LOC02,63,0,synthetic
2026-07-17,SKU004,LOC03,58,0,synthetic
2026-07-18,SKU004,LOC03,59,0,synthetic
2026-07-19,SKU004,LOC03,72,0,synthetic
2026-07-20,SKU004,LOC03,64,0,synthetic
2026-07-21,SKU004,LOC03,67,0,synthetic
2026-07-22,SKU004,LOC03,64,0,synthetic
2026-07-23,SKU004,LOC03,65,0,synthetic
2026-07-24,SKU004,LOC03,60,0,synthetic
2026-07-25,SKU004,LOC02,81,0,synthetic
2026-07-26,SKU004,LOC03,67,0,synthetic
2026-07-27,SKU004,LOC02,67,0,synthetic
2026-07-28,SKU004,LOC03,55,0,synthetic
2026-07-29,SKU004,LOC02,54,0,synthetic
2026-07-30,SKU004,LOC02,55,0,synthetic
2026-07-31,SKU004,LOC03,63,0,synthetic
2026-08-01,SKU004,LOC03,63,0,synthetic
2026-08-02,SKU004,LOC02,61,0,synthetic
2026-08-03,SKU004,LOC02,61,0,synthetic
2026-08-04,SKU004,LOC02,59,0,synthetic
2026-08-05,SKU004,LOC03,58,0,synthetic
2025-08-06,SKU005,LOC03,50,0,synthetic
2025-08-07,SKU005,LOC02,46,0,synthetic
2025-08-08,SKU005,LOC03,53,0,synthetic
2025-08-09,SKU005,LOC03,63,0,synthetic
2025-08-10,SKU005,LOC02,51,0,synthetic
2025-08-11,SKU005,LOC03,42,0,synthetic
2025-08-12,SKU005,LOC03,56,0,synthetic
2025-08-13,SKU005,LOC02,63,0,synthetic
2025-08-14,SKU005,LOC03,52,0,synthetic
2025-08-15,SKU005,LOC03,47,0,synthetic
2025-08-16,SKU005,LOC02,58,0,synthetic
2025-08-17,SKU005,LOC03,56,0,synthetic
2025-08-18,SKU005,LOC02,55,0,synthetic
2025-08-19,SKU005,LOC03,52,0,synthetic
2025-08-20,SKU005,LOC02,56,0,synthetic
2025-08-21,SKU005,LOC02,49,0,synthetic
2025-08-22,SKU005,LOC03,44,0,synthetic
2025-08-23,SKU005,LOC03,50,0,synthetic
2025-08-24,SKU005,LOC03,51,0,synthetic
2025-08-25,SKU005,LOC02,49,0,synthetic
2025-08-26,SKU005,LOC03,60,0,synthetic
2025-08-27,SKU005,LOC03,47,0,synthetic
2025-08-28,SKU005,LOC02,54,0,synthetic
2025-08-29,SKU005,LOC02,52,0,synthetic
2025-08-30,SKU005,LOC03,62,0,synthetic
2025-08-31,SKU005,LOC02,55,0,synthetic
2025-09-01,SKU005,LOC03,41,0,synthetic
2025-09-02,SKU005,LOC02,39,0,synthetic
2025-09-03,SKU005,LOC03,51,0,synthetic
2025-09-04,SKU005,LOC02,53,0,synthetic
2025-09-05,SKU005,LOC02,61,0,synthetic
2025-09-06,SKU005,LOC03,60,0,synthetic
2025-09-07,SKU005,LOC02,46,0,synthetic
2025-09-08,SKU005,LOC03,55,0,synthetic
2025-09-09,SKU005,LOC03,43,0,synthetic
2025-09-10,SKU005,LOC03,45,0,synthetic
2025-09-11,SKU005,LOC03,62,0,synthetic
2025-09-12,SKU005,LOC02,72,1,synthetic
2025-09-13,SKU005,LOC03,47,0,synthetic
2025-09-14,SKU005,LOC03,45,0,synthetic
2025-09-15,SKU005,LOC03,61,0,synthetic
2025-09-16,SKU005,LOC02,48,0,synthetic
2025-09-17,SKU005,LOC02,48,0,synthetic
2025-09-18,SKU005,LOC03,64,1,synthetic
2025-09-19,SKU005,LOC03,80,1,synthetic
2025-09-20,SKU005,LOC03,49,0,synthetic
2025-09-21,SKU005,LOC02,51,0,synthetic
2025-09-22,SKU005,LOC03,59,0,synthetic
2025-09-23,SKU005,LOC03,61,0,synthetic
2025-09-24,SKU005,LOC02,51,0,synthetic
2025-09-25,SKU005,LOC02,51,0,synthetic
2025-09-26,SKU005,LOC02,49,0,synthetic
2025-09-27,SKU005,LOC03,63,0,synthetic
2025-09-28,SKU005,LOC03,46,0,synthetic
2025-09-29,SKU005,LOC03,52,0,synthetic
2025-09-30,SKU005,LOC02,43,0,synthetic
2025-10-01,SKU005,LOC03,41,0,synthetic
2025-10-02,SKU005,LOC03,56,0,synthetic
2025-10-03,SKU005,LOC02,40,0,synthetic
2025-10-04,SKU005,LOC03,49,0,synthetic
2025-10-05,SKU005,LOC03,59,0,synthetic
2025-10-06,SKU005,LOC03,38,0,synthetic
2025-10-07,SKU005,LOC02,60,0,synthetic
2025-10-08,SKU005,LOC02,51,0,synthetic
2025-10-09,SKU005,LOC02,37,0,synthetic
2025-10-10,SKU005,LOC02,46,0,synthetic
2025-10-11,SKU005,LOC02,61,0,synthetic
2025-10-12,SKU005,LOC03,61,0,synthetic
2025-10-13,SKU005,LOC03,68,1,synthetic
2025-10-14,SKU005,LOC03,48,0,synthetic
2025-10-15,SKU005,LOC02,52,0,synthetic
2025-10-16,SKU005,LOC02,57,0,synthetic
2025-10-17,SKU005,LOC02,60,0,synthetic
2025-10-18,SKU005,LOC02,61,0,synthetic
2025-10-19,SKU005,LOC03,57,0,synthetic
2025-10-20,SKU005,LOC02,48,0,synthetic
2025-10-21,SKU005,LOC02,44,0,synthetic
2025-10-22,SKU005,LOC02,52,0,synthetic
2025-10-23,SKU005,LOC02,41,0,synthetic
2025-10-24,SKU005,LOC03,56,0,synthetic
2025-10-25,SKU005,LOC02,67,0,synthetic
2025-10-26,SKU005,LOC02,51,0,synthetic
2025-10-27,SKU005,LOC03,53,0,synthetic
2025-10-28,SKU005,LOC03,43,0,synthetic
2025-10-29,SKU005,LOC02,51,0,synthetic
2025-10-30,SKU005,LOC02,52,0,synthetic
2025-10-31,SKU005,LOC02,56,0,synthetic
2025-11-01,SKU005,LOC02,77,1,synthetic
2025-11-02,SKU005,LOC03,67,0,synthetic
2025-11-03,SKU005,LOC03,46,0,synthetic
2025-11-04,SKU005,LOC02,50,0,synthetic
2025-11-05,SKU005,LOC03,55,0,synthetic
2025-11-06,SKU005,LOC03,32,0,synthetic
2025-11-07,SKU005,LOC02,49,0,synthetic
2025-11-08,SKU005,LOC03,55,0,synthetic
2025-11-09,SKU005,LOC03,46,0,synthetic
2025-11-10,SKU005,LOC03,47,0,synthetic
2025-11-11,SKU005,LOC02,52,0,synthetic
2025-11-12,SKU005,LOC03,52,0,synthetic
2025-11-13,SKU005,LOC02,46,0,synthetic
2025-11-14,SKU005,LOC03,49,0,synthetic
2025-11-15,SKU005,LOC02,61,0,synthetic
2025-11-16,SKU005,LOC03,53,0,synthetic
2025-11-17,SKU005,LOC03,48,0,synthetic
2025-11-18,SKU005,LOC02,39,0,synthetic
2025-11-19,SKU005,LOC02,50,0,synthetic
2025-11-20,SKU005,LOC03,35,0,synthetic
2025-11-21,SKU005,LOC03,53,0,synthetic
2025-11-22,SKU005,LOC03,56,0,synthetic
2025-11-23,SKU005,LOC02,51,0,synthetic
2025-11-24,SKU005,LOC02,45,0,synthetic
2025-11-25,SKU005,LOC03,49,0,synthetic
2025-11-26,SKU005,LOC02,51,0,synthetic
2025-11-27,SKU005,LOC02,41,0,synthetic
2025-11-28,SKU005,LOC03,46,0,synthetic
2025-11-29,SKU005,LOC02,56,0,synthetic
2025-11-30,SKU005,LOC03,50,0,synthetic
2025-12-01,SKU005,LOC02,43,0,synthetic
2025-12-02,SKU005,LOC02,60,0,synthetic
2025-12-03,SKU005,LOC03,54,0,synthetic
2025-12-04,SKU005,LOC02,61,0,synthetic
2025-12-05,SKU005,LOC02,40,0,synthetic
2025-12-06,SKU005,LOC03,85,1,synthetic
2025-12-07,SKU005,LOC03,53,0,synthetic
2025-12-08,SKU005,LOC03,53,0,synthetic
2025-12-09,SKU005,LOC03,46,0,synthetic
2025-12-10,SKU005,LOC02,56,0,synthetic
2025-12-11,SKU005,LOC03,47,0,synthetic
2025-12-12,SKU005,LOC03,45,0,synthetic
2025-12-13,SKU005,LOC03,55,0,synthetic
2025-12-14,SKU005,LOC02,60,0,synthetic
2025-12-15,SKU005,LOC03,40,0,synthetic
2025-12-16,SKU005,LOC02,38,0,synthetic
2025-12-17,SKU005,LOC02,46,0,synthetic
2025-12-18,SKU005,LOC03,54,0,synthetic
2025-12-19,SKU005,LOC03,37,0,synthetic
2025-12-20,SKU005,LOC03,54,0,synthetic
2025-12-21,SKU005,LOC02,57,0,synthetic
2025-12-22,SKU005,LOC02,59,0,synthetic
2025-12-23,SKU005,LOC03,51,0,synthetic
2025-12-24,SKU005,LOC02,45,0,synthetic
2025-12-25,SKU005,LOC02,45,0,synthetic
2025-12-26,SKU005,LOC02,57,0,synthetic
2025-12-27,SKU005,LOC03,52,0,synthetic
2025-12-28,SKU005,LOC03,58,0,synthetic
2025-12-29,SKU005,LOC02,46,0,synthetic
2025-12-30,SKU005,LOC03,50,0,synthetic
2025-12-31,SKU005,LOC03,59,0,synthetic
2026-01-01,SKU005,LOC03,38,0,synthetic
2026-01-02,SKU005,LOC02,50,0,synthetic
2026-01-03,SKU005,LOC03,45,0,synthetic
2026-01-04,SKU005,LOC02,52,0,synthetic
2026-01-05,SKU005,LOC02,39,0,synthetic
2026-01-06,SKU005,LOC02,53,0,synthetic
2026-01-07,SKU005,LOC03,42,0,synthetic
2026-01-08,SKU005,LOC03,49,0,synthetic
2026-01-09,SKU005,LOC03,44,0,synthetic
2026-01-10,SKU005,LOC02,50,0,synthetic
2026-01-11,SKU005,LOC02,45,0,synthetic
2026-01-12,SKU005,LOC02,45,0,synthetic
2026-01-13,SKU005,LOC02,45,0,synthetic
2026-01-14,SKU005,LOC02,34,0,synthetic
2026-01-15,SKU005,LOC02,48,0,synthetic
2026-01-16,SKU005,LOC03,51,0,synthetic
2026-01-17,SKU005,LOC02,60,0,synthetic
2026-01-18,SKU005,LOC02,50,0,synthetic
2026-01-19,SKU005,LOC03,68,1,synthetic
2026-01-20,SKU005,LOC03,40,0,synthetic
2026-01-21,SKU005,LOC02,41,0,synthetic
2026-01-22,SKU005,LOC02,39,0,synthetic
2026-01-23,SKU005,LOC03,50,0,synthetic
2026-01-24,SKU005,LOC02,56,0,synthetic
2026-01-25,SKU005,LOC03,57,0,synthetic
2026-01-26,SKU005,LOC02,34,0,synthetic
2026-01-27,SKU005,LOC03,44,0,synthetic
2026-01-28,SKU005,LOC03,44,0,synthetic
2026-01-29,SKU005,LOC02,44,0,synthetic
2026-01-30,SKU005,LOC03,35,0,synthetic
2026-01-31,SKU005,LOC02,48,0,synthetic
2026-02-01,SKU005,LOC02,52,0,synthetic
2026-02-02,SKU005,LOC02,42,0,synthetic
2026-02-03,SKU005,LOC02,43,0,synthetic
2026-02-04,SKU005,LOC02,34,0,synthetic
2026-02-05,SKU005,LOC03,36,0,synthetic
2026-02-06,SKU005,LOC02,48,0,synthetic
2026-02-07,SKU005,LOC03,51,0,synthetic
2026-02-08,SKU005,LOC03,42,0,synthetic
2026-02-09,SKU005,LOC03,46,0,synthetic
2026-02-10,SKU005,LOC02,52,0,synthetic
2026-02-11,SKU005,LOC03,49,0,synthetic
2026-02-12,SKU005,LOC03,47,0,synthetic
2026-02-13,SKU005,LOC03,44,0,synthetic
2026-02-14,SKU005,LOC03,61,0,synthetic
2026-02-15,SKU005,LOC02,60,0,synthetic
2026-02-16,SKU005,LOC02,46,0,synthetic
2026-02-17,SKU005,LOC02,42,0,synthetic
2026-02-18,SKU005,LOC02,44,0,synthetic
2026-02-19,SKU005,LOC02,39,0,synthetic
2026-02-20,SKU005,LOC02,45,0,synthetic
2026-02-21,SKU005,LOC03,43,0,synthetic
2026-02-22,SKU005,LOC02,52,0,synthetic
2026-02-23,SKU005,LOC03,32,0,synthetic
2026-02-24,SKU005,LOC03,46,0,synthetic
2026-02-25,SKU005,LOC03,36,0,synthetic
2026-02-26,SKU005,LOC02,31,0,synthetic
2026-02-27,SKU005,LOC03,45,0,synthetic
2026-02-28,SKU005,LOC03,44,0,synthetic
2026-03-01,SKU005,LOC02,54,0,synthetic
2026-03-02,SKU005,LOC03,41,0,synthetic
2026-03-03,SKU005,LOC02,47,0,synthetic
2026-03-04,SKU005,LOC03,46,0,synthetic
2026-03-05,SKU005,LOC02,56,0,synthetic
2026-03-06,SKU005,LOC03,35,0,synthetic
2026-03-07,SKU005,LOC02,51,0,synthetic
2026-03-08,SKU005,LOC02,55,0,synthetic
2026-03-09,SKU005,LOC03,39,0,synthetic
2026-03-10,SKU005,LOC02,46,0,synthetic
2026-03-11,SKU005,LOC03,74,1,synthetic
2026-03-12,SKU005,LOC03,47,0,synthetic
2026-03-13,SKU005,LOC02,46,0,synthetic
2026-03-14,SKU005,LOC02,42,0,synthetic
2026-03-15,SKU005,LOC03,48,0,synthetic
2026-03-16,SKU005,LOC02,50,0,synthetic
2026-03-17,SKU005,LOC03,52,0,synthetic
2026-03-18,SKU005,LOC02,44,0,synthetic
2026-03-19,SKU005,LOC03,51,0,synthetic
2026-03-20,SKU005,LOC03,75,1,synthetic
2026-03-21,SKU005,LOC02,48,0,synthetic
2026-03-22,SKU005,LOC02,56,0,synthetic
2026-03-23,SKU005,LOC03,63,0,synthetic
2026-03-24,SKU005,LOC02,64,1,synthetic
2026-03-25,SKU005,LOC03,71,1,synthetic
2026-03-26,SKU005,LOC02,53,0,synthetic
2026-03-27,SKU005,LOC02,39,0,synthetic
2026-03-28,SKU005,LOC02,57,0,synthetic
2026-03-29,SKU005,LOC02,63,0,synthetic
2026-03-30,SKU005,LOC02,50,0,synthetic
2026-03-31,SKU005,LOC02,48,0,synthetic
2026-04-01,SKU005,LOC03,59,0,synthetic
2026-04-02,SKU005,LOC03,41,0,synthetic
2026-04-03,SKU005,LOC02,40,0,synthetic
2026-04-04,SKU005,LOC03,59,0,synthetic
2026-04-05,SKU005,LOC03,56,0,synthetic
2026-04-06,SKU005,LOC03,48,0,synthetic
2026-04-07,SKU005,LOC02,44,0,synthetic
2026-04-08,SKU005,LOC03,55,0,synthetic
2026-04-09,SKU005,LOC03,53,0,synthetic
2026-04-10,SKU005,LOC03,46,0,synthetic
2026-04-11,SKU005,LOC03,48,0,synthetic
2026-04-12,SKU005,LOC03,49,0,synthetic
2026-04-13,SKU005,LOC03,48,0,synthetic
2026-04-14,SKU005,LOC03,48,0,synthetic
2026-04-15,SKU005,LOC02,57,0,synthetic
2026-04-16,SKU005,LOC02,61,0,synthetic
2026-04-17,SKU005,LOC02,54,0,synthetic
2026-04-18,SKU005,LOC02,47,0,synthetic
2026-04-19,SKU005,LOC02,51,0,synthetic
2026-04-20,SKU005,LOC02,56,0,synthetic
2026-04-21,SKU005,LOC02,44,0,synthetic
2026-04-22,SKU005,LOC03,54,0,synthetic
2026-04-23,SKU005,LOC02,56,0,synthetic
2026-04-24,SKU005,LOC03,50,0,synthetic
2026-04-25,SKU005,LOC03,47,0,synthetic
2026-04-26,SKU005,LOC02,46,0,synthetic
2026-04-27,SKU005,LOC02,48,0,synthetic
2026-04-28,SKU005,LOC03,50,0,synthetic
2026-04-29,SKU005,LOC02,53,0,synthetic
2026-04-30,SKU005,LOC02,40,0,synthetic
2026-05-01,SKU005,LOC02,60,0,synthetic
2026-05-02,SKU005,LOC03,61,0,synthetic
2026-05-03,SKU005,LOC03,63,0,synthetic
2026-05-04,SKU005,LOC03,55,0,synthetic
2026-05-05,SKU005,LOC02,59,0,synthetic
2026-05-06,SKU005,LOC03,54,0,synthetic
2026-05-07,SKU005,LOC02,60,0,synthetic
2026-05-08,SKU005,LOC03,55,0,synthetic
2026-05-09,SKU005,LOC03,69,0,synthetic
2026-05-10,SKU005,LOC02,58,0,synthetic
2026-05-11,SKU005,LOC03,69,0,synthetic
2026-05-12,SKU005,LOC02,69,0,synthetic
2026-05-13,SKU005,LOC03,68,0,synthetic
2026-05-14,SKU005,LOC03,49,0,synthetic
2026-05-15,SKU005,LOC02,59,0,synthetic
2026-05-16,SKU005,LOC03,85,1,synthetic
2026-05-17,SKU005,LOC02,65,0,synthetic
2026-05-18,SKU005,LOC02,54,0,synthetic
2026-05-19,SKU005,LOC03,55,0,synthetic
2026-05-20,SKU005,LOC03,65,0,synthetic
2026-05-21,SKU005,LOC02,60,0,synthetic
2026-05-22,SKU005,LOC03,52,0,synthetic
2026-05-23,SKU005,LOC03,70,0,synthetic
2026-05-24,SKU005,LOC02,87,1,synthetic
2026-05-25,SKU005,LOC03,48,0,synthetic
2026-05-26,SKU005,LOC03,64,0,synthetic
2026-05-27,SKU005,LOC02,63,0,synthetic
2026-05-28,SKU005,LOC02,54,0,synthetic
2026-05-29,SKU005,LOC03,56,0,synthetic
2026-05-30,SKU005,LOC02,66,0,synthetic
2026-05-31,SKU005,LOC03,73,0,synthetic
2026-06-01,SKU005,LOC03,62,0,synthetic
2026-06-02,SKU005,LOC02,63,0,synthetic
2026-06-03,SKU005,LOC03,66,0,synthetic
2026-06-04,SKU005,LOC03,48,0,synthetic
2026-06-05,SKU005,LOC02,52,0,synthetic
2026-06-06,SKU005,LOC03,62,0,synthetic
2026-06-07,SKU005,LOC02,81,1,synthetic
2026-06-08,SKU005,LOC02,57,0,synthetic
2026-06-09,SKU005,LOC02,63,0,synthetic
2026-06-10,SKU005,LOC03,84,1,synthetic
2026-06-11,SKU005,LOC02,70,0,synthetic
2026-06-12,SKU005,LOC02,49,0,synthetic
2026-06-13,SKU005,LOC02,68,0,synthetic
2026-06-14,SKU005,LOC02,82,1,synthetic
2026-06-15,SKU005,LOC03,47,0,synthetic
2026-06-16,SKU005,LOC02,56,0,synthetic
2026-06-17,SKU005,LOC03,54,0,synthetic
2026-06-18,SKU005,LOC02,48,0,synthetic
2026-06-19,SKU005,LOC02,57,0,synthetic
2026-06-20,SKU005,LOC03,77,0,synthetic
2026-06-21,SKU005,LOC02,68,0,synthetic
2026-06-22,SKU005,LOC03,57,0,synthetic
2026-06-23,SKU005,LOC02,58,0,synthetic
2026-06-24,SKU005,LOC03,45,0,synthetic
2026-06-25,SKU005,LOC02,52,0,synthetic
2026-06-26,SKU005,LOC03,56,0,synthetic
2026-06-27,SKU005,LOC02,86,1,synthetic
2026-06-28,SKU005,LOC03,58,0,synthetic
2026-06-29,SKU005,LOC02,61,0,synthetic
2026-06-30,SKU005,LOC03,63,0,synthetic
2026-07-01,SKU005,LOC02,57,0,synthetic
2026-07-02,SKU005,LOC03,60,0,synthetic
2026-07-03,SKU005,LOC02,67,0,synthetic
2026-07-04,SKU005,LOC02,68,0,synthetic
2026-07-05,SKU005,LOC02,68,0,synthetic
2026-07-06,SKU005,LOC02,47,0,synthetic
2026-07-07,SKU005,LOC03,77,0,synthetic
2026-07-08,SKU005,LOC03,56,0,synthetic
2026-07-09,SKU005,LOC03,52,0,synthetic
2026-07-10,SKU005,LOC02,59,0,synthetic
2026-07-11,SKU005,LOC03,60,0,synthetic
2026-07-12,SKU005,LOC03,64,0,synthetic
2026-07-13,SKU005,LOC02,59,0,synthetic
2026-07-14,SKU005,LOC03,65,0,synthetic
2026-07-15,SKU005,LOC03,81,1,synthetic
2026-07-16,SKU005,LOC02,54,0,synthetic
2026-07-17,SKU005,LOC02,65,0,synthetic
2026-07-18,SKU005,LOC03,60,0,synthetic
2026-07-19,SKU005,LOC03,62,0,synthetic
2026-07-20,SKU005,LOC03,71,1,synthetic
2026-07-21,SKU005,LOC02,60,0,synthetic
2026-07-22,SKU005,LOC03,48,0,synthetic
2026-07-23,SKU005,LOC03,66,0,synthetic
2026-07-24,SKU005,LOC02,53,0,synthetic
2026-07-25,SKU005,LOC02,62,0,synthetic
2026-07-26,SKU005,LOC03,88,1,synthetic
2026-07-27,SKU005,LOC03,56,0,synthetic
2026-07-28,SKU005,LOC03,52,0,synthetic
2026-07-29,SKU005,LOC02,61,0,synthetic
2026-07-30,SKU005,LOC02,60,0,synthetic
2026-07-31,SKU005,LOC03,62,0,synthetic
2026-08-01,SKU005,LOC03,59,0,synthetic
2026-08-02,SKU005,LOC02,59,0,synthetic
2026-08-03,SKU005,LOC03,44,0,synthetic
2026-08-04,SKU005,LOC03,50,0,synthetic
2026-08-05,SKU005,LOC03,67,0,synthetic
2025-08-06,SKU006,LOC02,51,0,synthetic
2025-08-07,SKU006,LOC02,43,0,synthetic
2025-08-08,SKU006,LOC02,42,0,synthetic
2025-08-09,SKU006,LOC02,47,0,synthetic
2025-08-10,SKU006,LOC03,41,0,synthetic
2025-08-11,SKU006,LOC02,44,0,synthetic
2025-08-12,SKU006,LOC03,52,0,synthetic
2025-08-13,SKU006,LOC03,51,0,synthetic
2025-08-14,SKU006,LOC03,64,1,synthetic
2025-08-15,SKU006,LOC03,48,0,synthetic
2025-08-16,SKU006,LOC02,46,0,synthetic
2025-08-17,SKU006,LOC03,54,0,synthetic
2025-08-18,SKU006,LOC03,48,0,synthetic
2025-08-19,SKU006,LOC02,42,0,synthetic
2025-08-20,SKU006,LOC02,48,0,synthetic
2025-08-21,SKU006,LOC03,48,0,synthetic
2025-08-22,SKU006,LOC02,45,0,synthetic
2025-08-23,SKU006,LOC02,51,0,synthetic
2025-08-24,SKU006,LOC03,43,0,synthetic
2025-08-25,SKU006,LOC02,47,0,synthetic
2025-08-26,SKU006,LOC02,40,0,synthetic
2025-08-27,SKU006,LOC03,43,0,synthetic
2025-08-28,SKU006,LOC02,48,0,synthetic
2025-08-29,SKU006,LOC03,45,0,synthetic
2025-08-30,SKU006,LOC03,55,0,synthetic
2025-08-31,SKU006,LOC02,69,1,synthetic
2025-09-01,SKU006,LOC03,45,1,synthetic
2025-09-02,SKU006,LOC03,50,0,synthetic
2025-09-03,SKU006,LOC03,52,0,synthetic
2025-09-04,SKU006,LOC03,51,0,synthetic
2025-09-05,SKU006,LOC02,47,0,synthetic
2025-09-06,SKU006,LOC02,46,0,synthetic
2025-09-07,SKU006,LOC03,57,0,synthetic
2025-09-08,SKU006,LOC03,37,0,synthetic
2025-09-09,SKU006,LOC03,38,0,synthetic
2025-09-10,SKU006,LOC03,52,0,synthetic
2025-09-11,SKU006,LOC02,45,0,synthetic
2025-09-12,SKU006,LOC02,47,0,synthetic
2025-09-13,SKU006,LOC02,50,0,synthetic
2025-09-14,SKU006,LOC03,45,0,synthetic
2025-09-15,SKU006,LOC03,56,0,synthetic
2025-09-16,SKU006,LOC02,55,0,synthetic
2025-09-17,SKU006,LOC03,48,0,synthetic
2025-09-18,SKU006,LOC02,47,0,synthetic
2025-09-19,SKU006,LOC02,42,0,synthetic
2025-09-20,SKU006,LOC03,56,0,synthetic
2025-09-21,SKU006,LOC02,46,0,synthetic
2025-09-22,SKU006,LOC02,35,0,synthetic
2025-09-23,SKU006,LOC02,48,0,synthetic
2025-09-24,SKU006,LOC03,44,0,synthetic
2025-09-25,SKU006,LOC02,45,0,synthetic
2025-09-26,SKU006,LOC03,47,0,synthetic
2025-09-27,SKU006,LOC03,58,0,synthetic
2025-09-28,SKU006,LOC03,64,0,synthetic
2025-09-29,SKU006,LOC03,41,0,synthetic
2025-09-30,SKU006,LOC02,44,0,synthetic
2025-10-01,SKU006,LOC02,62,1,synthetic
2025-10-02,SKU006,LOC02,62,1,synthetic
2025-10-03,SKU006,LOC02,45,0,synthetic
2025-10-04,SKU006,LOC02,78,1,synthetic
2025-10-05,SKU006,LOC02,55,0,synthetic
2025-10-06,SKU006,LOC03,44,0,synthetic
2025-10-07,SKU006,LOC03,46,0,synthetic
2025-10-08,SKU006,LOC03,45,0,synthetic
2025-10-09,SKU006,LOC03,43,0,synthetic
2025-10-10,SKU006,LOC02,46,0,synthetic
2025-10-11,SKU006,LOC02,75,1,synthetic
2025-10-12,SKU006,LOC02,57,0,synthetic
2025-10-13,SKU006,LOC02,55,0,synthetic
2025-10-14,SKU006,LOC03,48,0,synthetic
2025-10-15,SKU006,LOC03,49,0,synthetic
2025-10-16,SKU006,LOC02,44,0,synthetic
2025-10-17,SKU006,LOC03,52,0,synthetic
2025-10-18,SKU006,LOC02,40,0,synthetic
2025-10-19,SKU006,LOC03,44,0,synthetic
2025-10-20,SKU006,LOC02,55,0,synthetic
2025-10-21,SKU006,LOC02,43,0,synthetic
2025-10-22,SKU006,LOC02,46,0,synthetic
2025-10-23,SKU006,LOC03,40,0,synthetic
2025-10-24,SKU006,LOC02,40,0,synthetic
2025-10-25,SKU006,LOC03,54,0,synthetic
2025-10-26,SKU006,LOC02,53,0,synthetic
2025-10-27,SKU006,LOC02,39,0,synthetic
2025-10-28,SKU006,LOC02,41,0,synthetic
2025-10-29,SKU006,LOC03,39,0,synthetic
2025-10-30,SKU006,LOC02,41,0,synthetic
2025-10-31,SKU006,LOC03,50,0,synthetic
2025-11-01,SKU006,LOC02,50,0,synthetic
2025-11-02,SKU006,LOC03,57,0,synthetic
2025-11-03,SKU006,LOC03,45,0,synthetic
2025-11-04,SKU006,LOC03,53,0,synthetic
2025-11-05,SKU006,LOC02,48,0,synthetic
2025-11-06,SKU006,LOC03,40,0,synthetic
2025-11-07,SKU006,LOC02,50,0,synthetic
2025-11-08,SKU006,LOC02,59,0,synthetic
2025-11-09,SKU006,LOC03,52,0,synthetic
2025-11-10,SKU006,LOC03,45,0,synthetic
2025-11-11,SKU006,LOC03,27,0,synthetic
2025-11-12,SKU006,LOC03,47,0,synthetic
2025-11-13,SKU006,LOC02,48,0,synthetic
2025-11-14,SKU006,LOC03,59,0,synthetic
2025-11-15,SKU006,LOC03,57,0,synthetic
2025-11-16,SKU006,LOC02,48,0,synthetic
2025-11-17,SKU006,LOC03,48,0,synthetic
2025-11-18,SKU006,LOC02,43,0,synthetic
2025-11-19,SKU006,LOC02,46,0,synthetic
2025-11-20,SKU006,LOC02,44,0,synthetic
2025-11-21,SKU006,LOC02,50,0,synthetic
2025-11-22,SKU006,LOC02,52,0,synthetic
2025-11-23,SKU006,LOC03,61,0,synthetic
2025-11-24,SKU006,LOC02,42,0,synthetic
2025-11-25,SKU006,LOC03,54,0,synthetic
2025-11-26,SKU006,LOC02,44,0,synthetic
2025-11-27,SKU006,LOC03,54,0,synthetic
2025-11-28,SKU006,LOC03,45,0,synthetic
2025-11-29,SKU006,LOC02,55,0,synthetic
2025-11-30,SKU006,LOC02,48,0,synthetic
2025-12-01,SKU006,LOC03,60,0,synthetic
2025-12-02,SKU006,LOC02,45,0,synthetic
2025-12-03,SKU006,LOC03,43,0,synthetic
2025-12-04,SKU006,LOC03,46,0,synthetic
2025-12-05,SKU006,LOC03,39,0,synthetic
2025-12-06,SKU006,LOC03,55,0,synthetic
2025-12-07,SKU006,LOC03,53,0,synthetic
2025-12-08,SKU006,LOC02,42,0,synthetic
2025-12-09,SKU006,LOC03,39,0,synthetic
2025-12-10,SKU006,LOC02,58,0,synthetic
2025-12-11,SKU006,LOC02,43,0,synthetic
2025-12-12,SKU006,LOC02,55,0,synthetic
2025-12-13,SKU006,LOC03,61,0,synthetic
2025-12-14,SKU006,LOC03,67,0,synthetic
2025-12-15,SKU006,LOC03,48,0,synthetic
2025-12-16,SKU006,LOC02,51,0,synthetic
2025-12-17,SKU006,LOC03,47,0,synthetic
2025-12-18,SKU006,LOC02,51,0,synthetic
2025-12-19,SKU006,LOC03,44,0,synthetic
2025-12-20,SKU006,LOC03,47,0,synthetic
2025-12-21,SKU006,LOC03,46,0,synthetic
2025-12-22,SKU006,LOC03,47,0,synthetic
2025-12-23,SKU006,LOC02,52,0,synthetic
2025-12-24,SKU006,LOC03,44,0,synthetic
2025-12-25,SKU006,LOC02,47,0,synthetic
2025-12-26,SKU006,LOC03,49,0,synthetic
2025-12-27,SKU006,LOC02,78,1,synthetic
2025-12-28,SKU006,LOC03,52,0,synthetic
2025-12-29,SKU006,LOC03,47,0,synthetic
2025-12-30,SKU006,LOC03,49,0,synthetic
2025-12-31,SKU006,LOC03,45,0,synthetic
2026-01-01,SKU006,LOC02,46,0,synthetic
2026-01-02,SKU006,LOC03,37,0,synthetic
2026-01-03,SKU006,LOC03,41,0,synthetic
2026-01-04,SKU006,LOC03,48,0,synthetic
2026-01-05,SKU006,LOC02,63,0,synthetic
2026-01-06,SKU006,LOC02,48,0,synthetic
2026-01-07,SKU006,LOC02,42,0,synthetic
2026-01-08,SKU006,LOC03,51,0,synthetic
2026-01-09,SKU006,LOC02,38,0,synthetic
2026-01-10,SKU006,LOC02,46,0,synthetic
2026-01-11,SKU006,LOC02,49,0,synthetic
2026-01-12,SKU006,LOC02,37,0,synthetic
2026-01-13,SKU006,LOC03,41,0,synthetic
2026-01-14,SKU006,LOC03,51,0,synthetic
2026-01-15,SKU006,LOC02,55,0,synthetic
2026-01-16,SKU006,LOC03,32,0,synthetic
2026-01-17,SKU006,LOC02,43,0,synthetic
2026-01-18,SKU006,LOC02,47,0,synthetic
2026-01-19,SKU006,LOC02,38,0,synthetic
2026-01-20,SKU006,LOC02,35,0,synthetic
2026-01-21,SKU006,LOC03,42,0,synthetic
2026-01-22,SKU006,LOC02,46,0,synthetic
2026-01-23,SKU006,LOC02,37,0,synthetic
2026-01-24,SKU006,LOC02,49,0,synthetic
2026-01-25,SKU006,LOC02,49,0,synthetic
2026-01-26,SKU006,LOC03,53,0,synthetic
2026-01-27,SKU006,LOC03,32,0,synthetic
2026-01-28,SKU006,LOC02,44,0,synthetic
2026-01-29,SKU006,LOC03,49,0,synthetic
2026-01-30,SKU006,LOC02,35,0,synthetic
2026-01-31,SKU006,LOC03,57,0,synthetic
2026-02-01,SKU006,LOC02,43,0,synthetic
2026-02-02,SKU006,LOC03,36,0,synthetic
2026-02-03,SKU006,LOC02,38,0,synthetic
2026-02-04,SKU006,LOC03,44,0,synthetic
2026-02-05,SKU006,LOC02,45,0,synthetic
2026-02-06,SKU006,LOC02,43,0,synthetic
2026-02-07,SKU006,LOC02,46,0,synthetic
2026-02-08,SKU006,LOC03,48,0,synthetic
2026-02-09,SKU006,LOC03,52,0,synthetic
2026-02-10,SKU006,LOC02,38,0,synthetic
2026-02-11,SKU006,LOC02,47,0,synthetic
2026-02-12,SKU006,LOC03,38,0,synthetic
2026-02-13,SKU006,LOC02,45,0,synthetic
2026-02-14,SKU006,LOC02,55,0,synthetic
2026-02-15,SKU006,LOC03,44,0,synthetic
2026-02-16,SKU006,LOC02,42,0,synthetic
2026-02-17,SKU006,LOC02,44,0,synthetic
2026-02-18,SKU006,LOC03,46,0,synthetic
2026-02-19,SKU006,LOC03,62,0,synthetic
2026-02-20,SKU006,LOC03,40,0,synthetic
2026-02-21,SKU006,LOC02,59,0,synthetic
2026-02-22,SKU006,LOC02,44,0,synthetic
2026-02-23,SKU006,LOC03,46,0,synthetic
2026-02-24,SKU006,LOC02,44,0,synthetic
2026-02-25,SKU006,LOC02,48,0,synthetic
2026-02-26,SKU006,LOC03,41,0,synthetic
2026-02-27,SKU006,LOC03,35,0,synthetic
2026-02-28,SKU006,LOC02,45,0,synthetic
2026-03-01,SKU006,LOC03,54,0,synthetic
2026-03-02,SKU006,LOC02,47,0,synthetic
2026-03-03,SKU006,LOC02,61,0,synthetic
2026-03-04,SKU006,LOC03,48,0,synthetic
2026-03-05,SKU006,LOC02,38,0,synthetic
2026-03-06,SKU006,LOC03,42,0,synthetic
2026-03-07,SKU006,LOC03,52,0,synthetic
2026-03-08,SKU006,LOC02,56,0,synthetic
2026-03-09,SKU006,LOC03,53,0,synthetic
2026-03-10,SKU006,LOC02,45,0,synthetic
2026-03-11,SKU006,LOC03,46,0,synthetic
2026-03-12,SKU006,LOC03,56,0,synthetic
2026-03-13,SKU006,LOC03,42,0,synthetic
2026-03-14,SKU006,LOC02,55,0,synthetic
2026-03-15,SKU006,LOC02,59,0,synthetic
2026-03-16,SKU006,LOC03,44,0,synthetic
2026-03-17,SKU006,LOC02,56,0,synthetic
2026-03-18,SKU006,LOC02,45,0,synthetic
2026-03-19,SKU006,LOC03,55,0,synthetic
2026-03-20,SKU006,LOC02,58,0,synthetic
2026-03-21,SKU006,LOC03,46,0,synthetic
2026-03-22,SKU006,LOC03,56,0,synthetic
2026-03-23,SKU006,LOC03,47,0,synthetic
2026-03-24,SKU006,LOC02,49,0,synthetic
2026-03-25,SKU006,LOC02,43,0,synthetic
2026-03-26,SKU006,LOC03,51,0,synthetic
2026-03-27,SKU006,LOC02,47,0,synthetic
2026-03-28,SKU006,LOC02,55,0,synthetic
2026-03-29,SKU006,LOC03,55,0,synthetic
2026-03-30,SKU006,LOC03,37,0,synthetic
2026-03-31,SKU006,LOC03,47,0,synthetic
2026-04-01,SKU006,LOC03,45,0,synthetic
2026-04-02,SKU006,LOC02,40,0,synthetic
2026-04-03,SKU006,LOC03,53,0,synthetic
2026-04-04,SKU006,LOC03,57,0,synthetic
2026-04-05,SKU006,LOC03,52,0,synthetic
2026-04-06,SKU006,LOC02,51,0,synthetic
2026-04-07,SKU006,LOC02,67,1,synthetic
2026-04-08,SKU006,LOC02,43,0,synthetic
2026-04-09,SKU006,LOC03,49,0,synthetic
2026-04-10,SKU006,LOC03,48,0,synthetic
2026-04-11,SKU006,LOC03,51,0,synthetic
2026-04-12,SKU006,LOC03,55,0,synthetic
2026-04-13,SKU006,LOC02,52,0,synthetic
2026-04-14,SKU006,LOC03,40,0,synthetic
2026-04-15,SKU006,LOC03,46,0,synthetic
2026-04-16,SKU006,LOC02,50,0,synthetic
2026-04-17,SKU006,LOC02,47,0,synthetic
2026-04-18,SKU006,LOC03,57,0,synthetic
2026-04-19,SKU006,LOC02,55,0,synthetic
2026-04-20,SKU006,LOC03,63,1,synthetic
2026-04-21,SKU006,LOC02,48,0,synthetic
2026-04-22,SKU006,LOC03,58,0,synthetic
2026-04-23,SKU006,LOC02,52,0,synthetic
2026-04-24,SKU006,LOC03,45,0,synthetic
2026-04-25,SKU006,LOC02,55,0,synthetic
2026-04-26,SKU006,LOC02,65,0,synthetic
2026-04-27,SKU006,LOC02,50,0,synthetic
2026-04-28,SKU006,LOC02,51,0,synthetic
2026-04-29,SKU006,LOC03,40,0,synthetic
2026-04-30,SKU006,LOC03,39,0,synthetic
2026-05-01,SKU006,LOC03,50,0,synthetic
2026-05-02,SKU006,LOC02,66,0,synthetic
2026-05-03,SKU006,LOC03,61,0,synthetic
2026-05-04,SKU006,LOC02,58,0,synthetic
2026-05-05,SKU006,LOC03,58,0,synthetic
2026-05-06,SKU006,LOC02,51,0,synthetic
2026-05-07,SKU006,LOC03,54,0,synthetic
2026-05-08,SKU006,LOC03,75,1,synthetic
2026-05-09,SKU006,LOC03,62,0,synthetic
2026-05-10,SKU006,LOC02,61,0,synthetic
2026-05-11,SKU006,LOC03,63,0,synthetic
2026-05-12,SKU006,LOC02,52,0,synthetic
2026-05-13,SKU006,LOC03,56,0,synthetic
2026-05-14,SKU006,LOC03,59,0,synthetic
2026-05-15,SKU006,LOC03,48,0,synthetic
2026-05-16,SKU006,LOC02,59,0,synthetic
2026-05-17,SKU006,LOC03,66,0,synthetic
2026-05-18,SKU006,LOC02,62,0,synthetic
2026-05-19,SKU006,LOC02,57,0,synthetic
2026-05-20,SKU006,LOC03,50,0,synthetic
2026-05-21,SKU006,LOC02,51,0,synthetic
2026-05-22,SKU006,LOC03,59,0,synthetic
2026-05-23,SKU006,LOC02,61,0,synthetic
2026-05-24,SKU006,LOC02,54,0,synthetic
2026-05-25,SKU006,LOC02,46,0,synthetic
2026-05-26,SKU006,LOC03,62,0,synthetic
2026-05-27,SKU006,LOC03,48,0,synthetic
2026-05-28,SKU006,LOC02,74,0,synthetic
2026-05-29,SKU006,LOC03,54,0,synthetic
2026-05-30,SKU006,LOC03,60,0,synthetic
2026-05-31,SKU006,LOC03,66,0,synthetic
2026-06-01,SKU006,LOC02,59,0,synthetic
2026-06-02,SKU006,LOC03,53,0,synthetic
2026-06-03,SKU006,LOC03,53,0,synthetic
2026-06-04,SKU006,LOC03,59,0,synthetic
2026-06-05,SKU006,LOC02,54,0,synthetic
2026-06-06,SKU006,LOC03,60,0,synthetic
2026-06-07,SKU006,LOC03,67,0,synthetic
2026-06-08,SKU006,LOC02,51,0,synthetic
2026-06-09,SKU006,LOC02,59,0,synthetic
2026-06-10,SKU006,LOC03,70,0,synthetic
2026-06-11,SKU006,LOC03,63,0,synthetic
2026-06-12,SKU006,LOC03,66,0,synthetic
2026-06-13,SKU006,LOC03,56,0,synthetic
2026-06-14,SKU006,LOC02,69,0,synthetic
2026-06-15,SKU006,LOC02,57,0,synthetic
2026-06-16,SKU006,LOC02,59,0,synthetic
2026-06-17,SKU006,LOC02,58,0,synthetic
2026-06-18,SKU006,LOC03,56,0,synthetic
2026-06-19,SKU006,LOC03,54,0,synthetic
2026-06-20,SKU006,LOC02,74,0,synthetic
2026-06-21,SKU006,LOC03,62,0,synthetic
2026-06-22,SKU006,LOC02,54,0,synthetic
2026-06-23,SKU006,LOC02,68,0,synthetic
2026-06-24,SKU006,LOC02,68,0,synthetic
2026-06-25,SKU006,LOC02,68,0,synthetic
2026-06-26,SKU006,LOC02,57,0,synthetic
2026-06-27,SKU006,LOC03,63,0,synthetic
2026-06-28,SKU006,LOC03,63,0,synthetic
2026-06-29,SKU006,LOC03,63,0,synthetic
2026-06-30,SKU006,LOC02,64,0,synthetic
2026-07-01,SKU006,LOC03,64,0,synthetic
2026-07-02,SKU006,LOC02,56,0,synthetic
2026-07-03,SKU006,LOC03,54,0,synthetic
2026-07-04,SKU006,LOC02,49,0,synthetic
2026-07-05,SKU006,LOC02,73,0,synthetic
2026-07-06,SKU006,LOC02,61,0,synthetic
2026-07-07,SKU006,LOC03,51,0,synthetic
2026-07-08,SKU006,LOC03,52,0,synthetic
2026-07-09,SKU006,LOC02,57,0,synthetic
2026-07-10,SKU006,LOC03,74,1,synthetic
2026-07-11,SKU006,LOC03,59,0,synthetic
2026-07-12,SKU006,LOC02,52,0,synthetic
2026-07-13,SKU006,LOC03,58,0,synthetic
2026-07-14,SKU006,LOC03,61,0,synthetic
2026-07-15,SKU006,LOC02,55,0,synthetic
2026-07-16,SKU006,LOC02,68,1,synthetic
2026-07-17,SKU006,LOC02,53,0,synthetic
2026-07-18,SKU006,LOC03,64,0,synthetic
2026-07-19,SKU006,LOC02,54,0,synthetic
2026-07-20,SKU006,LOC02,59,0,synthetic
2026-07-21,SKU006,LOC02,51,0,synthetic
2026-07-22,SKU006,LOC03,63,0,synthetic
2026-07-23,SKU006,LOC02,54,0,synthetic
2026-07-24,SKU006,LOC02,44,0,synthetic
2026-07-25,SKU006,LOC03,60,0,synthetic
2026-07-26,SKU006,LOC03,63,0,synthetic
2026-07-27,SKU006,LOC03,49,0,synthetic
2026-07-28,SKU006,LOC02,55,0,synthetic
2026-07-29,SKU006,LOC03,49,0,synthetic
2026-07-30,SKU006,LOC02,46,0,synthetic
2026-07-31,SKU006,LOC02,52,0,synthetic
2026-08-01,SKU006,LOC03,52,0,synthetic
2026-08-02,SKU006,LOC02,57,0,synthetic
2026-08-03,SKU006,LOC02,50,0,synthetic
2026-08-04,SKU006,LOC03,71,1,synthetic
2026-08-05,SKU006,LOC02,45,0,synthetic
2025-08-06,SKU007,LOC02,15,0,synthetic
2025-08-07,SKU007,LOC03,18,0,synthetic
2025-08-08,SKU007,LOC02,20,0,synthetic
2025-08-09,SKU007,LOC03,26,0,synthetic
2025-08-10,SKU007,LOC02,20,0,synthetic
2025-08-11,SKU007,LOC03,19,0,synthetic
2025-08-12,SKU007,LOC02,15,0,synthetic
2025-08-13,SKU007,LOC03,26,1,synthetic
2025-08-14,SKU007,LOC03,13,0,synthetic
2025-08-15,SKU007,LOC02,15,0,synthetic
2025-08-16,SKU007,LOC02,22,0,synthetic
2025-08-17,SKU007,LOC03,19,0,synthetic
2025-08-18,SKU007,LOC02,19,0,synthetic
2025-08-19,SKU007,LOC02,19,1,synthetic
2025-08-20,SKU007,LOC03,17,0,synthetic
2025-08-21,SKU007,LOC03,19,0,synthetic
2025-08-22,SKU007,LOC02,18,0,synthetic
2025-08-23,SKU007,LOC03,21,0,synthetic
2025-08-24,SKU007,LOC03,25,0,synthetic
2025-08-25,SKU007,LOC03,21,0,synthetic
2025-08-26,SKU007,LOC02,20,0,synthetic
2025-08-27,SKU007,LOC02,18,0,synthetic
2025-08-28,SKU007,LOC03,17,0,synthetic
2025-08-29,SKU007,LOC02,17,0,synthetic
2025-08-30,SKU007,LOC03,21,0,synthetic
2025-08-31,SKU007,LOC02,19,0,synthetic
2025-09-01,SKU007,LOC03,23,0,synthetic
2025-09-02,SKU007,LOC03,19,0,synthetic
2025-09-03,SKU007,LOC03,20,0,synthetic
2025-09-04,SKU007,LOC02,17,0,synthetic
2025-09-05,SKU007,LOC03,17,0,synthetic
2025-09-06,SKU007,LOC02,20,0,synthetic
2025-09-07,SKU007,LOC02,22,0,synthetic
2025-09-08,SKU007,LOC02,18,0,synthetic
2025-09-09,SKU007,LOC02,13,0,synthetic
2025-09-10,SKU007,LOC03,17,0,synthetic
2025-09-11,SKU007,LOC02,25,1,synthetic
2025-09-12,SKU007,LOC03,20,0,synthetic
2025-09-13,SKU007,LOC03,21,0,synthetic
2025-09-14,SKU007,LOC03,21,0,synthetic
2025-09-15,SKU007,LOC02,22,0,synthetic
2025-09-16,SKU007,LOC02,14,0,synthetic
2025-09-17,SKU007,LOC03,18,0,synthetic
2025-09-18,SKU007,LOC02,20,0,synthetic
2025-09-19,SKU007,LOC03,17,0,synthetic
2025-09-20,SKU007,LOC03,19,0,synthetic
2025-09-21,SKU007,LOC03,23,0,synthetic
2025-09-22,SKU007,LOC02,22,0,synthetic
2025-09-23,SKU007,LOC02,18,0,synthetic
2025-09-24,SKU007,LOC03,18,0,synthetic
2025-09-25,SKU007,LOC02,14,0,synthetic
2025-09-26,SKU007,LOC02,30,1,synthetic
2025-09-27,SKU007,LOC03,19,0,synthetic
2025-09-28,SKU007,LOC03,25,0,synthetic
2025-09-29,SKU007,LOC02,13,0,synthetic
2025-09-30,SKU007,LOC03,22,0,synthetic
2025-10-01,SKU007,LOC02,17,0,synthetic
2025-10-02,SKU007,LOC02,15,0,synthetic
2025-10-03,SKU007,LOC03,19,0,synthetic
2025-10-04,SKU007,LOC02,21,0,synthetic
2025-10-05,SKU007,LOC02,20,0,synthetic
2025-10-06,SKU007,LOC03,16,0,synthetic
2025-10-07,SKU007,LOC03,16,0,synthetic
2025-10-08,SKU007,LOC02,22,1,synthetic
2025-10-09,SKU007,LOC03,18,0,synthetic
2025-10-10,SKU007,LOC02,24,1,synthetic
2025-10-11,SKU007,LOC03,20,0,synthetic
2025-10-12,SKU007,LOC02,23,0,synthetic
2025-10-13,SKU007,LOC03,20,0,synthetic
2025-10-14,SKU007,LOC02,19,0,synthetic
2025-10-15,SKU007,LOC02,20,0,synthetic
2025-10-16,SKU007,LOC03,17,0,synthetic
2025-10-17,SKU007,LOC03,20,0,synthetic
2025-10-18,SKU007,LOC02,18,0,synthetic
2025-10-19,SKU007,LOC03,23,0,synthetic
2025-10-20,SKU007,LOC02,19,0,synthetic
2025-10-21,SKU007,LOC02,16,0,synthetic
2025-10-22,SKU007,LOC02,15,0,synthetic
2025-10-23,SKU007,LOC03,17,0,synthetic
2025-10-24,SKU007,LOC02,18,0,synthetic
2025-10-25,SKU007,LOC03,24,0,synthetic
2025-10-26,SKU007,LOC02,17,0,synthetic
2025-10-27,SKU007,LOC03,21,0,synthetic
2025-10-28,SKU007,LOC02,20,0,synthetic
2025-10-29,SKU007,LOC02,21,0,synthetic
2025-10-30,SKU007,LOC02,19,0,synthetic
2025-10-31,SKU007,LOC02,15,0,synthetic
2025-11-01,SKU007,LOC02,22,0,synthetic
2025-11-02,SKU007,LOC02,24,0,synthetic
2025-11-03,SKU007,LOC02,16,0,synthetic
2025-11-04,SKU007,LOC03,18,0,synthetic
2025-11-05,SKU007,LOC03,19,0,synthetic
2025-11-06,SKU007,LOC03,17,0,synthetic
2025-11-07,SKU007,LOC02,15,0,synthetic
2025-11-08,SKU007,LOC03,20,0,synthetic
2025-11-09,SKU007,LOC03,18,0,synthetic
2025-11-10,SKU007,LOC02,18,0,synthetic
2025-11-11,SKU007,LOC02,19,0,synthetic
2025-11-12,SKU007,LOC02,22,0,synthetic
2025-11-13,SKU007,LOC02,19,0,synthetic
2025-11-14,SKU007,LOC02,18,0,synthetic
2025-11-15,SKU007,LOC03,23,0,synthetic
2025-11-16,SKU007,LOC02,18,0,synthetic
2025-11-17,SKU007,LOC03,15,0,synthetic
2025-11-18,SKU007,LOC03,17,0,synthetic
2025-11-19,SKU007,LOC02,18,0,synthetic
2025-11-20,SKU007,LOC03,18,0,synthetic
2025-11-21,SKU007,LOC02,22,1,synthetic
2025-11-22,SKU007,LOC02,19,0,synthetic
2025-11-23,SKU007,LOC02,21,0,synthetic
2025-11-24,SKU007,LOC02,19,0,synthetic
2025-11-25,SKU007,LOC02,15,0,synthetic
2025-11-26,SKU007,LOC02,18,0,synthetic
2025-11-27,SKU007,LOC03,15,0,synthetic
2025-11-28,SKU007,LOC03,18,0,synthetic
2025-11-29,SKU007,LOC02,25,1,synthetic
2025-11-30,SKU007,LOC02,17,0,synthetic
2025-12-01,SKU007,LOC02,18,0,synthetic
2025-12-02,SKU007,LOC02,16,0,synthetic
2025-12-03,SKU007,LOC02,22,0,synthetic
2025-12-04,SKU007,LOC02,16,0,synthetic
2025-12-05,SKU007,LOC03,17,0,synthetic
2025-12-06,SKU007,LOC02,25,0,synthetic
2025-12-07,SKU007,LOC02,18,0,synthetic
2025-12-08,SKU007,LOC02,19,0,synthetic
2025-12-09,SKU007,LOC03,14,0,synthetic
2025-12-10,SKU007,LOC02,15,0,synthetic
2025-12-11,SKU007,LOC03,16,0,synthetic
2025-12-12,SKU007,LOC02,20,0,synthetic
2025-12-13,SKU007,LOC02,18,0,synthetic
2025-12-14,SKU007,LOC03,18,0,synthetic
2025-12-15,SKU007,LOC03,19,0,synthetic
2025-12-16,SKU007,LOC03,17,0,synthetic
2025-12-17,SKU007,LOC03,18,0,synthetic
2025-12-18,SKU007,LOC02,19,0,synthetic
2025-12-19,SKU007,LOC03,19,0,synthetic
2025-12-20,SKU007,LOC02,17,0,synthetic
2025-12-21,SKU007,LOC02,27,1,synthetic
2025-12-22,SKU007,LOC02,16,0,synthetic
2025-12-23,SKU007,LOC02,17,0,synthetic
2025-12-24,SKU007,LOC03,15,0,synthetic
2025-12-25,SKU007,LOC02,24,0,synthetic
2025-12-26,SKU007,LOC02,18,0,synthetic
2025-12-27,SKU007,LOC02,18,0,synthetic
2025-12-28,SKU007,LOC03,17,0,synthetic
2025-12-29,SKU007,LOC02,19,0,synthetic
2025-12-30,SKU007,LOC02,21,0,synthetic
2025-12-31,SKU007,LOC02,19,0,synthetic
2026-01-01,SKU007,LOC02,19,1,synthetic
2026-01-02,SKU007,LOC03,16,0,synthetic
2026-01-03,SKU007,LOC03,20,0,synthetic
2026-01-04,SKU007,LOC03,26,1,synthetic
2026-01-05,SKU007,LOC02,13,0,synthetic
2026-01-06,SKU007,LOC03,20,0,synthetic
2026-01-07,SKU007,LOC03,16,0,synthetic
2026-01-08,SKU007,LOC02,17,0,synthetic
2026-01-09,SKU007,LOC02,17,0,synthetic
2026-01-10,SKU007,LOC02,15,0,synthetic
2026-01-11,SKU007,LOC02,14,0,synthetic
2026-01-12,SKU007,LOC03,15,0,synthetic
2026-01-13,SKU007,LOC03,18,0,synthetic
2026-01-14,SKU007,LOC02,16,0,synthetic
2026-01-15,SKU007,LOC03,14,0,synthetic
2026-01-16,SKU007,LOC02,15,0,synthetic
2026-01-17,SKU007,LOC02,19,0,synthetic
2026-01-18,SKU007,LOC03,18,0,synthetic
2026-01-19,SKU007,LOC02,16,0,synthetic
2026-01-20,SKU007,LOC02,17,0,synthetic
2026-01-21,SKU007,LOC02,14,0,synthetic
2026-01-22,SKU007,LOC03,17,0,synthetic
2026-01-23,SKU007,LOC02,15,0,synthetic
2026-01-24,SKU007,LOC02,14,0,synthetic
2026-01-25,SKU007,LOC03,16,0,synthetic
2026-01-26,SKU007,LOC02,13,0,synthetic
2026-01-27,SKU007,LOC02,13,0,synthetic
2026-01-28,SKU007,LOC02,17,0,synthetic
2026-01-29,SKU007,LOC03,18,0,synthetic
2026-01-30,SKU007,LOC02,17,0,synthetic
2026-01-31,SKU007,LOC02,20,0,synthetic
2026-02-01,SKU007,LOC03,17,0,synthetic
2026-02-02,SKU007,LOC02,16,0,synthetic
2026-02-03,SKU007,LOC02,20,0,synthetic
2026-02-04,SKU007,LOC02,10,0,synthetic
2026-02-05,SKU007,LOC03,14,0,synthetic
2026-02-06,SKU007,LOC02,20,0,synthetic
2026-02-07,SKU007,LOC02,21,0,synthetic
2026-02-08,SKU007,LOC02,22,0,synthetic
2026-02-09,SKU007,LOC02,21,0,synthetic
2026-02-10,SKU007,LOC03,18,0,synthetic
2026-02-11,SKU007,LOC02,16,0,synthetic
2026-02-12,SKU007,LOC02,20,0,synthetic
2026-02-13,SKU007,LOC02,16,0,synthetic
2026-02-14,SKU007,LOC03,15,0,synthetic
2026-02-15,SKU007,LOC03,14,0,synthetic
2026-02-16,SKU007,LOC03,16,0,synthetic
2026-02-17,SKU007,LOC03,17,0,synthetic
2026-02-18,SKU007,LOC02,14,0,synthetic
2026-02-19,SKU007,LOC02,16,0,synthetic
2026-02-20,SKU007,LOC02,20,0,synthetic
2026-02-21,SKU007,LOC02,20,0,synthetic
2026-02-22,SKU007,LOC03,15,0,synthetic
2026-02-23,SKU007,LOC03,19,0,synthetic
2026-02-24,SKU007,LOC02,19,0,synthetic
2026-02-25,SKU007,LOC03,16,0,synthetic
2026-02-26,SKU007,LOC02,14,0,synthetic
2026-02-27,SKU007,LOC02,16,0,synthetic
2026-02-28,SKU007,LOC03,18,0,synthetic
2026-03-01,SKU007,LOC03,32,1,synthetic
2026-03-02,SKU007,LOC03,21,0,synthetic
2026-03-03,SKU007,LOC03,14,0,synthetic
2026-03-04,SKU007,LOC02,18,0,synthetic
2026-03-05,SKU007,LOC03,18,0,synthetic
2026-03-06,SKU007,LOC03,16,0,synthetic
2026-03-07,SKU007,LOC03,19,0,synthetic
2026-03-08,SKU007,LOC02,18,0,synthetic
2026-03-09,SKU007,LOC03,17,0,synthetic
2026-03-10,SKU007,LOC03,16,0,synthetic
2026-03-11,SKU007,LOC02,22,0,synthetic
2026-03-12,SKU007,LOC03,26,1,synthetic
2026-03-13,SKU007,LOC02,18,0,synthetic
2026-03-14,SKU007,LOC03,19,0,synthetic
2026-03-15,SKU007,LOC03,18,0,synthetic
2026-03-16,SKU007,LOC03,21,0,synthetic
2026-03-17,SKU007,LOC02,18,0,synthetic
2026-03-18,SKU007,LOC02,22,0,synthetic
2026-03-19,SKU007,LOC02,23,0,synthetic
2026-03-20,SKU007,LOC02,18,0,synthetic
2026-03-21,SKU007,LOC03,17,0,synthetic
2026-03-22,SKU007,LOC03,21,0,synthetic
2026-03-23,SKU007,LOC03,16,0,synthetic
2026-03-24,SKU007,LOC03,16,0,synthetic
2026-03-25,SKU007,LOC03,19,0,synthetic
2026-03-26,SKU007,LOC02,18,0,synthetic
2026-03-27,SKU007,LOC02,24,1,synthetic
2026-03-28,SKU007,LOC03,20,0,synthetic
2026-03-29,SKU007,LOC03,18,0,synthetic
2026-03-30,SKU007,LOC03,21,1,synthetic
2026-03-31,SKU007,LOC02,23,0,synthetic
2026-04-01,SKU007,LOC03,20,0,synthetic
2026-04-02,SKU007,LOC02,21,0,synthetic
2026-04-03,SKU007,LOC03,16,0,synthetic
2026-04-04,SKU007,LOC02,21,0,synthetic
2026-04-05,SKU007,LOC02,28,1,synthetic
2026-04-06,SKU007,LOC03,19,0,synthetic
2026-04-07,SKU007,LOC02,18,0,synthetic
2026-04-08,SKU007,LOC02,18,0,synthetic
2026-04-09,SKU007,LOC02,18,0,synthetic
2026-04-10,SKU007,LOC03,20,0,synthetic
2026-04-11,SKU007,LOC02,21,0,synthetic
2026-04-12,SKU007,LOC03,21,0,synthetic
2026-04-13,SKU007,LOC03,18,0,synthetic
2026-04-14,SKU007,LOC03,19,0,synthetic
2026-04-15,SKU007,LOC03,20,0,synthetic
2026-04-16,SKU007,LOC03,21,0,synthetic
2026-04-17,SKU007,LOC02,18,0,synthetic
2026-04-18,SKU007,LOC02,22,0,synthetic
2026-04-19,SKU007,LOC02,17,0,synthetic
2026-04-20,SKU007,LOC03,17,0,synthetic
2026-04-21,SKU007,LOC02,18,0,synthetic
2026-04-22,SKU007,LOC03,13,0,synthetic
2026-04-23,SKU007,LOC03,18,0,synthetic
2026-04-24,SKU007,LOC02,18,0,synthetic
2026-04-25,SKU007,LOC03,22,0,synthetic
2026-04-26,SKU007,LOC03,21,0,synthetic
2026-04-27,SKU007,LOC02,19,0,synthetic
2026-04-28,SKU007,LOC02,17,0,synthetic
2026-04-29,SKU007,LOC03,18,0,synthetic
2026-04-30,SKU007,LOC03,17,0,synthetic
2026-05-01,SKU007,LOC03,23,0,synthetic
2026-05-02,SKU007,LOC02,26,0,synthetic
2026-05-03,SKU007,LOC02,23,0,synthetic
2026-05-04,SKU007,LOC02,20,0,synthetic
2026-05-05,SKU007,LOC02,16,0,synthetic
2026-05-06,SKU007,LOC03,21,0,synthetic
2026-05-07,SKU007,LOC02,23,0,synthetic
2026-05-08,SKU007,LOC03,16,0,synthetic
2026-05-09,SKU007,LOC03,26,0,synthetic
2026-05-10,SKU007,LOC02,26,0,synthetic
2026-05-11,SKU007,LOC03,25,1,synthetic
2026-05-12,SKU007,LOC02,22,0,synthetic
2026-05-13,SKU007,LOC03,21,0,synthetic
2026-05-14,SKU007,LOC03,20,0,synthetic
2026-05-15,SKU007,LOC03,17,0,synthetic
2026-05-16,SKU007,LOC02,21,0,synthetic
2026-05-17,SKU007,LOC02,24,0,synthetic
2026-05-18,SKU007,LOC02,25,0,synthetic
2026-05-19,SKU007,LOC02,20,0,synthetic
2026-05-20,SKU007,LOC02,21,0,synthetic
2026-05-21,SKU007,LOC03,19,0,synthetic
2026-05-22,SKU007,LOC03,22,0,synthetic
2026-05-23,SKU007,LOC03,23,0,synthetic
2026-05-24,SKU007,LOC03,26,0,synthetic
2026-05-25,SKU007,LOC02,21,0,synthetic
2026-05-26,SKU007,LOC03,20,0,synthetic
2026-05-27,SKU007,LOC02,22,0,synthetic
2026-05-28,SKU007,LOC02,19,0,synthetic
2026-05-29,SKU007,LOC02,21,0,synthetic
2026-05-30,SKU007,LOC03,18,0,synthetic
2026-05-31,SKU007,LOC03,21,0,synthetic
2026-06-01,SKU007,LOC02,20,0,synthetic
2026-06-02,SKU007,LOC02,24,0,synthetic
2026-06-03,SKU007,LOC02,19,0,synthetic
2026-06-04,SKU007,LOC03,22,0,synthetic
2026-06-05,SKU007,LOC03,25,0,synthetic
2026-06-06,SKU007,LOC03,25,0,synthetic
2026-06-07,SKU007,LOC03,23,0,synthetic
2026-06-08,SKU007,LOC02,20,0,synthetic
2026-06-09,SKU007,LOC03,21,0,synthetic
2026-06-10,SKU007,LOC02,25,1,synthetic
2026-06-11,SKU007,LOC03,22,0,synthetic
2026-06-12,SKU007,LOC03,25,0,synthetic
2026-06-13,SKU007,LOC02,27,0,synthetic
2026-06-14,SKU007,LOC03,21,0,synthetic
2026-06-15,SKU007,LOC02,21,0,synthetic
2026-06-16,SKU007,LOC02,22,0,synthetic
2026-06-17,SKU007,LOC02,20,0,synthetic
2026-06-18,SKU007,LOC02,22,0,synthetic
2026-06-19,SKU007,LOC02,16,0,synthetic
2026-06-20,SKU007,LOC02,23,0,synthetic
2026-06-21,SKU007,LOC02,25,0,synthetic
2026-06-22,SKU007,LOC02,23,0,synthetic
2026-06-23,SKU007,LOC02,24,0,synthetic
2026-06-24,SKU007,LOC03,19,0,synthetic
2026-06-25,SKU007,LOC03,20,0,synthetic
2026-06-26,SKU007,LOC02,22,0,synthetic
2026-06-27,SKU007,LOC03,24,0,synthetic
2026-06-28,SKU007,LOC02,24,0,synthetic
2026-06-29,SKU007,LOC02,20,0,synthetic
2026-06-30,SKU007,LOC03,20,0,synthetic
2026-07-01,SKU007,LOC03,20,0,synthetic
2026-07-02,SKU007,LOC03,25,0,synthetic
2026-07-03,SKU007,LOC02,17,0,synthetic
2026-07-04,SKU007,LOC03,24,0,synthetic
2026-07-05,SKU007,LOC02,21,0,synthetic
2026-07-06,SKU007,LOC02,17,0,synthetic
2026-07-07,SKU007,LOC03,19,0,synthetic
2026-07-08,SKU007,LOC02,23,0,synthetic
2026-07-09,SKU007,LOC03,21,0,synthetic
2026-07-10,SKU007,LOC02,21,0,synthetic
2026-07-11,SKU007,LOC03,27,0,synthetic
2026-07-12,SKU007,LOC02,24,0,synthetic
2026-07-13,SKU007,LOC02,23,0,synthetic
2026-07-14,SKU007,LOC02,22,0,synthetic
2026-07-15,SKU007,LOC03,23,0,synthetic
2026-07-16,SKU007,LOC02,23,0,synthetic
2026-07-17,SKU007,LOC03,20,0,synthetic
2026-07-18,SKU007,LOC03,17,0,synthetic
2026-07-19,SKU007,LOC02,22,0,synthetic
2026-07-20,SKU007,LOC02,20,0,synthetic
2026-07-21,SKU007,LOC03,21,0,synthetic
2026-07-22,SKU007,LOC03,23,0,synthetic
2026-07-23,SKU007,LOC02,24,0,synthetic
2026-07-24,SKU007,LOC03,19,0,synthetic
2026-07-25,SKU007,LOC02,22,0,synthetic
2026-07-26,SKU007,LOC03,26,0,synthetic
2026-07-27,SKU007,LOC03,20,0,synthetic
2026-07-28,SKU007,LOC02,19,0,synthetic
2026-07-29,SKU007,LOC03,19,0,synthetic
2026-07-30,SKU007,LOC03,21,0,synthetic
2026-07-31,SKU007,LOC03,20,0,synthetic
2026-08-01,SKU007,LOC02,20,0,synthetic
2026-08-02,SKU007,LOC02,22,0,synthetic
2026-08-03,SKU007,LOC03,18,0,synthetic
2026-08-04,SKU007,LOC02,19,0,synthetic
2026-08-05,SKU007,LOC02,18,0,synthetic
2025-08-06,SKU008,LOC02,65,0,synthetic
2025-08-07,SKU008,LOC02,72,0,synthetic
2025-08-08,SKU008,LOC02,55,0,synthetic
2025-08-09,SKU008,LOC03,72,0,synthetic
2025-08-10,SKU008,LOC02,64,0,synthetic
2025-08-11,SKU008,LOC02,65,0,synthetic
2025-08-12,SKU008,LOC02,64,0,synthetic
2025-08-13,SKU008,LOC02,49,0,synthetic
2025-08-14,SKU008,LOC03,57,0,synthetic
2025-08-15,SKU008,LOC02,69,0,synthetic
2025-08-16,SKU008,LOC03,70,0,synthetic
2025-08-17,SKU008,LOC03,66,0,synthetic
2025-08-18,SKU008,LOC03,69,0,synthetic
2025-08-19,SKU008,LOC02,80,0,synthetic
2025-08-20,SKU008,LOC03,72,0,synthetic
2025-08-21,SKU008,LOC03,64,0,synthetic
2025-08-22,SKU008,LOC03,70,1,synthetic
2025-08-23,SKU008,LOC03,66,0,synthetic
2025-08-24,SKU008,LOC03,82,0,synthetic
2025-08-25,SKU008,LOC03,61,0,synthetic
2025-08-26,SKU008,LOC02,56,0,synthetic
2025-08-27,SKU008,LOC02,67,0,synthetic
2025-08-28,SKU008,LOC02,75,0,synthetic
2025-08-29,SKU008,LOC02,68,0,synthetic
2025-08-30,SKU008,LOC02,71,0,synthetic
2025-08-31,SKU008,LOC03,79,0,synthetic
2025-09-01,SKU008,LOC02,59,0,synthetic
2025-09-02,SKU008,LOC02,59,0,synthetic
2025-09-03,SKU008,LOC02,53,0,synthetic
2025-09-04,SKU008,LOC02,71,0,synthetic
2025-09-05,SKU008,LOC03,66,0,synthetic
2025-09-06,SKU008,LOC02,72,0,synthetic
2025-09-07,SKU008,LOC03,62,0,synthetic
2025-09-08,SKU008,LOC02,67,0,synthetic
2025-09-09,SKU008,LOC03,60,0,synthetic
2025-09-10,SKU008,LOC02,77,0,synthetic
2025-09-11,SKU008,LOC03,55,0,synthetic
2025-09-12,SKU008,LOC02,62,0,synthetic
2025-09-13,SKU008,LOC03,75,0,synthetic
2025-09-14,SKU008,LOC02,69,0,synthetic
2025-09-15,SKU008,LOC02,73,0,synthetic
2025-09-16,SKU008,LOC02,60,0,synthetic
2025-09-17,SKU008,LOC03,61,0,synthetic
2025-09-18,SKU008,LOC02,60,0,synthetic
2025-09-19,SKU008,LOC02,65,0,synthetic
2025-09-20,SKU008,LOC03,67,0,synthetic
2025-09-21,SKU008,LOC02,65,0,synthetic
2025-09-22,SKU008,LOC03,55,0,synthetic
2025-09-23,SKU008,LOC03,58,0,synthetic
2025-09-24,SKU008,LOC03,59,0,synthetic
2025-09-25,SKU008,LOC03,62,0,synthetic
2025-09-26,SKU008,LOC03,58,0,synthetic
2025-09-27,SKU008,LOC02,71,0,synthetic
2025-09-28,SKU008,LOC03,91,1,synthetic
2025-09-29,SKU008,LOC02,73,0,synthetic
2025-09-30,SKU008,LOC03,57,0,synthetic
2025-10-01,SKU008,LOC02,64,0,synthetic
2025-10-02,SKU008,LOC02,57,0,synthetic
2025-10-03,SKU008,LOC03,58,0,synthetic
2025-10-04,SKU008,LOC02,79,0,synthetic
2025-10-05,SKU008,LOC03,83,0,synthetic
2025-10-06,SKU008,LOC02,55,0,synthetic
2025-10-07,SKU008,LOC02,57,0,synthetic
2025-10-08,SKU008,LOC02,58,0,synthetic
2025-10-09,SKU008,LOC02,60,0,synthetic
2025-10-10,SKU008,LOC03,56,0,synthetic
2025-10-11,SKU008,LOC02,107,1,synthetic
2025-10-12,SKU008,LOC03,91,1,synthetic
2025-10-13,SKU008,LOC02,65,0,synthetic
2025-10-14,SKU008,LOC03,55,0,synthetic
2025-10-15,SKU008,LOC03,60,0,synthetic
2025-10-16,SKU008,LOC02,55,0,synthetic
2025-10-17,SKU008,LOC03,68,0,synthetic
2025-10-18,SKU008,LOC02,74,0,synthetic
2025-10-19,SKU008,LOC02,81,0,synthetic
2025-10-20,SKU008,LOC02,53,0,synthetic
2025-10-21,SKU008,LOC03,56,0,synthetic
2025-10-22,SKU008,LOC03,61,0,synthetic
2025-10-23,SKU008,LOC02,72,0,synthetic
2025-10-24,SKU008,LOC03,71,0,synthetic
2025-10-25,SKU008,LOC03,74,0,synthetic
2025-10-26,SKU008,LOC02,69,0,synthetic
2025-10-27,SKU008,LOC03,88,1,synthetic
2025-10-28,SKU008,LOC02,62,0,synthetic
2025-10-29,SKU008,LOC03,67,0,synthetic
2025-10-30,SKU008,LOC02,67,0,synthetic
2025-10-31,SKU008,LOC03,63,0,synthetic
2025-11-01,SKU008,LOC03,69,0,synthetic
2025-11-02,SKU008,LOC03,60,0,synthetic
2025-11-03,SKU008,LOC02,53,0,synthetic
2025-11-04,SKU008,LOC03,65,0,synthetic
2025-11-05,SKU008,LOC03,54,0,synthetic
2025-11-06,SKU008,LOC03,63,0,synthetic
2025-11-07,SKU008,LOC03,68,0,synthetic
2025-11-08,SKU008,LOC02,74,0,synthetic
2025-11-09,SKU008,LOC02,68,0,synthetic
2025-11-10,SKU008,LOC03,79,0,synthetic
2025-11-11,SKU008,LOC03,74,0,synthetic
2025-11-12,SKU008,LOC02,66,0,synthetic
2025-11-13,SKU008,LOC02,62,0,synthetic
2025-11-14,SKU008,LOC03,91,1,synthetic
2025-11-15,SKU008,LOC02,64,0,synthetic
2025-11-16,SKU008,LOC02,80,0,synthetic
2025-11-17,SKU008,LOC02,49,0,synthetic
2025-11-18,SKU008,LOC03,53,0,synthetic
2025-11-19,SKU008,LOC02,46,0,synthetic
2025-11-20,SKU008,LOC02,65,0,synthetic
2025-11-21,SKU008,LOC03,53,0,synthetic
2025-11-22,SKU008,LOC02,77,0,synthetic
2025-11-23,SKU008,LOC02,79,0,synthetic
2025-11-24,SKU008,LOC03,67,0,synthetic
2025-11-25,SKU008,LOC03,67,0,synthetic
2025-11-26,SKU008,LOC03,58,0,synthetic
2025-11-27,SKU008,LOC03,69,0,synthetic
2025-11-28,SKU008,LOC03,64,0,synthetic
2025-11-29,SKU008,LOC02,72,0,synthetic
2025-11-30,SKU008,LOC02,70,0,synthetic
2025-12-01,SKU008,LOC03,65,0,synthetic
2025-12-02,SKU008,LOC02,55,0,synthetic
2025-12-03,SKU008,LOC02,66,0,synthetic
2025-12-04,SKU008,LOC03,62,0,synthetic
2025-12-05,SKU008,LOC03,60,0,synthetic
2025-12-06,SKU008,LOC03,74,0,synthetic
2025-12-07,SKU008,LOC03,75,0,synthetic
2025-12-08,SKU008,LOC03,62,0,synthetic
2025-12-09,SKU008,LOC03,78,1,synthetic
2025-12-10,SKU008,LOC03,53,0,synthetic
2025-12-11,SKU008,LOC02,56,0,synthetic
2025-12-12,SKU008,LOC03,71,0,synthetic
2025-12-13,SKU008,LOC02,75,0,synthetic
2025-12-14,SKU008,LOC02,83,0,synthetic
2025-12-15,SKU008,LOC02,65,0,synthetic
2025-12-16,SKU008,LOC02,60,0,synthetic
2025-12-17,SKU008,LOC03,67,0,synthetic
2025-12-18,SKU008,LOC03,64,0,synthetic
2025-12-19,SKU008,LOC02,64,0,synthetic
2025-12-20,SKU008,LOC03,68,0,synthetic
2025-12-21,SKU008,LOC02,71,0,synthetic
2025-12-22,SKU008,LOC02,79,0,synthetic
2025-12-23,SKU008,LOC02,53,0,synthetic
2025-12-24,SKU008,LOC02,67,0,synthetic
2025-12-25,SKU008,LOC02,55,0,synthetic
2025-12-26,SKU008,LOC02,68,0,synthetic
2025-12-27,SKU008,LOC03,74,0,synthetic
2025-12-28,SKU008,LOC03,55,0,synthetic
2025-12-29,SKU008,LOC03,73,0,synthetic
2025-12-30,SKU008,LOC02,61,0,synthetic
2025-12-31,SKU008,LOC02,71,0,synthetic
2026-01-01,SKU008,LOC03,57,0,synthetic
2026-01-02,SKU008,LOC03,39,0,synthetic
2026-01-03,SKU008,LOC03,60,0,synthetic
2026-01-04,SKU008,LOC03,65,0,synthetic
2026-01-05,SKU008,LOC02,52,0,synthetic
2026-01-06,SKU008,LOC03,51,0,synthetic
2026-01-07,SKU008,LOC03,77,0,synthetic
2026-01-08,SKU008,LOC03,50,0,synthetic
2026-01-09,SKU008,LOC02,69,0,synthetic
2026-01-10,SKU008,LOC02,75,0,synthetic
2026-01-11,SKU008,LOC03,57,0,synthetic
2026-01-12,SKU008,LOC02,60,0,synthetic
2026-01-13,SKU008,LOC02,61,0,synthetic
2026-01-14,SKU008,LOC03,51,0,synthetic
2026-01-15,SKU008,LOC03,65,0,synthetic
2026-01-16,SKU008,LOC03,54,0,synthetic
2026-01-17,SKU008,LOC02,57,0,synthetic
2026-01-18,SKU008,LOC02,64,0,synthetic
2026-01-19,SKU008,LOC02,75,0,synthetic
2026-01-20,SKU008,LOC03,52,0,synthetic
2026-01-21,SKU008,LOC03,61,0,synthetic
2026-01-22,SKU008,LOC02,56,0,synthetic
2026-01-23,SKU008,LOC03,51,0,synthetic
2026-01-24,SKU008,LOC03,50,0,synthetic
2026-01-25,SKU008,LOC03,67,0,synthetic
2026-01-26,SKU008,LOC03,67,0,synthetic
2026-01-27,SKU008,LOC03,62,0,synthetic
2026-01-28,SKU008,LOC03,67,0,synthetic
2026-01-29,SKU008,LOC02,69,0,synthetic
2026-01-30,SKU008,LOC03,65,0,synthetic
2026-01-31,SKU008,LOC02,63,0,synthetic
2026-02-01,SKU008,LOC03,66,0,synthetic
2026-02-02,SKU008,LOC03,71,0,synthetic
2026-02-03,SKU008,LOC02,56,0,synthetic
2026-02-04,SKU008,LOC02,60,0,synthetic
2026-02-05,SKU008,LOC03,65,0,synthetic
2026-02-06,SKU008,LOC03,72,0,synthetic
2026-02-07,SKU008,LOC02,51,0,synthetic
2026-02-08,SKU008,LOC03,58,0,synthetic
2026-02-09,SKU008,LOC03,62,0,synthetic
2026-02-10,SKU008,LOC02,71,0,synthetic
2026-02-11,SKU008,LOC03,73,0,synthetic
2026-02-12,SKU008,LOC03,69,1,synthetic
2026-02-13,SKU008,LOC03,66,0,synthetic
2026-02-14,SKU008,LOC02,72,0,synthetic
2026-02-15,SKU008,LOC03,67,0,synthetic
2026-02-16,SKU008,LOC03,68,0,synthetic
2026-02-17,SKU008,LOC02,59,0,synthetic
2026-02-18,SKU008,LOC03,60,0,synthetic
2026-02-19,SKU008,LOC03,48,0,synthetic
2026-02-20,SKU008,LOC02,79,0,synthetic
2026-02-21,SKU008,LOC03,78,0,synthetic
2026-02-22,SKU008,LOC03,85,0,synthetic
2026-02-23,SKU008,LOC02,53,0,synthetic
2026-02-24,SKU008,LOC03,53,0,synthetic
2026-02-25,SKU008,LOC02,91,1,synthetic
2026-02-26,SKU008,LOC03,55,0,synthetic
2026-02-27,SKU008,LOC03,60,0,synthetic
2026-02-28,SKU008,LOC02,57,0,synthetic
2026-03-01,SKU008,LOC03,78,0,synthetic
2026-03-02,SKU008,LOC03,52,0,synthetic
2026-03-03,SKU008,LOC02,77,0,synthetic
2026-03-04,SKU008,LOC03,66,0,synthetic
2026-03-05,SKU008,LOC03,82,1,synthetic
2026-03-06,SKU008,LOC02,61,0,synthetic
2026-03-07,SKU008,LOC03,105,1,synthetic
2026-03-08,SKU008,LOC02,69,0,synthetic
2026-03-09,SKU008,LOC03,57,0,synthetic
2026-03-10,SKU008,LOC03,61,0,synthetic
2026-03-11,SKU008,LOC02,57,0,synthetic
2026-03-12,SKU008,LOC02,67,0,synthetic
2026-03-13,SKU008,LOC02,35,0,synthetic
2026-03-14,SKU008,LOC03,58,0,synthetic
2026-03-15,SKU008,LOC02,70,0,synthetic
2026-03-16,SKU008,LOC02,77,1,synthetic
2026-03-17,SKU008,LOC02,72,0,synthetic
2026-03-18,SKU008,LOC03,61,0,synthetic
2026-03-19,SKU008,LOC02,74,0,synthetic
2026-03-20,SKU008,LOC02,59,0,synthetic
2026-03-21,SKU008,LOC02,80,0,synthetic
2026-03-22,SKU008,LOC03,69,0,synthetic
2026-03-23,SKU008,LOC02,40,0,synthetic
2026-03-24,SKU008,LOC02,68,0,synthetic
2026-03-25,SKU008,LOC03,83,1,synthetic
2026-03-26,SKU008,LOC03,62,0,synthetic
2026-03-27,SKU008,LOC03,63,0,synthetic
2026-03-28,SKU008,LOC03,65,0,synthetic
2026-03-29,SKU008,LOC03,71,0,synthetic
2026-03-30,SKU008,LOC03,66,0,synthetic
2026-03-31,SKU008,LOC03,101,1,synthetic
2026-04-01,SKU008,LOC03,62,0,synthetic
2026-04-02,SKU008,LOC03,66,1,synthetic
2026-04-03,SKU008,LOC03,71,0,synthetic
2026-04-04,SKU008,LOC02,70,0,synthetic
2026-04-05,SKU008,LOC02,75,0,synthetic
2026-04-06,SKU008,LOC03,62,0,synthetic
2026-04-07,SKU008,LOC02,51,0,synthetic
2026-04-08,SKU008,LOC03,69,0,synthetic
2026-04-09,SKU008,LOC03,73,0,synthetic
2026-04-10,SKU008,LOC03,86,0,synthetic
2026-04-11,SKU008,LOC02,71,0,synthetic
2026-04-12,SKU008,LOC03,69,0,synthetic
2026-04-13,SKU008,LOC03,63,0,synthetic
2026-04-14,SKU008,LOC03,75,0,synthetic
2026-04-15,SKU008,LOC03,72,0,synthetic
2026-04-16,SKU008,LOC03,72,0,synthetic
2026-04-17,SKU008,LOC02,73,0,synthetic
2026-04-18,SKU008,LOC03,86,0,synthetic
2026-04-19,SKU008,LOC02,80,0,synthetic
2026-04-20,SKU008,LOC03,89,1,synthetic
2026-04-21,SKU008,LOC03,54,0,synthetic
2026-04-22,SKU008,LOC02,67,0,synthetic
2026-04-23,SKU008,LOC02,68,0,synthetic
2026-04-24,SKU008,LOC02,64,0,synthetic
2026-04-25,SKU008,LOC02,64,0,synthetic
2026-04-26,SKU008,LOC02,89,0,synthetic
2026-04-27,SKU008,LOC03,48,0,synthetic
2026-04-28,SKU008,LOC02,62,0,synthetic
2026-04-29,SKU008,LOC02,69,0,synthetic
2026-04-30,SKU008,LOC03,62,0,synthetic
2026-05-01,SKU008,LOC03,75,0,synthetic
2026-05-02,SKU008,LOC03,92,0,synthetic
2026-05-03,SKU008,LOC02,85,0,synthetic
2026-05-04,SKU008,LOC03,67,0,synthetic
2026-05-05,SKU008,LOC02,70,0,synthetic
2026-05-06,SKU008,LOC03,73,0,synthetic
2026-05-07,SKU008,LOC03,89,1,synthetic
2026-05-08,SKU008,LOC02,59,0,synthetic
2026-05-09,SKU008,LOC03,93,0,synthetic
2026-05-10,SKU008,LOC03,90,0,synthetic
2026-05-11,SKU008,LOC02,110,1,synthetic
2026-05-12,SKU008,LOC03,68,0,synthetic
2026-05-13,SKU008,LOC02,70,0,synthetic
2026-05-14,SKU008,LOC03,72,0,synthetic
2026-05-15,SKU008,LOC03,64,0,synthetic
2026-05-16,SKU008,LOC03,98,0,synthetic
2026-05-17,SKU008,LOC03,77,0,synthetic
2026-05-18,SKU008,LOC02,88,0,synthetic
2026-05-19,SKU008,LOC03,82,0,synthetic
2026-05-20,SKU008,LOC02,74,0,synthetic
2026-05-21,SKU008,LOC02,84,0,synthetic
2026-05-22,SKU008,LOC02,78,0,synthetic
2026-05-23,SKU008,LOC03,85,0,synthetic
2026-05-24,SKU008,LOC02,77,0,synthetic
2026-05-25,SKU008,LOC02,78,0,synthetic
2026-05-26,SKU008,LOC02,68,0,synthetic
2026-05-27,SKU008,LOC03,84,0,synthetic
2026-05-28,SKU008,LOC03,78,0,synthetic
2026-05-29,SKU008,LOC03,106,1,synthetic
2026-05-30,SKU008,LOC02,84,0,synthetic
2026-05-31,SKU008,LOC02,79,0,synthetic
2026-06-01,SKU008,LOC02,81,0,synthetic
2026-06-02,SKU008,LOC02,85,0,synthetic
2026-06-03,SKU008,LOC02,63,0,synthetic
2026-06-04,SKU008,LOC03,88,0,synthetic
2026-06-05,SKU008,LOC03,60,0,synthetic
2026-06-06,SKU008,LOC02,88,0,synthetic
2026-06-07,SKU008,LOC02,84,0,synthetic
2026-06-08,SKU008,LOC03,92,0,synthetic
2026-06-09,SKU008,LOC02,95,1,synthetic
2026-06-10,SKU008,LOC03,123,1,synthetic
2026-06-11,SKU008,LOC03,75,0,synthetic
2026-06-12,SKU008,LOC02,83,0,synthetic
2026-06-13,SKU008,LOC02,77,0,synthetic
2026-06-14,SKU008,LOC02,94,0,synthetic
2026-06-15,SKU008,LOC03,82,0,synthetic
2026-06-16,SKU008,LOC02,116,1,synthetic
2026-06-17,SKU008,LOC02,63,0,synthetic
2026-06-18,SKU008,LOC02,74,0,synthetic
2026-06-19,SKU008,LOC02,76,0,synthetic
2026-06-20,SKU008,LOC02,79,0,synthetic
2026-06-21,SKU008,LOC02,72,0,synthetic
2026-06-22,SKU008,LOC03,76,0,synthetic
2026-06-23,SKU008,LOC03,80,0,synthetic
2026-06-24,SKU008,LOC02,74,0,synthetic
2026-06-25,SKU008,LOC03,73,0,synthetic
2026-06-26,SKU008,LOC02,70,0,synthetic
2026-06-27,SKU008,LOC03,94,0,synthetic
2026-06-28,SKU008,LOC02,97,0,synthetic
2026-06-29,SKU008,LOC02,105,1,synthetic
2026-06-30,SKU008,LOC02,70,0,synthetic
2026-07-01,SKU008,LOC02,75,0,synthetic
2026-07-02,SKU008,LOC02,77,0,synthetic
2026-07-03,SKU008,LOC03,67,0,synthetic
2026-07-04,SKU008,LOC02,79,0,synthetic
2026-07-05,SKU008,LOC03,84,0,synthetic
2026-07-06,SKU008,LOC02,62,0,synthetic
2026-07-07,SKU008,LOC02,75,0,synthetic
2026-07-08,SKU008,LOC03,93,0,synthetic
2026-07-09,SKU008,LOC03,94,1,synthetic
2026-07-10,SKU008,LOC03,84,0,synthetic
2026-07-11,SKU008,LOC03,70,0,synthetic
2026-07-12,SKU008,LOC02,83,0,synthetic
2026-07-13,SKU008,LOC02,66,0,synthetic
2026-07-14,SKU008,LOC02,90,0,synthetic
2026-07-15,SKU008,LOC03,75,0,synthetic
2026-07-16,SKU008,LOC03,69,0,synthetic
2026-07-17,SKU008,LOC03,75,0,synthetic
2026-07-18,SKU008,LOC03,88,0,synthetic
2026-07-19,SKU008,LOC02,81,0,synthetic
2026-07-20,SKU008,LOC03,72,0,synthetic
2026-07-21,SKU008,LOC02,82,0,synthetic
2026-07-22,SKU008,LOC03,62,0,synthetic
2026-07-23,SKU008,LOC03,80,0,synthetic
2026-07-24,SKU008,LOC03,84,0,synthetic
2026-07-25,SKU008,LOC02,81,0,synthetic
2026-07-26,SKU008,LOC03,80,0,synthetic
2026-07-27,SKU008,LOC03,84,0,synthetic
2026-07-28,SKU008,LOC02,77,0,synthetic
2026-07-29,SKU008,LOC02,72,0,synthetic
2026-07-30,SKU008,LOC02,69,0,synthetic
2026-07-31,SKU008,LOC03,86,0,synthetic
2026-08-01,SKU008,LOC03,96,0,synthetic
2026-08-02,SKU008,LOC02,65,0,synthetic
2026-08-03,SKU008,LOC03,67,0,synthetic
2026-08-04,SKU008,LOC03,61,0,synthetic
2026-08-05,SKU008,LOC02,71,0,synthetic
2025-08-06,SKU009,LOC02,30,0,synthetic
2025-08-07,SKU009,LOC03,33,0,synthetic
2025-08-08,SKU009,LOC02,36,0,synthetic
2025-08-09,SKU009,LOC03,30,0,synthetic
2025-08-10,SKU009,LOC02,38,0,synthetic
2025-08-11,SKU009,LOC02,28,0,synthetic
2025-08-12,SKU009,LOC02,30,0,synthetic
2025-08-13,SKU009,LOC02,36,0,synthetic
2025-08-14,SKU009,LOC03,32,0,synthetic
2025-08-15,SKU009,LOC02,43,0,synthetic
2025-08-16,SKU009,LOC02,29,0,synthetic
2025-08-17,SKU009,LOC02,50,1,synthetic
2025-08-18,SKU009,LOC02,37,0,synthetic
2025-08-19,SKU009,LOC02,33,0,synthetic
2025-08-20,SKU009,LOC02,37,0,synthetic
2025-08-21,SKU009,LOC03,38,1,synthetic
2025-08-22,SKU009,LOC03,27,0,synthetic
2025-08-23,SKU009,LOC02,36,0,synthetic
2025-08-24,SKU009,LOC02,32,0,synthetic
2025-08-25,SKU009,LOC02,33,0,synthetic
2025-08-26,SKU009,LOC02,26,0,synthetic
2025-08-27,SKU009,LOC03,25,0,synthetic
2025-08-28,SKU009,LOC03,34,0,synthetic
2025-08-29,SKU009,LOC03,27,0,synthetic
2025-08-30,SKU009,LOC02,35,0,synthetic
2025-08-31,SKU009,LOC03,42,0,synthetic
2025-09-01,SKU009,LOC02,36,0,synthetic
2025-09-02,SKU009,LOC03,40,0,synthetic
2025-09-03,SKU009,LOC02,33,0,synthetic
2025-09-04,SKU009,LOC03,31,0,synthetic
2025-09-05,SKU009,LOC03,35,0,synthetic
2025-09-06,SKU009,LOC03,39,0,synthetic
2025-09-07,SKU009,LOC02,31,0,synthetic
2025-09-08,SKU009,LOC02,33,0,synthetic
2025-09-09,SKU009,LOC02,37,0,synthetic
2025-09-10,SKU009,LOC03,38,0,synthetic
2025-09-11,SKU009,LOC03,27,0,synthetic
2025-09-12,SKU009,LOC03,38,0,synthetic
2025-09-13,SKU009,LOC03,30,0,synthetic
2025-09-14,SKU009,LOC03,35,0,synthetic
2025-09-15,SKU009,LOC02,35,0,synthetic
2025-09-16,SKU009,LOC03,38,0,synthetic
2025-09-17,SKU009,LOC03,31,0,synthetic
2025-09-18,SKU009,LOC02,36,0,synthetic
2025-09-19,SKU009,LOC03,27,0,synthetic
2025-09-20,SKU009,LOC02,40,0,synthetic
2025-09-21,SKU009,LOC02,47,1,synthetic
2025-09-22,SKU009,LOC02,29,0,synthetic
2025-09-23,SKU009,LOC02,34,0,synthetic
2025-09-24,SKU009,LOC03,31,0,synthetic
2025-09-25,SKU009,LOC02,33,0,synthetic
2025-09-26,SKU009,LOC02,33,0,synthetic
2025-09-27,SKU009,LOC03,38,0,synthetic
2025-09-28,SKU009,LOC03,46,0,synthetic
2025-09-29,SKU009,LOC03,33,0,synthetic
2025-09-30,SKU009,LOC02,28,0,synthetic
2025-10-01,SKU009,LOC03,33,0,synthetic
2025-10-02,SKU009,LOC03,29,0,synthetic
2025-10-03,SKU009,LOC03,33,0,synthetic
2025-10-04,SKU009,LOC03,40,0,synthetic
2025-10-05,SKU009,LOC02,38,0,synthetic
2025-10-06,SKU009,LOC02,31,0,synthetic
2025-10-07,SKU009,LOC02,41,0,synthetic
2025-10-08,SKU009,LOC02,34,0,synthetic
2025-10-09,SKU009,LOC03,36,0,synthetic
2025-10-10,SKU009,LOC02,34,0,synthetic
2025-10-11,SKU009,LOC02,37,0,synthetic
2025-10-12,SKU009,LOC03,47,0,synthetic
2025-10-13,SKU009,LOC03,32,0,synthetic
2025-10-14,SKU009,LOC02,28,0,synthetic
2025-10-15,SKU009,LOC03,49,1,synthetic
2025-10-16,SKU009,LOC02,39,0,synthetic
2025-10-17,SKU009,LOC02,39,1,synthetic
2025-10-18,SKU009,LOC03,38,0,synthetic
2025-10-19,SKU009,LOC03,51,1,synthetic
2025-10-20,SKU009,LOC02,34,0,synthetic
2025-10-21,SKU009,LOC03,47,1,synthetic
2025-10-22,SKU009,LOC03,32,0,synthetic
2025-10-23,SKU009,LOC03,30,0,synthetic
2025-10-24,SKU009,LOC03,35,0,synthetic
2025-10-25,SKU009,LOC02,44,0,synthetic
2025-10-26,SKU009,LOC02,45,0,synthetic
2025-10-27,SKU009,LOC03,38,0,synthetic
2025-10-28,SKU009,LOC02,27,0,synthetic
2025-10-29,SKU009,LOC02,31,0,synthetic
2025-10-30,SKU009,LOC03,31,0,synthetic
2025-10-31,SKU009,LOC03,45,0,synthetic
2025-11-01,SKU009,LOC03,39,0,synthetic
2025-11-02,SKU009,LOC03,34,0,synthetic
2025-11-03,SKU009,LOC03,25,0,synthetic
2025-11-04,SKU009,LOC03,35,0,synthetic
2025-11-05,SKU009,LOC02,41,1,synthetic
2025-11-06,SKU009,LOC02,36,0,synthetic
2025-11-07,SKU009,LOC03,35,0,synthetic
2025-11-08,SKU009,LOC02,37,0,synthetic
2025-11-09,SKU009,LOC02,37,0,synthetic
2025-11-10,SKU009,LOC03,38,0,synthetic
2025-11-11,SKU009,LOC02,37,0,synthetic
2025-11-12,SKU009,LOC02,34,0,synthetic
2025-11-13,SKU009,LOC02,46,1,synthetic
2025-11-14,SKU009,LOC03,31,0,synthetic
2025-11-15,SKU009,LOC02,33,0,synthetic
2025-11-16,SKU009,LOC03,41,0,synthetic
2025-11-17,SKU009,LOC03,42,0,synthetic
2025-11-18,SKU009,LOC03,30,0,synthetic
2025-11-19,SKU009,LOC03,29,0,synthetic
2025-11-20,SKU009,LOC03,32,0,synthetic
2025-11-21,SKU009,LOC02,29,0,synthetic
2025-11-22,SKU009,LOC02,36,0,synthetic
2025-11-23,SKU009,LOC02,36,0,synthetic
2025-11-24,SKU009,LOC02,31,0,synthetic
2025-11-25,SKU009,LOC03,32,0,synthetic
2025-11-26,SKU009,LOC02,29,0,synthetic
2025-11-27,SKU009,LOC03,39,0,synthetic
2025-11-28,SKU009,LOC03,28,0,synthetic
2025-11-29,SKU009,LOC02,37,0,synthetic
2025-11-30,SKU009,LOC02,54,1,synthetic
2025-12-01,SKU009,LOC03,35,0,synthetic
2025-12-02,SKU009,LOC03,34,0,synthetic
2025-12-03,SKU009,LOC02,31,0,synthetic
2025-12-04,SKU009,LOC03,30,0,synthetic
2025-12-05,SKU009,LOC02,30,0,synthetic
2025-12-06,SKU009,LOC02,35,0,synthetic
2025-12-07,SKU009,LOC03,40,0,synthetic
2025-12-08,SKU009,LOC03,32,0,synthetic
2025-12-09,SKU009,LOC03,34,0,synthetic
2025-12-10,SKU009,LOC02,30,0,synthetic
2025-12-11,SKU009,LOC03,44,1,synthetic
2025-12-12,SKU009,LOC03,35,0,synthetic
2025-12-13,SKU009,LOC02,34,0,synthetic
2025-12-14,SKU009,LOC03,33,0,synthetic
2025-12-15,SKU009,LOC02,32,0,synthetic
2025-12-16,SKU009,LOC02,31,0,synthetic
2025-12-17,SKU009,LOC02,30,0,synthetic
2025-12-18,SKU009,LOC03,39,0,synthetic
2025-12-19,SKU009,LOC03,38,0,synthetic
2025-12-20,SKU009,LOC02,32,0,synthetic
2025-12-21,SKU009,LOC03,37,0,synthetic
2025-12-22,SKU009,LOC03,31,0,synthetic
2025-12-23,SKU009,LOC02,35,0,synthetic
2025-12-24,SKU009,LOC02,36,0,synthetic
2025-12-25,SKU009,LOC02,39,0,synthetic
2025-12-26,SKU009,LOC02,36,0,synthetic
2025-12-27,SKU009,LOC02,33,0,synthetic
2025-12-28,SKU009,LOC02,34,0,synthetic
2025-12-29,SKU009,LOC03,29,0,synthetic
2025-12-30,SKU009,LOC02,30,0,synthetic
2025-12-31,SKU009,LOC02,32,0,synthetic
2026-01-01,SKU009,LOC03,29,0,synthetic
2026-01-02,SKU009,LOC03,37,0,synthetic
2026-01-03,SKU009,LOC02,24,0,synthetic
2026-01-04,SKU009,LOC02,35,0,synthetic
2026-01-05,SKU009,LOC02,27,0,synthetic
2026-01-06,SKU009,LOC02,23,0,synthetic
2026-01-07,SKU009,LOC03,27,0,synthetic
2026-01-08,SKU009,LOC03,26,0,synthetic
2026-01-09,SKU009,LOC03,30,0,synthetic
2026-01-10,SKU009,LOC03,40,0,synthetic
2026-01-11,SKU009,LOC02,29,0,synthetic
2026-01-12,SKU009,LOC02,27,0,synthetic
2026-01-13,SKU009,LOC02,21,0,synthetic
2026-01-14,SKU009,LOC02,30,0,synthetic
2026-01-15,SKU009,LOC02,37,1,synthetic
2026-01-16,SKU009,LOC02,27,0,synthetic
2026-01-17,SKU009,LOC03,34,0,synthetic
2026-01-18,SKU009,LOC02,33,0,synthetic
2026-01-19,SKU009,LOC03,31,0,synthetic
2026-01-20,SKU009,LOC03,34,0,synthetic
2026-01-21,SKU009,LOC02,28,0,synthetic
2026-01-22,SKU009,LOC02,37,0,synthetic
2026-01-23,SKU009,LOC03,32,0,synthetic
2026-01-24,SKU009,LOC03,30,0,synthetic
2026-01-25,SKU009,LOC02,31,0,synthetic
2026-01-26,SKU009,LOC02,29,0,synthetic
2026-01-27,SKU009,LOC02,31,0,synthetic
2026-01-28,SKU009,LOC02,32,0,synthetic
2026-01-29,SKU009,LOC03,24,0,synthetic
2026-01-30,SKU009,LOC03,30,0,synthetic
2026-01-31,SKU009,LOC02,34,0,synthetic
2026-02-01,SKU009,LOC02,28,0,synthetic
2026-02-02,SKU009,LOC03,41,1,synthetic
2026-02-03,SKU009,LOC03,27,0,synthetic
2026-02-04,SKU009,LOC02,28,0,synthetic
2026-02-05,SKU009,LOC02,28,0,synthetic
2026-02-06,SKU009,LOC03,24,0,synthetic
2026-02-07,SKU009,LOC02,39,0,synthetic
2026-02-08,SKU009,LOC03,34,0,synthetic
2026-02-09,SKU009,LOC03,41,1,synthetic
2026-02-10,SKU009,LOC03,23,0,synthetic
2026-02-11,SKU009,LOC02,29,0,synthetic
2026-02-12,SKU009,LOC02,36,0,synthetic
2026-02-13,SKU009,LOC02,27,0,synthetic
2026-02-14,SKU009,LOC02,31,0,synthetic
2026-02-15,SKU009,LOC02,39,0,synthetic
2026-02-16,SKU009,LOC03,34,0,synthetic
2026-02-17,SKU009,LOC02,32,0,synthetic
2026-02-18,SKU009,LOC03,33,0,synthetic
2026-02-19,SKU009,LOC02,27,0,synthetic
2026-02-20,SKU009,LOC02,45,1,synthetic
2026-02-21,SKU009,LOC02,47,1,synthetic
2026-02-22,SKU009,LOC02,28,0,synthetic
2026-02-23,SKU009,LOC02,33,0,synthetic
2026-02-24,SKU009,LOC03,35,0,synthetic
2026-02-25,SKU009,LOC02,29,0,synthetic
2026-02-26,SKU009,LOC03,32,0,synthetic
2026-02-27,SKU009,LOC02,21,0,synthetic
2026-02-28,SKU009,LOC02,34,0,synthetic
2026-03-01,SKU009,LOC03,36,0,synthetic
2026-03-02,SKU009,LOC02,46,1,synthetic
2026-03-03,SKU009,LOC02,26,0,synthetic
2026-03-04,SKU009,LOC02,28,0,synthetic
2026-03-05,SKU009,LOC02,26,0,synthetic
2026-03-06,SKU009,LOC02,31,0,synthetic
2026-03-07,SKU009,LOC03,40,0,synthetic
2026-03-08,SKU009,LOC03,39,0,synthetic
2026-03-09,SKU009,LOC03,35,0,synthetic
2026-03-10,SKU009,LOC03,33,0,synthetic
2026-03-11,SKU009,LOC02,38,0,synthetic
2026-03-12,SKU009,LOC02,25,0,synthetic
2026-03-13,SKU009,LOC03,37,0,synthetic
2026-03-14,SKU009,LOC03,36,0,synthetic
2026-03-15,SKU009,LOC03,35,0,synthetic
2026-03-16,SKU009,LOC02,33,0,synthetic
2026-03-17,SKU009,LOC03,35,0,synthetic
2026-03-18,SKU009,LOC03,36,0,synthetic
2026-03-19,SKU009,LOC03,34,0,synthetic
2026-03-20,SKU009,LOC02,32,0,synthetic
2026-03-21,SKU009,LOC03,39,0,synthetic
2026-03-22,SKU009,LOC03,41,0,synthetic
2026-03-23,SKU009,LOC03,36,0,synthetic
2026-03-24,SKU009,LOC02,46,1,synthetic
2026-03-25,SKU009,LOC03,30,0,synthetic
2026-03-26,SKU009,LOC03,31,0,synthetic
2026-03-27,SKU009,LOC02,39,0,synthetic
2026-03-28,SKU009,LOC02,34,0,synthetic
2026-03-29,SKU009,LOC02,35,0,synthetic
2026-03-30,SKU009,LOC02,35,0,synthetic
2026-03-31,SKU009,LOC02,47,1,synthetic
2026-04-01,SKU009,LOC02,38,0,synthetic
2026-04-02,SKU009,LOC02,29,0,synthetic
2026-04-03,SKU009,LOC03,34,0,synthetic
2026-04-04,SKU009,LOC03,42,0,synthetic
2026-04-05,SKU009,LOC02,36,0,synthetic
2026-04-06,SKU009,LOC03,32,0,synthetic
2026-04-07,SKU009,LOC03,28,0,synthetic
2026-04-08,SKU009,LOC02,27,0,synthetic
2026-04-09,SKU009,LOC03,37,0,synthetic
2026-04-10,SKU009,LOC03,38,0,synthetic
2026-04-11,SKU009,LOC03,35,0,synthetic
2026-04-12,SKU009,LOC03,35,0,synthetic
2026-04-13,SKU009,LOC02,29,0,synthetic
2026-04-14,SKU009,LOC03,36,0,synthetic
2026-04-15,SKU009,LOC02,34,0,synthetic
2026-04-16,SKU009,LOC03,33,0,synthetic
2026-04-17,SKU009,LOC02,24,0,synthetic
2026-04-18,SKU009,LOC03,34,0,synthetic
2026-04-19,SKU009,LOC03,37,0,synthetic
2026-04-20,SKU009,LOC03,28,0,synthetic
2026-04-21,SKU009,LOC02,37,0,synthetic
2026-04-22,SKU009,LOC03,39,0,synthetic
2026-04-23,SKU009,LOC03,33,0,synthetic
2026-04-24,SKU009,LOC03,32,0,synthetic
2026-04-25,SKU009,LOC03,48,1,synthetic
2026-04-26,SKU009,LOC03,39,0,synthetic
2026-04-27,SKU009,LOC02,39,0,synthetic
2026-04-28,SKU009,LOC03,37,0,synthetic
2026-04-29,SKU009,LOC03,36,1,synthetic
2026-04-30,SKU009,LOC02,26,0,synthetic
2026-05-01,SKU009,LOC03,39,0,synthetic
2026-05-02,SKU009,LOC03,45,0,synthetic
2026-05-03,SKU009,LOC02,37,0,synthetic
2026-05-04,SKU009,LOC03,34,0,synthetic
2026-05-05,SKU009,LOC02,34,0,synthetic
2026-05-06,SKU009,LOC02,37,0,synthetic
2026-05-07,SKU009,LOC03,50,0,synthetic
2026-05-08,SKU009,LOC03,39,0,synthetic
2026-05-09,SKU009,LOC02,46,0,synthetic
2026-05-10,SKU009,LOC03,50,0,synthetic
2026-05-11,SKU009,LOC02,38,0,synthetic
2026-05-12,SKU009,LOC03,34,0,synthetic
2026-05-13,SKU009,LOC03,40,0,synthetic
2026-05-14,SKU009,LOC02,30,0,synthetic
2026-05-15,SKU009,LOC02,33,0,synthetic
2026-05-16,SKU009,LOC02,46,0,synthetic
2026-05-17,SKU009,LOC02,38,0,synthetic
2026-05-18,SKU009,LOC03,38,0,synthetic
2026-05-19,SKU009,LOC02,42,0,synthetic
2026-05-20,SKU009,LOC02,37,0,synthetic
2026-05-21,SKU009,LOC02,60,1,synthetic
2026-05-22,SKU009,LOC02,46,0,synthetic
2026-05-23,SKU009,LOC02,45,0,synthetic
2026-05-24,SKU009,LOC03,50,0,synthetic
2026-05-25,SKU009,LOC03,47,1,synthetic
2026-05-26,SKU009,LOC02,36,0,synthetic
2026-05-27,SKU009,LOC03,34,0,synthetic
2026-05-28,SKU009,LOC03,44,0,synthetic
2026-05-29,SKU009,LOC03,42,0,synthetic
2026-05-30,SKU009,LOC03,40,0,synthetic
2026-05-31,SKU009,LOC02,47,0,synthetic
2026-06-01,SKU009,LOC02,41,0,synthetic
2026-06-02,SKU009,LOC03,37,0,synthetic
2026-06-03,SKU009,LOC03,38,0,synthetic
2026-06-04,SKU009,LOC03,40,0,synthetic
2026-06-05,SKU009,LOC03,39,0,synthetic
2026-06-06,SKU009,LOC02,44,0,synthetic
2026-06-07,SKU009,LOC02,46,0,synthetic
2026-06-08,SKU009,LOC03,44,0,synthetic
2026-06-09,SKU009,LOC02,41,0,synthetic
2026-06-10,SKU009,LOC03,44,0,synthetic
2026-06-11,SKU009,LOC03,41,0,synthetic
2026-06-12,SKU009,LOC02,35,0,synthetic
2026-06-13,SKU009,LOC02,43,0,synthetic
2026-06-14,SKU009,LOC02,28,0,synthetic
2026-06-15,SKU009,LOC03,36,0,synthetic
2026-06-16,SKU009,LOC03,40,0,synthetic
2026-06-17,SKU009,LOC02,32,0,synthetic
2026-06-18,SKU009,LOC02,38,0,synthetic
2026-06-19,SKU009,LOC03,46,0,synthetic
2026-06-20,SKU009,LOC03,38,0,synthetic
2026-06-21,SKU009,LOC02,46,0,synthetic
2026-06-22,SKU009,LOC02,48,0,synthetic
2026-06-23,SKU009,LOC02,44,0,synthetic
2026-06-24,SKU009,LOC03,59,1,synthetic
2026-06-25,SKU009,LOC02,34,0,synthetic
2026-06-26,SKU009,LOC03,38,0,synthetic
2026-06-27,SKU009,LOC03,39,0,synthetic
2026-06-28,SKU009,LOC03,52,1,synthetic
2026-06-29,SKU009,LOC02,41,0,synthetic
2026-06-30,SKU009,LOC02,40,0,synthetic
2026-07-01,SKU009,LOC02,39,0,synthetic
2026-07-02,SKU009,LOC03,41,0,synthetic
2026-07-03,SKU009,LOC02,43,0,synthetic
2026-07-04,SKU009,LOC02,43,0,synthetic
2026-07-05,SKU009,LOC02,47,0,synthetic
2026-07-06,SKU009,LOC02,37,0,synthetic
2026-07-07,SKU009,LOC03,42,0,synthetic
2026-07-08,SKU009,LOC02,41,0,synthetic
2026-07-09,SKU009,LOC03,44,0,synthetic
2026-07-10,SKU009,LOC03,37,0,synthetic
2026-07-11,SKU009,LOC02,36,0,synthetic
2026-07-12,SKU009,LOC03,55,0,synthetic
2026-07-13,SKU009,LOC03,39,0,synthetic
2026-07-14,SKU009,LOC02,48,0,synthetic
2026-07-15,SKU009,LOC03,51,0,synthetic
2026-07-16,SKU009,LOC03,37,0,synthetic
2026-07-17,SKU009,LOC03,32,0,synthetic
2026-07-18,SKU009,LOC03,42,0,synthetic
2026-07-19,SKU009,LOC03,34,0,synthetic
2026-07-20,SKU009,LOC03,42,0,synthetic
2026-07-21,SKU009,LOC03,35,0,synthetic
2026-07-22,SKU009,LOC03,43,0,synthetic
2026-07-23,SKU009,LOC02,36,0,synthetic
2026-07-24,SKU009,LOC03,41,0,synthetic
2026-07-25,SKU009,LOC02,45,0,synthetic
2026-07-26,SKU009,LOC03,39,0,synthetic
2026-07-27,SKU009,LOC02,35,0,synthetic
2026-07-28,SKU009,LOC02,38,0,synthetic
2026-07-29,SKU009,LOC02,42,0,synthetic
2026-07-30,SKU009,LOC02,38,0,synthetic
2026-07-31,SKU009,LOC02,32,0,synthetic
2026-08-01,SKU009,LOC03,35,0,synthetic
2026-08-02,SKU009,LOC03,53,1,synthetic
2026-08-03,SKU009,LOC02,37,0,synthetic
2026-08-04,SKU009,LOC03,39,0,synthetic
2026-08-05,SKU009,LOC03,33,0,synthetic
2025-08-06,SKU010,LOC03,15,0,synthetic
2025-08-07,SKU010,LOC02,17,0,synthetic
2025-08-08,SKU010,LOC02,21,0,synthetic
2025-08-09,SKU010,LOC02,20,0,synthetic
2025-08-10,SKU010,LOC03,20,0,synthetic
2025-08-11,SKU010,LOC02,13,0,synthetic
2025-08-12,SKU010,LOC03,17,0,synthetic
2025-08-13,SKU010,LOC02,23,1,synthetic
2025-08-14,SKU010,LOC03,20,0,synthetic
2025-08-15,SKU010,LOC03,20,0,synthetic
2025-08-16,SKU010,LOC02,19,0,synthetic
2025-08-17,SKU010,LOC02,20,0,synthetic
2025-08-18,SKU010,LOC02,17,0,synthetic
2025-08-19,SKU010,LOC03,16,0,synthetic
2025-08-20,SKU010,LOC02,15,0,synthetic
2025-08-21,SKU010,LOC02,19,0,synthetic
2025-08-22,SKU010,LOC02,19,1,synthetic
2025-08-23,SKU010,LOC02,21,0,synthetic
2025-08-24,SKU010,LOC03,21,0,synthetic
2025-08-25,SKU010,LOC02,20,0,synthetic
2025-08-26,SKU010,LOC02,14,0,synthetic
2025-08-27,SKU010,LOC03,18,0,synthetic
2025-08-28,SKU010,LOC02,15,0,synthetic
2025-08-29,SKU010,LOC03,11,0,synthetic
2025-08-30,SKU010,LOC02,19,0,synthetic
2025-08-31,SKU010,LOC02,21,0,synthetic
2025-09-01,SKU010,LOC03,22,1,synthetic
2025-09-02,SKU010,LOC02,17,0,synthetic
2025-09-03,SKU010,LOC03,14,0,synthetic
2025-09-04,SKU010,LOC02,26,1,synthetic
2025-09-05,SKU010,LOC03,17,0,synthetic
2025-09-06,SKU010,LOC02,16,0,synthetic
2025-09-07,SKU010,LOC02,20,0,synthetic
2025-09-08,SKU010,LOC03,15,0,synthetic
2025-09-09,SKU010,LOC02,18,0,synthetic
2025-09-10,SKU010,LOC02,16,0,synthetic
2025-09-11,SKU010,LOC02,17,0,synthetic
2025-09-12,SKU010,LOC02,16,0,synthetic
2025-09-13,SKU010,LOC02,23,0,synthetic
2025-09-14,SKU010,LOC02,17,0,synthetic
2025-09-15,SKU010,LOC03,18,0,synthetic
2025-09-16,SKU010,LOC02,20,0,synthetic
2025-09-17,SKU010,LOC02,14,0,synthetic
2025-09-18,SKU010,LOC02,18,0,synthetic
2025-09-19,SKU010,LOC02,19,0,synthetic
2025-09-20,SKU010,LOC03,17,0,synthetic
2025-09-21,SKU010,LOC03,19,0,synthetic
2025-09-22,SKU010,LOC02,18,0,synthetic
2025-09-23,SKU010,LOC02,13,0,synthetic
2025-09-24,SKU010,LOC03,19,0,synthetic
2025-09-25,SKU010,LOC03,23,0,synthetic
2025-09-26,SKU010,LOC03,15,0,synthetic
2025-09-27,SKU010,LOC03,19,0,synthetic
2025-09-28,SKU010,LOC03,19,0,synthetic
2025-09-29,SKU010,LOC03,15,0,synthetic
2025-09-30,SKU010,LOC03,19,0,synthetic
2025-10-01,SKU010,LOC02,15,0,synthetic
2025-10-02,SKU010,LOC02,21,1,synthetic
2025-10-03,SKU010,LOC03,17,0,synthetic
2025-10-04,SKU010,LOC03,21,0,synthetic
2025-10-05,SKU010,LOC03,21,0,synthetic
2025-10-06,SKU010,LOC02,15,0,synthetic
2025-10-07,SKU010,LOC03,18,0,synthetic
2025-10-08,SKU010,LOC02,19,0,synthetic
2025-10-09,SKU010,LOC02,18,0,synthetic
2025-10-10,SKU010,LOC02,19,0,synthetic
2025-10-11,SKU010,LOC02,21,0,synthetic
2025-10-12,SKU010,LOC03,20,0,synthetic
2025-10-13,SKU010,LOC02,16,0,synthetic
2025-10-14,SKU010,LOC02,17,0,synthetic
2025-10-15,SKU010,LOC03,22,0,synthetic
2025-10-16,SKU010,LOC02,13,0,synthetic
2025-10-17,SKU010,LOC03,15,0,synthetic
2025-10-18,SKU010,LOC03,17,0,synthetic
2025-10-19,SKU010,LOC03,21,0,synthetic
2025-10-20,SKU010,LOC02,18,0,synthetic
2025-10-21,SKU010,LOC03,22,1,synthetic
2025-10-22,SKU010,LOC02,16,0,synthetic
2025-10-23,SKU010,LOC02,17,0,synthetic
2025-10-24,SKU010,LOC03,17,0,synthetic
2025-10-25,SKU010,LOC02,19,0,synthetic
2025-10-26,SKU010,LOC03,25,1,synthetic
2025-10-27,SKU010,LOC03,17,0,synthetic
2025-10-28,SKU010,LOC02,16,0,synthetic
2025-10-29,SKU010,LOC02,17,0,synthetic
2025-10-30,SKU010,LOC03,20,0,synthetic
2025-10-31,SKU010,LOC02,17,0,synthetic
2025-11-01,SKU010,LOC03,20,0,synthetic
2025-11-02,SKU010,LOC02,18,0,synthetic
2025-11-03,SKU010,LOC03,21,1,synthetic
2025-11-04,SKU010,LOC02,18,0,synthetic
2025-11-05,SKU010,LOC03,20,0,synthetic
2025-11-06,SKU010,LOC03,16,0,synthetic
2025-11-07,SKU010,LOC03,17,0,synthetic
2025-11-08,SKU010,LOC02,20,0,synthetic
2025-11-09,SKU010,LOC03,19,0,synthetic
2025-11-10,SKU010,LOC03,20,0,synthetic
2025-11-11,SKU010,LOC02,16,0,synthetic
2025-11-12,SKU010,LOC02,16,0,synthetic
2025-11-13,SKU010,LOC02,22,0,synthetic
2025-11-14,SKU010,LOC03,18,0,synthetic
2025-11-15,SKU010,LOC03,21,0,synthetic
2025-11-16,SKU010,LOC02,23,0,synthetic
2025-11-17,SKU010,LOC03,15,0,synthetic
2025-11-18,SKU010,LOC03,15,0,synthetic
2025-11-19,SKU010,LOC03,19,0,synthetic
2025-11-20,SKU010,LOC03,19,0,synthetic
2025-11-21,SKU010,LOC02,19,0,synthetic
2025-11-22,SKU010,LOC03,23,1,synthetic
2025-11-23,SKU010,LOC03,25,1,synthetic
2025-11-24,SKU010,LOC02,14,0,synthetic
2025-11-25,SKU010,LOC02,19,0,synthetic
2025-11-26,SKU010,LOC02,16,0,synthetic
2025-11-27,SKU010,LOC03,20,0,synthetic
2025-11-28,SKU010,LOC02,16,0,synthetic
2025-11-29,SKU010,LOC03,27,1,synthetic
2025-11-30,SKU010,LOC02,15,0,synthetic
2025-12-01,SKU010,LOC03,18,0,synthetic
2025-12-02,SKU010,LOC02,16,0,synthetic
2025-12-03,SKU010,LOC03,17,0,synthetic
2025-12-04,SKU010,LOC02,18,0,synthetic
2025-12-05,SKU010,LOC02,14,0,synthetic
2025-12-06,SKU010,LOC02,12,0,synthetic
2025-12-07,SKU010,LOC03,17,0,synthetic
2025-12-08,SKU010,LOC03,16,0,synthetic
2025-12-09,SKU010,LOC02,19,0,synthetic
2025-12-10,SKU010,LOC03,16,0,synthetic
2025-12-11,SKU010,LOC03,15,0,synthetic
2025-12-12,SKU010,LOC03,15,0,synthetic
2025-12-13,SKU010,LOC02,19,0,synthetic
2025-12-14,SKU010,LOC03,19,0,synthetic
2025-12-15,SKU010,LOC02,16,0,synthetic
2025-12-16,SKU010,LOC02,16,0,synthetic
2025-12-17,SKU010,LOC03,21,0,synthetic
2025-12-18,SKU010,LOC02,20,0,synthetic
2025-12-19,SKU010,LOC02,18,0,synthetic
2025-12-20,SKU010,LOC02,18,0,synthetic
2025-12-21,SKU010,LOC02,17,0,synthetic
2025-12-22,SKU010,LOC02,15,0,synthetic
2025-12-23,SKU010,LOC02,17,0,synthetic
2025-12-24,SKU010,LOC02,18,0,synthetic
2025-12-25,SKU010,LOC02,17,0,synthetic
2025-12-26,SKU010,LOC03,23,1,synthetic
2025-12-27,SKU010,LOC02,17,0,synthetic
2025-12-28,SKU010,LOC02,23,0,synthetic
2025-12-29,SKU010,LOC02,13,0,synthetic
2025-12-30,SKU010,LOC03,15,0,synthetic
2025-12-31,SKU010,LOC02,20,0,synthetic
2026-01-01,SKU010,LOC03,17,0,synthetic
2026-01-02,SKU010,LOC02,16,0,synthetic
2026-01-03,SKU010,LOC02,21,0,synthetic
2026-01-04,SKU010,LOC03,18,0,synthetic
2026-01-05,SKU010,LOC02,16,0,synthetic
2026-01-06,SKU010,LOC02,19,0,synthetic
2026-01-07,SKU010,LOC02,17,0,synthetic
2026-01-08,SKU010,LOC03,19,0,synthetic
2026-01-09,SKU010,LOC02,17,0,synthetic
2026-01-10,SKU010,LOC02,17,0,synthetic
2026-01-11,SKU010,LOC02,21,0,synthetic
2026-01-12,SKU010,LOC02,12,0,synthetic
2026-01-13,SKU010,LOC03,18,0,synthetic
2026-01-14,SKU010,LOC02,16,0,synthetic
2026-01-15,SKU010,LOC02,17,0,synthetic
2026-01-16,SKU010,LOC03,18,0,synthetic
2026-01-17,SKU010,LOC03,15,0,synthetic
2026-01-18,SKU010,LOC03,16,0,synthetic
2026-01-19,SKU010,LOC02,11,0,synthetic
2026-01-20,SKU010,LOC03,20,1,synthetic
2026-01-21,SKU010,LOC02,13,0,synthetic
2026-01-22,SKU010,LOC02,14,0,synthetic
2026-01-23,SKU010,LOC03,17,0,synthetic
2026-01-24,SKU010,LOC02,15,0,synthetic
2026-01-25,SKU010,LOC02,18,0,synthetic
2026-01-26,SKU010,LOC02,18,0,synthetic
2026-01-27,SKU010,LOC02,16,0,synthetic
2026-01-28,SKU010,LOC02,13,0,synthetic
2026-01-29,SKU010,LOC02,17,0,synthetic
2026-01-30,SKU010,LOC02,16,0,synthetic
2026-01-31,SKU010,LOC02,18,0,synthetic
2026-02-01,SKU010,LOC03,24,1,synthetic
2026-02-02,SKU010,LOC03,18,0,synthetic
2026-02-03,SKU010,LOC02,12,0,synthetic
2026-02-04,SKU010,LOC02,17,0,synthetic
2026-02-05,SKU010,LOC02,18,0,synthetic
2026-02-06,SKU010,LOC03,16,0,synthetic
2026-02-07,SKU010,LOC03,17,0,synthetic
2026-02-08,SKU010,LOC02,19,0,synthetic
2026-02-09,SKU010,LOC02,15,0,synthetic
2026-02-10,SKU010,LOC02,16,0,synthetic
2026-02-11,SKU010,LOC02,14,0,synthetic
2026-02-12,SKU010,LOC02,15,0,synthetic
2026-02-13,SKU010,LOC03,16,0,synthetic
2026-02-14,SKU010,LOC03,16,0,synthetic
2026-02-15,SKU010,LOC03,14,0,synthetic
2026-02-16,SKU010,LOC03,14,0,synthetic
2026-02-17,SKU010,LOC02,17,0,synthetic
2026-02-18,SKU010,LOC03,17,0,synthetic
2026-02-19,SKU010,LOC02,18,0,synthetic
2026-02-20,SKU010,LOC02,17,0,synthetic
2026-02-21,SKU010,LOC03,14,0,synthetic
2026-02-22,SKU010,LOC02,20,0,synthetic
2026-02-23,SKU010,LOC02,18,0,synthetic
2026-02-24,SKU010,LOC03,14,0,synthetic
2026-02-25,SKU010,LOC02,15,0,synthetic
2026-02-26,SKU010,LOC03,12,0,synthetic
2026-02-27,SKU010,LOC03,18,0,synthetic
2026-02-28,SKU010,LOC03,15,0,synthetic
2026-03-01,SKU010,LOC02,23,0,synthetic
2026-03-02,SKU010,LOC02,16,0,synthetic
2026-03-03,SKU010,LOC03,21,0,synthetic
2026-03-04,SKU010,LOC02,20,0,synthetic
2026-03-05,SKU010,LOC03,14,0,synthetic
2026-03-06,SKU010,LOC03,16,0,synthetic
2026-03-07,SKU010,LOC03,15,0,synthetic
2026-03-08,SKU010,LOC02,21,1,synthetic
2026-03-09,SKU010,LOC03,21,1,synthetic
2026-03-10,SKU010,LOC02,19,0,synthetic
2026-03-11,SKU010,LOC02,14,0,synthetic
2026-03-12,SKU010,LOC02,18,0,synthetic
2026-03-13,SKU010,LOC03,16,0,synthetic
2026-03-14,SKU010,LOC03,20,0,synthetic
2026-03-15,SKU010,LOC03,19,0,synthetic
2026-03-16,SKU010,LOC03,19,0,synthetic
2026-03-17,SKU010,LOC02,14,0,synthetic
2026-03-18,SKU010,LOC03,16,0,synthetic
2026-03-19,SKU010,LOC02,14,0,synthetic
2026-03-20,SKU010,LOC03,14,0,synthetic
2026-03-21,SKU010,LOC02,19,0,synthetic
2026-03-22,SKU010,LOC02,20,0,synthetic
2026-03-23,SKU010,LOC02,19,0,synthetic
2026-03-24,SKU010,LOC02,19,0,synthetic
2026-03-25,SKU010,LOC02,18,0,synthetic
2026-03-26,SKU010,LOC02,18,0,synthetic
2026-03-27,SKU010,LOC03,13,0,synthetic
2026-03-28,SKU010,LOC03,19,0,synthetic
2026-03-29,SKU010,LOC03,14,0,synthetic
2026-03-30,SKU010,LOC03,17,0,synthetic
2026-03-31,SKU010,LOC03,17,0,synthetic
2026-04-01,SKU010,LOC02,19,0,synthetic
2026-04-02,SKU010,LOC03,20,0,synthetic
2026-04-03,SKU010,LOC02,14,0,synthetic
2026-04-04,SKU010,LOC02,18,0,synthetic
2026-04-05,SKU010,LOC02,20,0,synthetic
2026-04-06,SKU010,LOC03,20,0,synthetic
2026-04-07,SKU010,LOC03,21,0,synthetic
2026-04-08,SKU010,LOC03,16,0,synthetic
2026-04-09,SKU010,LOC03,16,0,synthetic
2026-04-10,SKU010,LOC02,18,0,synthetic
2026-04-11,SKU010,LOC02,18,0,synthetic
2026-04-12,SKU010,LOC02,18,0,synthetic
2026-04-13,SKU010,LOC02,18,0,synthetic
2026-04-14,SKU010,LOC03,14,0,synthetic
2026-04-15,SKU010,LOC03,19,0,synthetic
2026-04-16,SKU010,LOC02,15,0,synthetic
2026-04-17,SKU010,LOC03,18,0,synthetic
2026-04-18,SKU010,LOC02,18,0,synthetic
2026-04-19,SKU010,LOC03,16,0,synthetic
2026-04-20,SKU010,LOC02,15,0,synthetic
2026-04-21,SKU010,LOC02,14,0,synthetic
2026-04-22,SKU010,LOC03,19,0,synthetic
2026-04-23,SKU010,LOC03,12,0,synthetic
2026-04-24,SKU010,LOC02,16,0,synthetic
2026-04-25,SKU010,LOC02,20,0,synthetic
2026-04-26,SKU010,LOC02,19,0,synthetic
2026-04-27,SKU010,LOC02,21,0,synthetic
2026-04-28,SKU010,LOC03,15,0,synthetic
2026-04-29,SKU010,LOC03,19,0,synthetic
2026-04-30,SKU010,LOC03,15,0,synthetic
2026-05-01,SKU010,LOC03,23,0,synthetic
2026-05-02,SKU010,LOC02,26,0,synthetic
2026-05-03,SKU010,LOC02,22,0,synthetic
2026-05-04,SKU010,LOC03,21,0,synthetic
2026-05-05,SKU010,LOC02,21,0,synthetic
2026-05-06,SKU010,LOC02,18,0,synthetic
2026-05-07,SKU010,LOC03,22,0,synthetic
2026-05-08,SKU010,LOC03,20,0,synthetic
2026-05-09,SKU010,LOC02,24,0,synthetic
2026-05-10,SKU010,LOC03,22,0,synthetic
2026-05-11,SKU010,LOC03,25,0,synthetic
2026-05-12,SKU010,LOC03,20,0,synthetic
2026-05-13,SKU010,LOC02,20,0,synthetic
2026-05-14,SKU010,LOC02,25,0,synthetic
2026-05-15,SKU010,LOC03,20,0,synthetic
2026-05-16,SKU010,LOC03,22,0,synthetic
2026-05-17,SKU010,LOC03,25,0,synthetic
2026-05-18,SKU010,LOC02,19,0,synthetic
2026-05-19,SKU010,LOC02,24,0,synthetic
2026-05-20,SKU010,LOC03,22,0,synthetic
2026-05-21,SKU010,LOC03,19,0,synthetic
2026-05-22,SKU010,LOC03,21,0,synthetic
2026-05-23,SKU010,LOC03,23,0,synthetic
2026-05-24,SKU010,LOC03,26,0,synthetic
2026-05-25,SKU010,LOC03,17,0,synthetic
2026-05-26,SKU010,LOC02,20,0,synthetic
2026-05-27,SKU010,LOC02,22,0,synthetic
2026-05-28,SKU010,LOC03,20,0,synthetic
2026-05-29,SKU010,LOC02,19,0,synthetic
2026-05-30,SKU010,LOC02,20,0,synthetic
2026-05-31,SKU010,LOC03,23,0,synthetic
2026-06-01,SKU010,LOC03,22,0,synthetic
2026-06-02,SKU010,LOC02,22,0,synthetic
2026-06-03,SKU010,LOC03,15,0,synthetic
2026-06-04,SKU010,LOC03,20,0,synthetic
2026-06-05,SKU010,LOC03,25,0,synthetic
2026-06-06,SKU010,LOC03,20,0,synthetic
2026-06-07,SKU010,LOC03,25,0,synthetic
2026-06-08,SKU010,LOC03,20,0,synthetic
2026-06-09,SKU010,LOC03,18,0,synthetic
2026-06-10,SKU010,LOC03,21,0,synthetic
2026-06-11,SKU010,LOC03,21,0,synthetic
2026-06-12,SKU010,LOC03,25,0,synthetic
2026-06-13,SKU010,LOC03,25,0,synthetic
2026-06-14,SKU010,LOC02,24,0,synthetic
2026-06-15,SKU010,LOC02,22,0,synthetic
2026-06-16,SKU010,LOC03,15,0,synthetic
2026-06-17,SKU010,LOC03,19,0,synthetic
2026-06-18,SKU010,LOC02,20,0,synthetic
2026-06-19,SKU010,LOC03,17,0,synthetic
2026-06-20,SKU010,LOC03,22,0,synthetic
2026-06-21,SKU010,LOC03,22,0,synthetic
2026-06-22,SKU010,LOC02,18,0,synthetic
2026-06-23,SKU010,LOC02,17,0,synthetic
2026-06-24,SKU010,LOC03,30,1,synthetic
2026-06-25,SKU010,LOC03,21,0,synthetic
2026-06-26,SKU010,LOC02,17,0,synthetic
2026-06-27,SKU010,LOC03,20,0,synthetic
2026-06-28,SKU010,LOC02,21,0,synthetic
2026-06-29,SKU010,LOC02,19,0,synthetic
2026-06-30,SKU010,LOC02,23,0,synthetic
2026-07-01,SKU010,LOC02,21,0,synthetic
2026-07-02,SKU010,LOC03,18,0,synthetic
2026-07-03,SKU010,LOC02,23,0,synthetic
2026-07-04,SKU010,LOC03,23,0,synthetic
2026-07-05,SKU010,LOC02,23,0,synthetic
2026-07-06,SKU010,LOC02,22,0,synthetic
2026-07-07,SKU010,LOC02,22,0,synthetic
2026-07-08,SKU010,LOC02,21,0,synthetic
2026-07-09,SKU010,LOC03,19,0,synthetic
2026-07-10,SKU010,LOC03,23,0,synthetic
2026-07-11,SKU010,LOC02,24,0,synthetic
2026-07-12,SKU010,LOC02,22,0,synthetic
2026-07-13,SKU010,LOC02,22,0,synthetic
2026-07-14,SKU010,LOC03,19,0,synthetic
2026-07-15,SKU010,LOC03,18,0,synthetic
2026-07-16,SKU010,LOC03,18,0,synthetic
2026-07-17,SKU010,LOC02,20,0,synthetic
2026-07-18,SKU010,LOC02,21,0,synthetic
2026-07-19,SKU010,LOC03,21,0,synthetic
2026-07-20,SKU010,LOC03,21,0,synthetic
2026-07-21,SKU010,LOC02,20,0,synthetic
2026-07-22,SKU010,LOC02,24,0,synthetic
2026-07-23,SKU010,LOC03,17,0,synthetic
2026-07-24,SKU010,LOC03,23,0,synthetic
2026-07-25,SKU010,LOC02,23,0,synthetic
2026-07-26,SKU010,LOC03,21,0,synthetic
2026-07-27,SKU010,LOC03,19,0,synthetic
2026-07-28,SKU010,LOC03,28,1,synthetic
2026-07-29,SKU010,LOC03,24,0,synthetic
2026-07-30,SKU010,LOC02,20,0,synthetic
2026-07-31,SKU010,LOC02,17,0,synthetic
2026-08-01,SKU010,LOC02,27,1,synthetic
2026-08-02,SKU010,LOC03,19,0,synthetic
2026-08-03,SKU010,LOC02,20,0,synthetic
2026-08-04,SKU010,LOC02,20,0,synthetic
2026-08-05,SKU010,LOC03,18,0,synthetic
2025-08-06,SKU011,LOC03,61,0,synthetic
2025-08-07,SKU011,LOC02,72,0,synthetic
2025-08-08,SKU011,LOC02,63,0,synthetic
2025-08-09,SKU011,LOC02,58,0,synthetic
2025-08-10,SKU011,LOC03,59,0,synthetic
2025-08-11,SKU011,LOC02,81,1,synthetic
2025-08-12,SKU011,LOC03,53,0,synthetic
2025-08-13,SKU011,LOC02,53,0,synthetic
2025-08-14,SKU011,LOC03,62,0,synthetic
2025-08-15,SKU011,LOC03,69,0,synthetic
2025-08-16,SKU011,LOC03,73,0,synthetic
2025-08-17,SKU011,LOC03,57,0,synthetic
2025-08-18,SKU011,LOC02,46,0,synthetic
2025-08-19,SKU011,LOC02,49,0,synthetic
2025-08-20,SKU011,LOC02,63,0,synthetic
2025-08-21,SKU011,LOC02,60,0,synthetic
2025-08-22,SKU011,LOC02,49,0,synthetic
2025-08-23,SKU011,LOC03,86,1,synthetic
2025-08-24,SKU011,LOC03,64,0,synthetic
2025-08-25,SKU011,LOC03,74,0,synthetic
2025-08-26,SKU011,LOC03,68,0,synthetic
2025-08-27,SKU011,LOC03,62,0,synthetic
2025-08-28,SKU011,LOC03,60,0,synthetic
2025-08-29,SKU011,LOC02,53,0,synthetic
2025-08-30,SKU011,LOC03,50,0,synthetic
2025-08-31,SKU011,LOC02,62,0,synthetic
2025-09-01,SKU011,LOC02,58,0,synthetic
2025-09-02,SKU011,LOC03,59,0,synthetic
2025-09-03,SKU011,LOC03,65,0,synthetic
2025-09-04,SKU011,LOC02,53,0,synthetic
2025-09-05,SKU011,LOC02,52,0,synthetic
2025-09-06,SKU011,LOC03,61,0,synthetic
2025-09-07,SKU011,LOC02,63,0,synthetic
2025-09-08,SKU011,LOC02,53,0,synthetic
2025-09-09,SKU011,LOC03,50,0,synthetic
2025-09-10,SKU011,LOC02,53,0,synthetic
2025-09-11,SKU011,LOC03,54,0,synthetic
2025-09-12,SKU011,LOC02,49,0,synthetic
2025-09-13,SKU011,LOC02,63,0,synthetic
2025-09-14,SKU011,LOC02,66,0,synthetic
2025-09-15,SKU011,LOC03,56,0,synthetic
2025-09-16,SKU011,LOC02,60,0,synthetic
2025-09-17,SKU011,LOC02,64,0,synthetic
2025-09-18,SKU011,LOC02,52,0,synthetic
2025-09-19,SKU011,LOC03,53,0,synthetic
2025-09-20,SKU011,LOC02,59,0,synthetic
2025-09-21,SKU011,LOC02,63,0,synthetic
2025-09-22,SKU011,LOC02,57,0,synthetic
2025-09-23,SKU011,LOC03,74,1,synthetic
2025-09-24,SKU011,LOC03,48,0,synthetic
2025-09-25,SKU011,LOC03,57,0,synthetic
2025-09-26,SKU011,LOC03,68,0,synthetic
2025-09-27,SKU011,LOC03,67,0,synthetic
2025-09-28,SKU011,LOC02,67,0,synthetic
2025-09-29,SKU011,LOC03,53,0,synthetic
2025-09-30,SKU011,LOC03,54,0,synthetic
2025-10-01,SKU011,LOC03,46,0,synthetic
2025-10-02,SKU011,LOC03,48,0,synthetic
2025-10-03,SKU011,LOC03,53,0,synthetic
2025-10-04,SKU011,LOC02,63,0,synthetic
2025-10-05,SKU011,LOC03,63,0,synthetic
2025-10-06,SKU011,LOC03,62,0,synthetic
2025-10-07,SKU011,LOC02,66,0,synthetic
2025-10-08,SKU011,LOC02,58,0,synthetic
2025-10-09,SKU011,LOC02,61,0,synthetic
2025-10-10,SKU011,LOC02,56,0,synthetic
2025-10-11,SKU011,LOC03,62,0,synthetic
2025-10-12,SKU011,LOC02,61,0,synthetic
2025-10-13,SKU011,LOC02,49,0,synthetic
2025-10-14,SKU011,LOC02,55,0,synthetic
2025-10-15,SKU011,LOC03,60,0,synthetic
2025-10-16,SKU011,LOC03,55,0,synthetic
2025-10-17,SKU011,LOC02,68,0,synthetic
2025-10-18,SKU011,LOC03,53,0,synthetic
2025-10-19,SKU011,LOC03,56,0,synthetic
2025-10-20,SKU011,LOC02,63,0,synthetic
2025-10-21,SKU011,LOC03,63,0,synthetic
2025-10-22,SKU011,LOC03,56,0,synthetic
2025-10-23,SKU011,LOC02,48,0,synthetic
2025-10-24,SKU011,LOC03,75,1,synthetic
2025-10-25,SKU011,LOC03,67,0,synthetic
2025-10-26,SKU011,LOC03,69,0,synthetic
2025-10-27,SKU011,LOC02,48,0,synthetic
2025-10-28,SKU011,LOC03,53,0,synthetic
2025-10-29,SKU011,LOC03,59,0,synthetic
2025-10-30,SKU011,LOC02,64,0,synthetic
2025-10-31,SKU011,LOC03,60,0,synthetic
2025-11-01,SKU011,LOC02,59,0,synthetic
2025-11-02,SKU011,LOC03,68,0,synthetic
2025-11-03,SKU011,LOC02,49,0,synthetic
2025-11-04,SKU011,LOC02,61,0,synthetic
2025-11-05,SKU011,LOC02,56,0,synthetic
2025-11-06,SKU011,LOC02,60,0,synthetic
2025-11-07,SKU011,LOC02,60,0,synthetic
2025-11-08,SKU011,LOC02,67,0,synthetic
2025-11-09,SKU011,LOC03,67,0,synthetic
2025-11-10,SKU011,LOC03,59,0,synthetic
2025-11-11,SKU011,LOC02,57,0,synthetic
2025-11-12,SKU011,LOC02,54,0,synthetic
2025-11-13,SKU011,LOC02,59,0,synthetic
2025-11-14,SKU011,LOC02,58,0,synthetic
2025-11-15,SKU011,LOC03,66,0,synthetic
2025-11-16,SKU011,LOC02,74,0,synthetic
2025-11-17,SKU011,LOC03,52,0,synthetic
2025-11-18,SKU011,LOC02,35,0,synthetic
2025-11-19,SKU011,LOC03,37,0,synthetic
2025-11-20,SKU011,LOC02,51,0,synthetic
2025-11-21,SKU011,LOC02,63,0,synthetic
2025-11-22,SKU011,LOC02,67,0,synthetic
2025-11-23,SKU011,LOC03,61,0,synthetic
2025-11-24,SKU011,LOC03,56,0,synthetic
2025-11-25,SKU011,LOC02,74,1,synthetic
2025-11-26,SKU011,LOC02,53,0,synthetic
2025-11-27,SKU011,LOC02,58,0,synthetic
2025-11-28,SKU011,LOC03,53,0,synthetic
2025-11-29,SKU011,LOC02,49,0,synthetic
2025-11-30,SKU011,LOC03,56,0,synthetic
2025-12-01,SKU011,LOC02,63,0,synthetic
2025-12-02,SKU011,LOC02,64,0,synthetic
2025-12-03,SKU011,LOC02,57,0,synthetic
2025-12-04,SKU011,LOC03,65,0,synthetic
2025-12-05,SKU011,LOC03,64,0,synthetic
2025-12-06,SKU011,LOC03,47,0,synthetic
2025-12-07,SKU011,LOC03,58,0,synthetic
2025-12-08,SKU011,LOC02,65,0,synthetic
2025-12-09,SKU011,LOC03,62,0,synthetic
2025-12-10,SKU011,LOC02,50,0,synthetic
2025-12-11,SKU011,LOC02,66,0,synthetic
2025-12-12,SKU011,LOC02,60,0,synthetic
2025-12-13,SKU011,LOC03,53,0,synthetic
2025-12-14,SKU011,LOC02,61,0,synthetic
2025-12-15,SKU011,LOC03,50,0,synthetic
2025-12-16,SKU011,LOC03,55,0,synthetic
2025-12-17,SKU011,LOC02,61,0,synthetic
2025-12-18,SKU011,LOC03,54,0,synthetic
2025-12-19,SKU011,LOC03,62,0,synthetic
2025-12-20,SKU011,LOC02,67,0,synthetic
2025-12-21,SKU011,LOC03,57,0,synthetic
2025-12-22,SKU011,LOC03,55,0,synthetic
2025-12-23,SKU011,LOC02,63,0,synthetic
2025-12-24,SKU011,LOC03,63,0,synthetic
2025-12-25,SKU011,LOC02,54,0,synthetic
2025-12-26,SKU011,LOC03,73,1,synthetic
2025-12-27,SKU011,LOC02,59,0,synthetic
2025-12-28,SKU011,LOC03,82,1,synthetic
2025-12-29,SKU011,LOC02,52,0,synthetic
2025-12-30,SKU011,LOC03,52,0,synthetic
2025-12-31,SKU011,LOC02,49,0,synthetic
2026-01-01,SKU011,LOC03,51,0,synthetic
2026-01-02,SKU011,LOC02,52,0,synthetic
2026-01-03,SKU011,LOC03,50,0,synthetic
2026-01-04,SKU011,LOC03,52,0,synthetic
2026-01-05,SKU011,LOC03,68,0,synthetic
2026-01-06,SKU011,LOC02,44,0,synthetic
2026-01-07,SKU011,LOC03,47,0,synthetic
2026-01-08,SKU011,LOC03,37,0,synthetic
2026-01-09,SKU011,LOC03,55,0,synthetic
2026-01-10,SKU011,LOC02,45,0,synthetic
2026-01-11,SKU011,LOC02,71,0,synthetic
2026-01-12,SKU011,LOC03,47,0,synthetic
2026-01-13,SKU011,LOC02,54,0,synthetic
2026-01-14,SKU011,LOC03,44,0,synthetic
2026-01-15,SKU011,LOC03,43,0,synthetic
2026-01-16,SKU011,LOC03,63,0,synthetic
2026-01-17,SKU011,LOC03,45,0,synthetic
2026-01-18,SKU011,LOC03,49,0,synthetic
2026-01-19,SKU011,LOC02,53,0,synthetic
2026-01-20,SKU011,LOC02,54,0,synthetic
2026-01-21,SKU011,LOC03,58,0,synthetic
2026-01-22,SKU011,LOC02,73,1,synthetic
2026-01-23,SKU011,LOC03,43,0,synthetic
2026-01-24,SKU011,LOC02,61,0,synthetic
2026-01-25,SKU011,LOC03,58,0,synthetic
2026-01-26,SKU011,LOC02,49,0,synthetic
2026-01-27,SKU011,LOC03,53,0,synthetic
2026-01-28,SKU011,LOC03,52,0,synthetic
2026-01-29,SKU011,LOC03,49,0,synthetic
2026-01-30,SKU011,LOC03,52,0,synthetic
2026-01-31,SKU011,LOC03,63,0,synthetic
2026-02-01,SKU011,LOC02,47,0,synthetic
2026-02-02,SKU011,LOC03,54,0,synthetic
2026-02-03,SKU011,LOC02,53,0,synthetic
2026-02-04,SKU011,LOC03,46,0,synthetic
2026-02-05,SKU011,LOC02,42,0,synthetic
2026-02-06,SKU011,LOC02,66,0,synthetic
2026-02-07,SKU011,LOC03,51,0,synthetic
2026-02-08,SKU011,LOC02,60,0,synthetic
2026-02-09,SKU011,LOC03,45,0,synthetic
2026-02-10,SKU011,LOC02,41,0,synthetic
2026-02-11,SKU011,LOC03,60,1,synthetic
2026-02-12,SKU011,LOC03,44,0,synthetic
2026-02-13,SKU011,LOC02,54,0,synthetic
2026-02-14,SKU011,LOC03,59,0,synthetic
2026-02-15,SKU011,LOC02,67,0,synthetic
2026-02-16,SKU011,LOC03,48,0,synthetic
2026-02-17,SKU011,LOC03,48,0,synthetic
2026-02-18,SKU011,LOC02,55,0,synthetic
2026-02-19,SKU011,LOC03,53,0,synthetic
2026-02-20,SKU011,LOC03,51,0,synthetic
2026-02-21,SKU011,LOC03,69,0,synthetic
2026-02-22,SKU011,LOC02,52,0,synthetic
2026-02-23,SKU011,LOC02,53,0,synthetic
2026-02-24,SKU011,LOC03,58,0,synthetic
2026-02-25,SKU011,LOC03,41,0,synthetic
2026-02-26,SKU011,LOC03,42,0,synthetic
2026-02-27,SKU011,LOC02,43,0,synthetic
2026-02-28,SKU011,LOC02,56,0,synthetic
2026-03-01,SKU011,LOC02,57,0,synthetic
2026-03-02,SKU011,LOC03,61,0,synthetic
2026-03-03,SKU011,LOC02,55,0,synthetic
2026-03-04,SKU011,LOC03,51,0,synthetic
2026-03-05,SKU011,LOC03,52,0,synthetic
2026-03-06,SKU011,LOC03,71,0,synthetic
2026-03-07,SKU011,LOC03,74,0,synthetic
2026-03-08,SKU011,LOC02,61,0,synthetic
2026-03-09,SKU011,LOC02,64,0,synthetic
2026-03-10,SKU011,LOC02,62,0,synthetic
2026-03-11,SKU011,LOC02,62,0,synthetic
2026-03-12,SKU011,LOC03,49,0,synthetic
2026-03-13,SKU011,LOC03,53,0,synthetic
2026-03-14,SKU011,LOC02,55,0,synthetic
2026-03-15,SKU011,LOC03,64,0,synthetic
2026-03-16,SKU011,LOC02,68,0,synthetic
2026-03-17,SKU011,LOC02,54,0,synthetic
2026-03-18,SKU011,LOC03,60,0,synthetic
2026-03-19,SKU011,LOC02,54,0,synthetic
2026-03-20,SKU011,LOC03,51,0,synthetic
2026-03-21,SKU011,LOC03,69,0,synthetic
2026-03-22,SKU011,LOC02,68,0,synthetic
2026-03-23,SKU011,LOC02,49,0,synthetic
2026-03-24,SKU011,LOC03,65,0,synthetic
2026-03-25,SKU011,LOC03,68,0,synthetic
2026-03-26,SKU011,LOC03,46,0,synthetic
2026-03-27,SKU011,LOC02,58,0,synthetic
2026-03-28,SKU011,LOC02,66,0,synthetic
2026-03-29,SKU011,LOC03,62,0,synthetic
2026-03-30,SKU011,LOC03,67,0,synthetic
2026-03-31,SKU011,LOC02,51,0,synthetic
2026-04-01,SKU011,LOC02,59,0,synthetic
2026-04-02,SKU011,LOC02,61,0,synthetic
2026-04-03,SKU011,LOC03,53,0,synthetic
2026-04-04,SKU011,LOC02,58,0,synthetic
2026-04-05,SKU011,LOC02,69,0,synthetic
2026-04-06,SKU011,LOC02,58,0,synthetic
2026-04-07,SKU011,LOC03,57,0,synthetic
2026-04-08,SKU011,LOC03,58,0,synthetic
2026-04-09,SKU011,LOC02,53,0,synthetic
2026-04-10,SKU011,LOC02,58,0,synthetic
2026-04-11,SKU011,LOC03,54,0,synthetic
2026-04-12,SKU011,LOC02,59,0,synthetic
2026-04-13,SKU011,LOC02,63,0,synthetic
2026-04-14,SKU011,LOC02,63,0,synthetic
2026-04-15,SKU011,LOC02,68,0,synthetic
2026-04-16,SKU011,LOC03,79,1,synthetic
2026-04-17,SKU011,LOC02,54,0,synthetic
2026-04-18,SKU011,LOC02,73,0,synthetic
2026-04-19,SKU011,LOC02,67,0,synthetic
2026-04-20,SKU011,LOC02,62,0,synthetic
2026-04-21,SKU011,LOC02,54,0,synthetic
2026-04-22,SKU011,LOC02,49,0,synthetic
2026-04-23,SKU011,LOC03,53,0,synthetic
2026-04-24,SKU011,LOC03,51,0,synthetic
2026-04-25,SKU011,LOC02,62,0,synthetic
2026-04-26,SKU011,LOC02,59,0,synthetic
2026-04-27,SKU011,LOC03,60,0,synthetic
2026-04-28,SKU011,LOC03,57,0,synthetic
2026-04-29,SKU011,LOC03,48,0,synthetic
2026-04-30,SKU011,LOC03,51,0,synthetic
2026-05-01,SKU011,LOC02,71,0,synthetic
2026-05-02,SKU011,LOC03,65,0,synthetic
2026-05-03,SKU011,LOC02,83,0,synthetic
2026-05-04,SKU011,LOC02,58,0,synthetic
2026-05-05,SKU011,LOC03,76,0,synthetic
2026-05-06,SKU011,LOC03,60,0,synthetic
2026-05-07,SKU011,LOC03,75,0,synthetic
2026-05-08,SKU011,LOC02,68,0,synthetic
2026-05-09,SKU011,LOC03,70,0,synthetic
2026-05-10,SKU011,LOC02,70,0,synthetic
2026-05-11,SKU011,LOC02,62,0,synthetic
2026-05-12,SKU011,LOC02,76,0,synthetic
2026-05-13,SKU011,LOC02,65,0,synthetic
2026-05-14,SKU011,LOC02,70,0,synthetic
2026-05-15,SKU011,LOC02,67,0,synthetic
2026-05-16,SKU011,LOC02,68,0,synthetic
2026-05-17,SKU011,LOC02,67,0,synthetic
2026-05-18,SKU011,LOC02,71,0,synthetic
2026-05-19,SKU011,LOC03,64,0,synthetic
2026-05-20,SKU011,LOC03,62,0,synthetic
2026-05-21,SKU011,LOC02,57,0,synthetic
2026-05-22,SKU011,LOC03,59,0,synthetic
2026-05-23,SKU011,LOC03,69,0,synthetic
2026-05-24,SKU011,LOC02,81,0,synthetic
2026-05-25,SKU011,LOC03,61,0,synthetic
2026-05-26,SKU011,LOC03,71,0,synthetic
2026-05-27,SKU011,LOC02,68,0,synthetic
2026-05-28,SKU011,LOC02,65,0,synthetic
2026-05-29,SKU011,LOC02,71,0,synthetic
2026-05-30,SKU011,LOC02,87,0,synthetic
2026-05-31,SKU011,LOC02,76,0,synthetic
2026-06-01,SKU011,LOC03,71,0,synthetic
2026-06-02,SKU011,LOC02,57,0,synthetic
2026-06-03,SKU011,LOC03,70,0,synthetic
2026-06-04,SKU011,LOC02,64,0,synthetic
2026-06-05,SKU011,LOC02,70,0,synthetic
2026-06-06,SKU011,LOC03,76,0,synthetic
2026-06-07,SKU011,LOC03,74,0,synthetic
2026-06-08,SKU011,LOC03,81,0,synthetic
2026-06-09,SKU011,LOC02,70,0,synthetic
2026-06-10,SKU011,LOC02,71,0,synthetic
2026-06-11,SKU011,LOC03,96,1,synthetic
2026-06-12,SKU011,LOC02,67,0,synthetic
2026-06-13,SKU011,LOC02,66,0,synthetic
2026-06-14,SKU011,LOC03,71,0,synthetic
2026-06-15,SKU011,LOC03,66,0,synthetic
2026-06-16,SKU011,LOC02,47,0,synthetic
2026-06-17,SKU011,LOC03,75,0,synthetic
2026-06-18,SKU011,LOC02,89,1,synthetic
2026-06-19,SKU011,LOC03,77,0,synthetic
2026-06-20,SKU011,LOC02,79,0,synthetic
2026-06-21,SKU011,LOC02,75,0,synthetic
2026-06-22,SKU011,LOC02,70,0,synthetic
2026-06-23,SKU011,LOC02,65,0,synthetic
2026-06-24,SKU011,LOC02,69,0,synthetic
2026-06-25,SKU011,LOC02,59,0,synthetic
2026-06-26,SKU011,LOC03,81,0,synthetic
2026-06-27,SKU011,LOC03,69,0,synthetic
2026-06-28,SKU011,LOC03,84,0,synthetic
2026-06-29,SKU011,LOC02,56,0,synthetic
2026-06-30,SKU011,LOC02,59,0,synthetic
2026-07-01,SKU011,LOC03,71,0,synthetic
2026-07-02,SKU011,LOC02,81,0,synthetic
2026-07-03,SKU011,LOC02,58,0,synthetic
2026-07-04,SKU011,LOC03,63,0,synthetic
2026-07-05,SKU011,LOC03,75,0,synthetic
2026-07-06,SKU011,LOC03,61,0,synthetic
2026-07-07,SKU011,LOC02,65,0,synthetic
2026-07-08,SKU011,LOC02,71,0,synthetic
2026-07-09,SKU011,LOC03,70,0,synthetic
2026-07-10,SKU011,LOC02,91,1,synthetic
2026-07-11,SKU011,LOC02,81,0,synthetic
2026-07-12,SKU011,LOC02,50,0,synthetic
2026-07-13,SKU011,LOC02,62,0,synthetic
2026-07-14,SKU011,LOC03,58,0,synthetic
2026-07-15,SKU011,LOC03,61,0,synthetic
2026-07-16,SKU011,LOC03,71,0,synthetic
2026-07-17,SKU011,LOC03,78,0,synthetic
2026-07-18,SKU011,LOC03,87,0,synthetic
2026-07-19,SKU011,LOC02,72,0,synthetic
2026-07-20,SKU011,LOC03,72,0,synthetic
2026-07-21,SKU011,LOC03,63,0,synthetic
2026-07-22,SKU011,LOC03,66,0,synthetic
2026-07-23,SKU011,LOC02,74,0,synthetic
2026-07-24,SKU011,LOC02,67,0,synthetic
2026-07-25,SKU011,LOC02,60,0,synthetic
2026-07-26,SKU011,LOC02,88,1,synthetic
2026-07-27,SKU011,LOC02,70,0,synthetic
2026-07-28,SKU011,LOC02,83,0,synthetic
2026-07-29,SKU011,LOC03,91,1,synthetic
2026-07-30,SKU011,LOC02,58,0,synthetic
2026-07-31,SKU011,LOC02,83,0,synthetic
2026-08-01,SKU011,LOC02,61,0,synthetic
2026-08-02,SKU011,LOC02,61,0,synthetic
2026-08-03,SKU011,LOC02,46,0,synthetic
2026-08-04,SKU011,LOC03,58,0,synthetic
2026-08-05,SKU011,LOC03,56,0,synthetic
2025-08-06,SKU012,LOC02,56,0,synthetic
2025-08-07,SKU012,LOC02,52,0,synthetic
2025-08-08,SKU012,LOC03,36,0,synthetic
2025-08-09,SKU012,LOC03,50,0,synthetic
2025-08-10,SKU012,LOC03,51,0,synthetic
2025-08-11,SKU012,LOC02,53,0,synthetic
2025-08-12,SKU012,LOC03,59,1,synthetic
2025-08-13,SKU012,LOC03,48,0,synthetic
2025-08-14,SKU012,LOC02,44,0,synthetic
2025-08-15,SKU012,LOC02,51,0,synthetic
2025-08-16,SKU012,LOC02,58,0,synthetic
2025-08-17,SKU012,LOC03,53,0,synthetic
2025-08-18,SKU012,LOC02,50,0,synthetic
2025-08-19,SKU012,LOC03,56,0,synthetic
2025-08-20,SKU012,LOC02,51,0,synthetic
2025-08-21,SKU012,LOC02,39,0,synthetic
2025-08-22,SKU012,LOC03,43,0,synthetic
2025-08-23,SKU012,LOC03,53,0,synthetic
2025-08-24,SKU012,LOC02,49,0,synthetic
2025-08-25,SKU012,LOC03,54,0,synthetic
2025-08-26,SKU012,LOC02,43,0,synthetic
2025-08-27,SKU012,LOC02,57,0,synthetic
2025-08-28,SKU012,LOC02,62,0,synthetic
2025-08-29,SKU012,LOC02,47,0,synthetic
2025-08-30,SKU012,LOC02,50,0,synthetic
2025-08-31,SKU012,LOC03,47,0,synthetic
2025-09-01,SKU012,LOC03,47,0,synthetic
2025-09-02,SKU012,LOC03,63,1,synthetic
2025-09-03,SKU012,LOC03,42,0,synthetic
2025-09-04,SKU012,LOC02,41,0,synthetic
2025-09-05,SKU012,LOC02,46,0,synthetic
2025-09-06,SKU012,LOC02,63,0,synthetic
2025-09-07,SKU012,LOC03,51,0,synthetic
2025-09-08,SKU012,LOC02,53,0,synthetic
2025-09-09,SKU012,LOC02,41,0,synthetic
2025-09-10,SKU012,LOC03,57,0,synthetic
2025-09-11,SKU012,LOC02,50,0,synthetic
2025-09-12,SKU012,LOC02,58,0,synthetic
2025-09-13,SKU012,LOC02,59,0,synthetic
2025-09-14,SKU012,LOC02,55,0,synthetic
2025-09-15,SKU012,LOC03,52,0,synthetic
2025-09-16,SKU012,LOC02,48,0,synthetic
2025-09-17,SKU012,LOC02,59,0,synthetic
2025-09-18,SKU012,LOC03,45,0,synthetic
2025-09-19,SKU012,LOC03,45,0,synthetic
2025-09-20,SKU012,LOC02,44,0,synthetic
2025-09-21,SKU012,LOC02,50,0,synthetic
2025-09-22,SKU012,LOC03,37,0,synthetic
2025-09-23,SKU012,LOC02,47,0,synthetic
2025-09-24,SKU012,LOC02,46,0,synthetic
2025-09-25,SKU012,LOC03,47,0,synthetic
2025-09-26,SKU012,LOC02,54,0,synthetic
2025-09-27,SKU012,LOC03,51,0,synthetic
2025-09-28,SKU012,LOC02,55,0,synthetic
2025-09-29,SKU012,LOC03,53,0,synthetic
2025-09-30,SKU012,LOC02,52,0,synthetic
2025-10-01,SKU012,LOC03,45,0,synthetic
2025-10-02,SKU012,LOC03,46,0,synthetic
2025-10-03,SKU012,LOC03,61,0,synthetic
2025-10-04,SKU012,LOC03,43,0,synthetic
2025-10-05,SKU012,LOC03,56,0,synthetic
2025-10-06,SKU012,LOC03,45,0,synthetic
2025-10-07,SKU012,LOC02,47,0,synthetic
2025-10-08,SKU012,LOC02,43,0,synthetic
2025-10-09,SKU012,LOC02,49,0,synthetic
2025-10-10,SKU012,LOC03,51,0,synthetic
2025-10-11,SKU012,LOC03,57,0,synthetic
2025-10-12,SKU012,LOC02,47,0,synthetic
2025-10-13,SKU012,LOC02,45,0,synthetic
2025-10-14,SKU012,LOC02,36,0,synthetic
2025-10-15,SKU012,LOC03,51,0,synthetic
2025-10-16,SKU012,LOC03,50,0,synthetic
2025-10-17,SKU012,LOC03,58,0,synthetic
2025-10-18,SKU012,LOC03,55,0,synthetic
2025-10-19,SKU012,LOC02,51,0,synthetic
2025-10-20,SKU012,LOC03,49,0,synthetic
2025-10-21,SKU012,LOC03,42,0,synthetic
2025-10-22,SKU012,LOC02,43,0,synthetic
2025-10-23,SKU012,LOC02,48,0,synthetic
2025-10-24,SKU012,LOC02,52,0,synthetic
2025-10-25,SKU012,LOC03,49,0,synthetic
2025-10-26,SKU012,LOC02,62,0,synthetic
2025-10-27,SKU012,LOC03,48,0,synthetic
2025-10-28,SKU012,LOC02,69,1,synthetic
2025-10-29,SKU012,LOC02,46,0,synthetic
2025-10-30,SKU012,LOC02,65,0,synthetic
2025-10-31,SKU012,LOC02,45,0,synthetic
2025-11-01,SKU012,LOC03,53,0,synthetic
2025-11-02,SKU012,LOC03,58,0,synthetic
2025-11-03,SKU012,LOC03,40,0,synthetic
2025-11-04,SKU012,LOC02,42,0,synthetic
2025-11-05,SKU012,LOC03,48,0,synthetic
2025-11-06,SKU012,LOC03,49,0,synthetic
2025-11-07,SKU012,LOC03,60,0,synthetic
2025-11-08,SKU012,LOC03,54,0,synthetic
2025-11-09,SKU012,LOC03,56,0,synthetic
2025-11-10,SKU012,LOC03,37,0,synthetic
2025-11-11,SKU012,LOC03,40,0,synthetic
2025-11-12,SKU012,LOC02,54,0,synthetic
2025-11-13,SKU012,LOC02,43,0,synthetic
2025-11-14,SKU012,LOC02,56,0,synthetic
2025-11-15,SKU012,LOC02,68,1,synthetic
2025-11-16,SKU012,LOC03,58,0,synthetic
2025-11-17,SKU012,LOC03,45,0,synthetic
2025-11-18,SKU012,LOC02,59,1,synthetic
2025-11-19,SKU012,LOC02,47,0,synthetic
2025-11-20,SKU012,LOC03,44,0,synthetic
2025-11-21,SKU012,LOC03,43,0,synthetic
2025-11-22,SKU012,LOC03,54,0,synthetic
2025-11-23,SKU012,LOC03,59,0,synthetic
2025-11-24,SKU012,LOC02,47,0,synthetic
2025-11-25,SKU012,LOC02,55,0,synthetic
2025-11-26,SKU012,LOC03,40,0,synthetic
2025-11-27,SKU012,LOC03,39,0,synthetic
2025-11-28,SKU012,LOC02,48,0,synthetic
2025-11-29,SKU012,LOC03,55,0,synthetic
2025-11-30,SKU012,LOC03,50,0,synthetic
2025-12-01,SKU012,LOC02,46,0,synthetic
2025-12-02,SKU012,LOC03,45,0,synthetic
2025-12-03,SKU012,LOC02,51,0,synthetic
2025-12-04,SKU012,LOC02,44,0,synthetic
2025-12-05,SKU012,LOC02,38,0,synthetic
2025-12-06,SKU012,LOC03,57,0,synthetic
2025-12-07,SKU012,LOC02,65,0,synthetic
2025-12-08,SKU012,LOC03,46,0,synthetic
2025-12-09,SKU012,LOC02,44,0,synthetic
2025-12-10,SKU012,LOC02,43,0,synthetic
2025-12-11,SKU012,LOC02,56,0,synthetic
2025-12-12,SKU012,LOC02,45,0,synthetic
2025-12-13,SKU012,LOC03,66,0,synthetic
2025-12-14,SKU012,LOC03,52,0,synthetic
2025-12-15,SKU012,LOC03,49,0,synthetic
2025-12-16,SKU012,LOC03,46,0,synthetic
2025-12-17,SKU012,LOC03,41,0,synthetic
2025-12-18,SKU012,LOC03,55,0,synthetic
2025-12-19,SKU012,LOC03,39,0,synthetic
2025-12-20,SKU012,LOC03,62,0,synthetic
2025-12-21,SKU012,LOC02,46,0,synthetic
2025-12-22,SKU012,LOC02,48,0,synthetic
2025-12-23,SKU012,LOC02,55,0,synthetic
2025-12-24,SKU012,LOC03,42,0,synthetic
2025-12-25,SKU012,LOC02,42,0,synthetic
2025-12-26,SKU012,LOC03,50,0,synthetic
2025-12-27,SKU012,LOC03,62,0,synthetic
2025-12-28,SKU012,LOC03,55,0,synthetic
2025-12-29,SKU012,LOC03,59,0,synthetic
2025-12-30,SKU012,LOC02,53,0,synthetic
2025-12-31,SKU012,LOC03,51,0,synthetic
2026-01-01,SKU012,LOC02,57,0,synthetic
2026-01-02,SKU012,LOC02,40,0,synthetic
2026-01-03,SKU012,LOC03,58,0,synthetic
2026-01-04,SKU012,LOC03,49,0,synthetic
2026-01-05,SKU012,LOC03,61,1,synthetic
2026-01-06,SKU012,LOC02,67,1,synthetic
2026-01-07,SKU012,LOC03,55,0,synthetic
2026-01-08,SKU012,LOC02,45,0,synthetic
2026-01-09,SKU012,LOC03,44,0,synthetic
2026-01-10,SKU012,LOC03,53,0,synthetic
2026-01-11,SKU012,LOC03,52,0,synthetic
2026-01-12,SKU012,LOC03,48,0,synthetic
2026-01-13,SKU012,LOC03,48,0,synthetic
2026-01-14,SKU012,LOC02,42,0,synthetic
2026-01-15,SKU012,LOC02,48,0,synthetic
2026-01-16,SKU012,LOC03,49,0,synthetic
2026-01-17,SKU012,LOC02,45,0,synthetic
2026-01-18,SKU012,LOC03,51,0,synthetic
2026-01-19,SKU012,LOC03,34,0,synthetic
2026-01-20,SKU012,LOC03,43,0,synthetic
2026-01-21,SKU012,LOC02,48,0,synthetic
2026-01-22,SKU012,LOC03,40,0,synthetic
2026-01-23,SKU012,LOC03,45,0,synthetic
2026-01-24,SKU012,LOC03,51,0,synthetic
2026-01-25,SKU012,LOC02,56,0,synthetic
2026-01-26,SKU012,LOC03,47,0,synthetic
2026-01-27,SKU012,LOC03,44,0,synthetic
2026-01-28,SKU012,LOC03,68,1,synthetic
2026-01-29,SKU012,LOC02,43,0,synthetic
2026-01-30,SKU012,LOC03,47,0,synthetic
2026-01-31,SKU012,LOC03,45,0,synthetic
2026-02-01,SKU012,LOC02,65,0,synthetic
2026-02-02,SKU012,LOC02,44,0,synthetic
2026-02-03,SKU012,LOC02,40,0,synthetic
2026-02-04,SKU012,LOC03,52,0,synthetic
2026-02-05,SKU012,LOC03,43,0,synthetic
2026-02-06,SKU012,LOC02,53,0,synthetic
2026-02-07,SKU012,LOC02,45,0,synthetic
2026-02-08,SKU012,LOC02,52,0,synthetic
2026-02-09,SKU012,LOC03,36,0,synthetic
2026-02-10,SKU012,LOC02,47,0,synthetic
2026-02-11,SKU012,LOC03,43,0,synthetic
2026-02-12,SKU012,LOC03,42,0,synthetic
2026-02-13,SKU012,LOC02,41,0,synthetic
2026-02-14,SKU012,LOC03,45,0,synthetic
2026-02-15,SKU012,LOC03,55,0,synthetic
2026-02-16,SKU012,LOC02,50,0,synthetic
2026-02-17,SKU012,LOC02,43,0,synthetic
2026-02-18,SKU012,LOC02,44,0,synthetic
2026-02-19,SKU012,LOC02,52,0,synthetic
2026-02-20,SKU012,LOC02,42,0,synthetic
2026-02-21,SKU012,LOC03,61,0,synthetic
2026-02-22,SKU012,LOC02,41,0,synthetic
2026-02-23,SKU012,LOC03,55,0,synthetic
2026-02-24,SKU012,LOC02,45,0,synthetic
2026-02-25,SKU012,LOC03,51,0,synthetic
2026-02-26,SKU012,LOC03,45,0,synthetic
2026-02-27,SKU012,LOC02,51,0,synthetic
2026-02-28,SKU012,LOC02,47,0,synthetic
2026-03-01,SKU012,LOC02,63,0,synthetic
2026-03-02,SKU012,LOC02,42,0,synthetic
2026-03-03,SKU012,LOC03,47,0,synthetic
2026-03-04,SKU012,LOC03,53,0,synthetic
2026-03-05,SKU012,LOC03,51,0,synthetic
2026-03-06,SKU012,LOC03,52,0,synthetic
2026-03-07,SKU012,LOC02,79,1,synthetic
2026-03-08,SKU012,LOC02,51,0,synthetic
2026-03-09,SKU012,LOC03,53,0,synthetic
2026-03-10,SKU012,LOC03,47,0,synthetic
2026-03-11,SKU012,LOC02,50,0,synthetic
2026-03-12,SKU012,LOC03,42,0,synthetic
2026-03-13,SKU012,LOC02,48,0,synthetic
2026-03-14,SKU012,LOC03,56,0,synthetic
2026-03-15,SKU012,LOC03,46,0,synthetic
2026-03-16,SKU012,LOC03,59,0,synthetic
2026-03-17,SKU012,LOC03,59,1,synthetic
2026-03-18,SKU012,LOC03,60,0,synthetic
2026-03-19,SKU012,LOC02,49,0,synthetic
2026-03-20,SKU012,LOC03,63,0,synthetic
2026-03-21,SKU012,LOC02,50,0,synthetic
2026-03-22,SKU012,LOC02,59,0,synthetic
2026-03-23,SKU012,LOC03,53,0,synthetic
2026-03-24,SKU012,LOC03,52,1,synthetic
2026-03-25,SKU012,LOC03,43,0,synthetic
2026-03-26,SKU012,LOC02,62,0,synthetic
2026-03-27,SKU012,LOC02,38,0,synthetic
2026-03-28,SKU012,LOC03,48,0,synthetic
2026-03-29,SKU012,LOC02,75,1,synthetic
2026-03-30,SKU012,LOC03,54,0,synthetic
2026-03-31,SKU012,LOC03,40,0,synthetic
2026-04-01,SKU012,LOC03,46,0,synthetic
2026-04-02,SKU012,LOC02,42,0,synthetic
2026-04-03,SKU012,LOC02,57,0,synthetic
2026-04-04,SKU012,LOC02,61,0,synthetic
2026-04-05,SKU012,LOC03,52,0,synthetic
2026-04-06,SKU012,LOC03,49,0,synthetic
2026-04-07,SKU012,LOC03,55,0,synthetic
2026-04-08,SKU012,LOC02,50,0,synthetic
2026-04-09,SKU012,LOC03,40,0,synthetic
2026-04-10,SKU012,LOC02,46,0,synthetic
2026-04-11,SKU012,LOC02,65,1,synthetic
2026-04-12,SKU012,LOC03,64,0,synthetic
2026-04-13,SKU012,LOC03,55,0,synthetic
2026-04-14,SKU012,LOC03,54,0,synthetic
2026-04-15,SKU012,LOC02,49,0,synthetic
2026-04-16,SKU012,LOC02,40,0,synthetic
2026-04-17,SKU012,LOC02,54,0,synthetic
2026-04-18,SKU012,LOC02,58,0,synthetic
2026-04-19,SKU012,LOC03,57,0,synthetic
2026-04-20,SKU012,LOC03,49,0,synthetic
2026-04-21,SKU012,LOC03,46,0,synthetic
2026-04-22,SKU012,LOC02,55,0,synthetic
2026-04-23,SKU012,LOC02,68,1,synthetic
2026-04-24,SKU012,LOC02,54,0,synthetic
2026-04-25,SKU012,LOC02,73,1,synthetic
2026-04-26,SKU012,LOC02,54,0,synthetic
2026-04-27,SKU012,LOC03,48,0,synthetic
2026-04-28,SKU012,LOC03,45,0,synthetic
2026-04-29,SKU012,LOC02,57,0,synthetic
2026-04-30,SKU012,LOC03,48,0,synthetic
2026-05-01,SKU012,LOC02,62,0,synthetic
2026-05-02,SKU012,LOC03,69,0,synthetic
2026-05-03,SKU012,LOC02,63,0,synthetic
2026-05-04,SKU012,LOC03,67,0,synthetic
2026-05-05,SKU012,LOC02,64,0,synthetic
2026-05-06,SKU012,LOC03,53,0,synthetic
2026-05-07,SKU012,LOC02,62,0,synthetic
2026-05-08,SKU012,LOC02,53,0,synthetic
2026-05-09,SKU012,LOC02,63,0,synthetic
2026-05-10,SKU012,LOC03,71,0,synthetic
2026-05-11,SKU012,LOC02,65,0,synthetic
2026-05-12,SKU012,LOC02,56,0,synthetic
2026-05-13,SKU012,LOC03,59,0,synthetic
2026-05-14,SKU012,LOC02,64,0,synthetic
2026-05-15,SKU012,LOC03,52,0,synthetic
2026-05-16,SKU012,LOC03,63,0,synthetic
2026-05-17,SKU012,LOC03,65,0,synthetic
2026-05-18,SKU012,LOC03,56,0,synthetic
2026-05-19,SKU012,LOC02,47,0,synthetic
2026-05-20,SKU012,LOC02,62,0,synthetic
2026-05-21,SKU012,LOC03,73,1,synthetic
2026-05-22,SKU012,LOC02,56,0,synthetic
2026-05-23,SKU012,LOC03,63,0,synthetic
2026-05-24,SKU012,LOC03,64,0,synthetic
2026-05-25,SKU012,LOC03,54,0,synthetic
2026-05-26,SKU012,LOC02,58,0,synthetic
2026-05-27,SKU012,LOC03,59,0,synthetic
2026-05-28,SKU012,LOC02,51,0,synthetic
2026-05-29,SKU012,LOC03,51,0,synthetic
2026-05-30,SKU012,LOC02,71,0,synthetic
2026-05-31,SKU012,LOC03,72,0,synthetic
2026-06-01,SKU012,LOC02,60,0,synthetic
2026-06-02,SKU012,LOC03,60,0,synthetic
2026-06-03,SKU012,LOC03,51,0,synthetic
2026-06-04,SKU012,LOC03,60,0,synthetic
2026-06-05,SKU012,LOC03,56,0,synthetic
2026-06-06,SKU012,LOC03,57,0,synthetic
2026-06-07,SKU012,LOC02,62,0,synthetic
2026-06-08,SKU012,LOC03,48,0,synthetic
2026-06-09,SKU012,LOC03,52,0,synthetic
2026-06-10,SKU012,LOC03,59,0,synthetic
2026-06-11,SKU012,LOC03,53,0,synthetic
2026-06-12,SKU012,LOC02,66,0,synthetic
2026-06-13,SKU012,LOC02,65,0,synthetic
2026-06-14,SKU012,LOC02,68,0,synthetic
2026-06-15,SKU012,LOC02,66,0,synthetic
2026-06-16,SKU012,LOC03,61,0,synthetic
2026-06-17,SKU012,LOC03,62,0,synthetic
2026-06-18,SKU012,LOC03,59,0,synthetic
2026-06-19,SKU012,LOC03,47,0,synthetic
2026-06-20,SKU012,LOC03,75,0,synthetic
2026-06-21,SKU012,LOC02,82,1,synthetic
2026-06-22,SKU012,LOC03,56,0,synthetic
2026-06-23,SKU012,LOC02,40,0,synthetic
2026-06-24,SKU012,LOC03,68,0,synthetic
2026-06-25,SKU012,LOC03,57,0,synthetic
2026-06-26,SKU012,LOC02,57,0,synthetic
2026-06-27,SKU012,LOC02,68,0,synthetic
2026-06-28,SKU012,LOC03,49,0,synthetic
2026-06-29,SKU012,LOC02,61,0,synthetic
2026-06-30,SKU012,LOC03,56,0,synthetic
2026-07-01,SKU012,LOC02,64,0,synthetic
2026-07-02,SKU012,LOC02,61,0,synthetic
2026-07-03,SKU012,LOC02,64,0,synthetic
2026-07-04,SKU012,LOC02,62,0,synthetic
2026-07-05,SKU012,LOC02,68,0,synthetic
2026-07-06,SKU012,LOC02,62,0,synthetic
2026-07-07,SKU012,LOC03,56,0,synthetic
2026-07-08,SKU012,LOC02,57,0,synthetic
2026-07-09,SKU012,LOC03,55,0,synthetic
2026-07-10,SKU012,LOC03,71,0,synthetic
2026-07-11,SKU012,LOC03,61,0,synthetic
2026-07-12,SKU012,LOC02,54,0,synthetic
2026-07-13,SKU012,LOC02,54,0,synthetic
2026-07-14,SKU012,LOC03,62,0,synthetic
2026-07-15,SKU012,LOC03,57,0,synthetic
2026-07-16,SKU012,LOC03,50,0,synthetic
2026-07-17,SKU012,LOC02,53,0,synthetic
2026-07-18,SKU012,LOC02,69,0,synthetic
2026-07-19,SKU012,LOC02,56,0,synthetic
2026-07-20,SKU012,LOC03,67,0,synthetic
2026-07-21,SKU012,LOC03,75,0,synthetic
2026-07-22,SKU012,LOC03,84,1,synthetic
2026-07-23,SKU012,LOC02,66,1,synthetic
2026-07-24,SKU012,LOC03,55,0,synthetic
2026-07-25,SKU012,LOC03,67,0,synthetic
2026-07-26,SKU012,LOC03,61,0,synthetic
2026-07-27,SKU012,LOC02,54,0,synthetic
2026-07-28,SKU012,LOC02,52,0,synthetic
2026-07-29,SKU012,LOC02,55,0,synthetic
2026-07-30,SKU012,LOC02,57,0,synthetic
2026-07-31,SKU012,LOC03,61,0,synthetic
2026-08-01,SKU012,LOC02,47,0,synthetic
2026-08-02,SKU012,LOC02,53,0,synthetic
2026-08-03,SKU012,LOC02,45,0,synthetic
2026-08-04,SKU012,LOC02,53,0,synthetic
2026-08-05,SKU012,LOC02,50,0,synthetic
2025-08-06,SKU013,LOC03,54,0,synthetic
2025-08-07,SKU013,LOC02,45,0,synthetic
2025-08-08,SKU013,LOC03,43,0,synthetic
2025-08-09,SKU013,LOC02,57,0,synthetic
2025-08-10,SKU013,LOC03,63,0,synthetic
2025-08-11,SKU013,LOC02,56,0,synthetic
2025-08-12,SKU013,LOC02,54,0,synthetic
2025-08-13,SKU013,LOC03,53,0,synthetic
2025-08-14,SKU013,LOC02,62,0,synthetic
2025-08-15,SKU013,LOC02,52,0,synthetic
2025-08-16,SKU013,LOC03,54,0,synthetic
2025-08-17,SKU013,LOC03,62,0,synthetic
2025-08-18,SKU013,LOC02,57,0,synthetic
2025-08-19,SKU013,LOC02,40,0,synthetic
2025-08-20,SKU013,LOC02,54,0,synthetic
2025-08-21,SKU013,LOC03,40,0,synthetic
2025-08-22,SKU013,LOC02,48,0,synthetic
2025-08-23,SKU013,LOC03,64,0,synthetic
2025-08-24,SKU013,LOC02,60,0,synthetic
2025-08-25,SKU013,LOC03,51,0,synthetic
2025-08-26,SKU013,LOC02,52,0,synthetic
2025-08-27,SKU013,LOC02,66,1,synthetic
2025-08-28,SKU013,LOC03,41,0,synthetic
2025-08-29,SKU013,LOC02,49,0,synthetic
2025-08-30,SKU013,LOC03,63,0,synthetic
2025-08-31,SKU013,LOC03,63,0,synthetic
2025-09-01,SKU013,LOC03,62,0,synthetic
2025-09-02,SKU013,LOC03,45,0,synthetic
2025-09-03,SKU013,LOC03,54,0,synthetic
2025-09-04,SKU013,LOC02,50,0,synthetic
2025-09-05,SKU013,LOC03,40,0,synthetic
2025-09-06,SKU013,LOC03,55,0,synthetic
2025-09-07,SKU013,LOC03,63,0,synthetic
2025-09-08,SKU013,LOC02,48,0,synthetic
2025-09-09,SKU013,LOC03,41,0,synthetic
2025-09-10,SKU013,LOC03,49,0,synthetic
2025-09-11,SKU013,LOC03,55,0,synthetic
2025-09-12,SKU013,LOC03,71,1,synthetic
2025-09-13,SKU013,LOC02,50,0,synthetic
2025-09-14,SKU013,LOC02,50,0,synthetic
2025-09-15,SKU013,LOC03,52,0,synthetic
2025-09-16,SKU013,LOC02,51,0,synthetic
2025-09-17,SKU013,LOC03,58,0,synthetic
2025-09-18,SKU013,LOC02,48,0,synthetic
2025-09-19,SKU013,LOC02,37,0,synthetic
2025-09-20,SKU013,LOC02,62,0,synthetic
2025-09-21,SKU013,LOC03,55,0,synthetic
2025-09-22,SKU013,LOC03,45,0,synthetic
2025-09-23,SKU013,LOC03,58,0,synthetic
2025-09-24,SKU013,LOC02,63,0,synthetic
2025-09-25,SKU013,LOC02,44,0,synthetic
2025-09-26,SKU013,LOC02,55,0,synthetic
2025-09-27,SKU013,LOC02,53,0,synthetic
2025-09-28,SKU013,LOC02,52,0,synthetic
2025-09-29,SKU013,LOC02,50,0,synthetic
2025-09-30,SKU013,LOC03,48,0,synthetic
2025-10-01,SKU013,LOC03,53,0,synthetic
2025-10-02,SKU013,LOC02,53,0,synthetic
2025-10-03,SKU013,LOC03,49,0,synthetic
2025-10-04,SKU013,LOC03,52,0,synthetic
2025-10-05,SKU013,LOC02,61,0,synthetic
2025-10-06,SKU013,LOC03,59,0,synthetic
2025-10-07,SKU013,LOC03,50,0,synthetic
2025-10-08,SKU013,LOC03,52,0,synthetic
2025-10-09,SKU013,LOC02,52,0,synthetic
2025-10-10,SKU013,LOC03,53,0,synthetic
2025-10-11,SKU013,LOC03,60,0,synthetic
2025-10-12,SKU013,LOC03,52,0,synthetic
2025-10-13,SKU013,LOC02,64,0,synthetic
2025-10-14,SKU013,LOC03,41,0,synthetic
2025-10-15,SKU013,LOC02,52,0,synthetic
2025-10-16,SKU013,LOC03,49,0,synthetic
2025-10-17,SKU013,LOC02,48,0,synthetic
2025-10-18,SKU013,LOC02,51,0,synthetic
2025-10-19,SKU013,LOC02,63,0,synthetic
2025-10-20,SKU013,LOC02,63,1,synthetic
2025-10-21,SKU013,LOC02,43,0,synthetic
2025-10-22,SKU013,LOC02,47,0,synthetic
2025-10-23,SKU013,LOC02,55,0,synthetic
2025-10-24,SKU013,LOC02,63,0,synthetic
2025-10-25,SKU013,LOC02,65,0,synthetic
2025-10-26,SKU013,LOC02,59,0,synthetic
2025-10-27,SKU013,LOC03,57,0,synthetic
2025-10-28,SKU013,LOC03,52,0,synthetic
2025-10-29,SKU013,LOC03,51,0,synthetic
2025-10-30,SKU013,LOC03,48,0,synthetic
2025-10-31,SKU013,LOC02,45,0,synthetic
2025-11-01,SKU013,LOC03,59,0,synthetic
2025-11-02,SKU013,LOC03,52,0,synthetic
2025-11-03,SKU013,LOC03,61,0,synthetic
2025-11-04,SKU013,LOC02,50,0,synthetic
2025-11-05,SKU013,LOC02,47,0,synthetic
2025-11-06,SKU013,LOC02,43,0,synthetic
2025-11-07,SKU013,LOC03,49,0,synthetic
2025-11-08,SKU013,LOC03,64,0,synthetic
2025-11-09,SKU013,LOC02,48,0,synthetic
2025-11-10,SKU013,LOC02,51,0,synthetic
2025-11-11,SKU013,LOC02,52,0,synthetic
2025-11-12,SKU013,LOC03,46,0,synthetic
2025-11-13,SKU013,LOC03,59,0,synthetic
2025-11-14,SKU013,LOC02,59,0,synthetic
2025-11-15,SKU013,LOC03,59,0,synthetic
2025-11-16,SKU013,LOC03,52,0,synthetic
2025-11-17,SKU013,LOC03,45,0,synthetic
2025-11-18,SKU013,LOC03,49,0,synthetic
2025-11-19,SKU013,LOC03,51,0,synthetic
2025-11-20,SKU013,LOC02,44,0,synthetic
2025-11-21,SKU013,LOC03,59,0,synthetic
2025-11-22,SKU013,LOC02,68,0,synthetic
2025-11-23,SKU013,LOC03,61,0,synthetic
2025-11-24,SKU013,LOC02,53,0,synthetic
2025-11-25,SKU013,LOC02,41,0,synthetic
2025-11-26,SKU013,LOC02,53,0,synthetic
2025-11-27,SKU013,LOC02,48,0,synthetic
2025-11-28,SKU013,LOC03,59,0,synthetic
2025-11-29,SKU013,LOC03,55,0,synthetic
2025-11-30,SKU013,LOC02,56,0,synthetic
2025-12-01,SKU013,LOC02,41,0,synthetic
2025-12-02,SKU013,LOC02,59,0,synthetic
2025-12-03,SKU013,LOC03,36,0,synthetic
2025-12-04,SKU013,LOC02,56,0,synthetic
2025-12-05,SKU013,LOC02,58,0,synthetic
2025-12-06,SKU013,LOC02,54,0,synthetic
2025-12-07,SKU013,LOC02,45,0,synthetic
2025-12-08,SKU013,LOC03,52,0,synthetic
2025-12-09,SKU013,LOC02,48,0,synthetic
2025-12-10,SKU013,LOC03,57,0,synthetic
2025-12-11,SKU013,LOC02,51,0,synthetic
2025-12-12,SKU013,LOC02,58,0,synthetic
2025-12-13,SKU013,LOC03,45,0,synthetic
2025-12-14,SKU013,LOC03,49,0,synthetic
2025-12-15,SKU013,LOC03,61,0,synthetic
2025-12-16,SKU013,LOC02,40,0,synthetic
2025-12-17,SKU013,LOC03,49,0,synthetic
2025-12-18,SKU013,LOC02,41,0,synthetic
2025-12-19,SKU013,LOC03,57,0,synthetic
2025-12-20,SKU013,LOC03,47,0,synthetic
2025-12-21,SKU013,LOC02,69,0,synthetic
2025-12-22,SKU013,LOC03,63,1,synthetic
2025-12-23,SKU013,LOC03,50,0,synthetic
2025-12-24,SKU013,LOC03,60,0,synthetic
2025-12-25,SKU013,LOC03,51,0,synthetic
2025-12-26,SKU013,LOC02,53,0,synthetic
2025-12-27,SKU013,LOC02,60,0,synthetic
2025-12-28,SKU013,LOC02,64,0,synthetic
2025-12-29,SKU013,LOC03,52,0,synthetic
2025-12-30,SKU013,LOC02,54,0,synthetic
2025-12-31,SKU013,LOC03,37,0,synthetic
2026-01-01,SKU013,LOC03,40,0,synthetic
2026-01-02,SKU013,LOC03,39,0,synthetic
2026-01-03,SKU013,LOC03,59,0,synthetic
2026-01-04,SKU013,LOC03,50,0,synthetic
2026-01-05,SKU013,LOC02,58,0,synthetic
2026-01-06,SKU013,LOC02,51,0,synthetic
2026-01-07,SKU013,LOC02,43,0,synthetic
2026-01-08,SKU013,LOC03,56,0,synthetic
2026-01-09,SKU013,LOC03,53,0,synthetic
2026-01-10,SKU013,LOC03,43,0,synthetic
2026-01-11,SKU013,LOC02,52,0,synthetic
2026-01-12,SKU013,LOC03,43,0,synthetic
2026-01-13,SKU013,LOC03,36,0,synthetic
2026-01-14,SKU013,LOC03,57,0,synthetic
2026-01-15,SKU013,LOC03,56,1,synthetic
2026-01-16,SKU013,LOC03,41,0,synthetic
2026-01-17,SKU013,LOC03,49,0,synthetic
2026-01-18,SKU013,LOC03,55,0,synthetic
2026-01-19,SKU013,LOC02,43,0,synthetic
2026-01-20,SKU013,LOC03,46,0,synthetic
2026-01-21,SKU013,LOC02,56,0,synthetic
2026-01-22,SKU013,LOC02,72,1,synthetic
2026-01-23,SKU013,LOC03,46,0,synthetic
2026-01-24,SKU013,LOC02,40,0,synthetic
2026-01-25,SKU013,LOC02,45,0,synthetic
2026-01-26,SKU013,LOC02,40,0,synthetic
2026-01-27,SKU013,LOC02,49,0,synthetic
2026-01-28,SKU013,LOC03,64,0,synthetic
2026-01-29,SKU013,LOC02,47,0,synthetic
2026-01-30,SKU013,LOC03,47,0,synthetic
2026-01-31,SKU013,LOC03,50,0,synthetic
2026-02-01,SKU013,LOC03,49,0,synthetic
2026-02-02,SKU013,LOC03,57,0,synthetic
2026-02-03,SKU013,LOC03,46,0,synthetic
2026-02-04,SKU013,LOC02,47,0,synthetic
2026-02-05,SKU013,LOC03,45,0,synthetic
2026-02-06,SKU013,LOC02,47,0,synthetic
2026-02-07,SKU013,LOC02,43,0,synthetic
2026-02-08,SKU013,LOC02,51,0,synthetic
2026-02-09,SKU013,LOC03,37,0,synthetic
2026-02-10,SKU013,LOC03,36,0,synthetic
2026-02-11,SKU013,LOC02,41,0,synthetic
2026-02-12,SKU013,LOC03,41,0,synthetic
2026-02-13,SKU013,LOC03,52,0,synthetic
2026-02-14,SKU013,LOC03,46,0,synthetic
2026-02-15,SKU013,LOC03,54,0,synthetic
2026-02-16,SKU013,LOC03,50,0,synthetic
2026-02-17,SKU013,LOC03,37,0,synthetic
2026-02-18,SKU013,LOC02,43,0,synthetic
2026-02-19,SKU013,LOC02,56,0,synthetic
2026-02-20,SKU013,LOC02,51,0,synthetic
2026-02-21,SKU013,LOC02,44,0,synthetic
2026-02-22,SKU013,LOC02,62,0,synthetic
2026-02-23,SKU013,LOC02,48,0,synthetic
2026-02-24,SKU013,LOC02,46,0,synthetic
2026-02-25,SKU013,LOC03,49,0,synthetic
2026-02-26,SKU013,LOC03,50,0,synthetic
2026-02-27,SKU013,LOC02,50,0,synthetic
2026-02-28,SKU013,LOC02,58,0,synthetic
2026-03-01,SKU013,LOC02,72,0,synthetic
2026-03-02,SKU013,LOC02,53,0,synthetic
2026-03-03,SKU013,LOC03,44,0,synthetic
2026-03-04,SKU013,LOC03,48,0,synthetic
2026-03-05,SKU013,LOC03,54,0,synthetic
2026-03-06,SKU013,LOC02,60,0,synthetic
2026-03-07,SKU013,LOC02,61,0,synthetic
2026-03-08,SKU013,LOC03,55,0,synthetic
2026-03-09,SKU013,LOC03,45,0,synthetic
2026-03-10,SKU013,LOC02,52,0,synthetic
2026-03-11,SKU013,LOC02,54,0,synthetic
2026-03-12,SKU013,LOC03,50,0,synthetic
2026-03-13,SKU013,LOC03,51,0,synthetic
2026-03-14,SKU013,LOC02,40,0,synthetic
2026-03-15,SKU013,LOC02,42,0,synthetic
2026-03-16,SKU013,LOC02,51,0,synthetic
2026-03-17,SKU013,LOC02,42,0,synthetic
2026-03-18,SKU013,LOC03,52,0,synthetic
2026-03-19,SKU013,LOC02,38,0,synthetic
2026-03-20,SKU013,LOC02,59,0,synthetic
2026-03-21,SKU013,LOC02,54,0,synthetic
2026-03-22,SKU013,LOC02,57,0,synthetic
2026-03-23,SKU013,LOC03,55,0,synthetic
2026-03-24,SKU013,LOC02,50,0,synthetic
2026-03-25,SKU013,LOC02,43,0,synthetic
2026-03-26,SKU013,LOC02,59,0,synthetic
2026-03-27,SKU013,LOC02,39,0,synthetic
2026-03-28,SKU013,LOC03,47,0,synthetic
2026-03-29,SKU013,LOC02,47,0,synthetic
2026-03-30,SKU013,LOC02,49,0,synthetic
2026-03-31,SKU013,LOC02,47,0,synthetic
2026-04-01,SKU013,LOC02,40,0,synthetic
2026-04-02,SKU013,LOC02,46,0,synthetic
2026-04-03,SKU013,LOC02,49,0,synthetic
2026-04-04,SKU013,LOC03,69,0,synthetic
2026-04-05,SKU013,LOC02,63,0,synthetic
2026-04-06,SKU013,LOC03,54,0,synthetic
2026-04-07,SKU013,LOC03,58,0,synthetic
2026-04-08,SKU013,LOC03,50,0,synthetic
2026-04-09,SKU013,LOC02,44,0,synthetic
2026-04-10,SKU013,LOC03,50,0,synthetic
2026-04-11,SKU013,LOC02,52,0,synthetic
2026-04-12,SKU013,LOC02,60,0,synthetic
2026-04-13,SKU013,LOC03,67,0,synthetic
2026-04-14,SKU013,LOC03,43,0,synthetic
2026-04-15,SKU013,LOC02,65,0,synthetic
2026-04-16,SKU013,LOC03,62,1,synthetic
2026-04-17,SKU013,LOC03,52,0,synthetic
2026-04-18,SKU013,LOC03,60,0,synthetic
2026-04-19,SKU013,LOC02,53,0,synthetic
2026-04-20,SKU013,LOC03,51,0,synthetic
2026-04-21,SKU013,LOC02,54,0,synthetic
2026-04-22,SKU013,LOC02,46,0,synthetic
2026-04-23,SKU013,LOC02,50,0,synthetic
2026-04-24,SKU013,LOC03,58,0,synthetic
2026-04-25,SKU013,LOC02,81,1,synthetic
2026-04-26,SKU013,LOC02,50,0,synthetic
2026-04-27,SKU013,LOC03,61,0,synthetic
2026-04-28,SKU013,LOC03,40,0,synthetic
2026-04-29,SKU013,LOC03,51,0,synthetic
2026-04-30,SKU013,LOC03,53,0,synthetic
2026-05-01,SKU013,LOC02,76,1,synthetic
2026-05-02,SKU013,LOC02,60,0,synthetic
2026-05-03,SKU013,LOC02,63,0,synthetic
2026-05-04,SKU013,LOC03,48,0,synthetic
2026-05-05,SKU013,LOC02,58,0,synthetic
2026-05-06,SKU013,LOC03,52,0,synthetic
2026-05-07,SKU013,LOC02,58,0,synthetic
2026-05-08,SKU013,LOC02,62,0,synthetic
2026-05-09,SKU013,LOC03,68,0,synthetic
2026-05-10,SKU013,LOC02,72,0,synthetic
2026-05-11,SKU013,LOC03,74,0,synthetic
2026-05-12,SKU013,LOC02,65,0,synthetic
2026-05-13,SKU013,LOC03,63,0,synthetic
2026-05-14,SKU013,LOC03,55,0,synthetic
2026-05-15,SKU013,LOC02,68,0,synthetic
2026-05-16,SKU013,LOC03,67,0,synthetic
2026-05-17,SKU013,LOC02,66,0,synthetic
2026-05-18,SKU013,LOC03,56,0,synthetic
2026-05-19,SKU013,LOC03,66,0,synthetic
2026-05-20,SKU013,LOC02,49,0,synthetic
2026-05-21,SKU013,LOC03,60,0,synthetic
2026-05-22,SKU013,LOC03,64,0,synthetic
2026-05-23,SKU013,LOC03,80,0,synthetic
2026-05-24,SKU013,LOC03,77,0,synthetic
2026-05-25,SKU013,LOC02,72,0,synthetic
2026-05-26,SKU013,LOC03,75,1,synthetic
2026-05-27,SKU013,LOC02,62,0,synthetic
2026-05-28,SKU013,LOC02,52,0,synthetic
2026-05-29,SKU013,LOC03,53,0,synthetic
2026-05-30,SKU013,LOC03,69,0,synthetic
2026-05-31,SKU013,LOC03,68,0,synthetic
2026-06-01,SKU013,LOC03,61,0,synthetic
2026-06-02,SKU013,LOC02,59,0,synthetic
2026-06-03,SKU013,LOC03,58,0,synthetic
2026-06-04,SKU013,LOC03,63,0,synthetic
2026-06-05,SKU013,LOC03,52,0,synthetic
2026-06-06,SKU013,LOC03,65,0,synthetic
2026-06-07,SKU013,LOC03,72,0,synthetic
2026-06-08,SKU013,LOC03,62,0,synthetic
2026-06-09,SKU013,LOC03,60,0,synthetic
2026-06-10,SKU013,LOC03,57,0,synthetic
2026-06-11,SKU013,LOC03,54,0,synthetic
2026-06-12,SKU013,LOC03,60,0,synthetic
2026-06-13,SKU013,LOC02,66,0,synthetic
2026-06-14,SKU013,LOC03,66,0,synthetic
2026-06-15,SKU013,LOC03,66,0,synthetic
2026-06-16,SKU013,LOC02,60,0,synthetic
2026-06-17,SKU013,LOC03,55,0,synthetic
2026-06-18,SKU013,LOC02,62,0,synthetic
2026-06-19,SKU013,LOC03,55,0,synthetic
2026-06-20,SKU013,LOC03,71,0,synthetic
2026-06-21,SKU013,LOC02,70,0,synthetic
2026-06-22,SKU013,LOC03,59,0,synthetic
2026-06-23,SKU013,LOC03,56,0,synthetic
2026-06-24,SKU013,LOC03,54,0,synthetic
2026-06-25,SKU013,LOC03,59,0,synthetic
2026-06-26,SKU013,LOC02,81,1,synthetic
2026-06-27,SKU013,LOC02,77,0,synthetic
2026-06-28,SKU013,LOC03,67,0,synthetic
2026-06-29,SKU013,LOC02,66,0,synthetic
2026-06-30,SKU013,LOC03,64,0,synthetic
2026-07-01,SKU013,LOC02,71,0,synthetic
2026-07-02,SKU013,LOC03,60,0,synthetic
2026-07-03,SKU013,LOC02,62,0,synthetic
2026-07-04,SKU013,LOC03,72,0,synthetic
2026-07-05,SKU013,LOC02,70,0,synthetic
2026-07-06,SKU013,LOC02,78,1,synthetic
2026-07-07,SKU013,LOC02,79,1,synthetic
2026-07-08,SKU013,LOC03,67,0,synthetic
2026-07-09,SKU013,LOC02,52,0,synthetic
2026-07-10,SKU013,LOC03,64,0,synthetic
2026-07-11,SKU013,LOC02,61,0,synthetic
2026-07-12,SKU013,LOC02,77,1,synthetic
2026-07-13,SKU013,LOC03,59,0,synthetic
2026-07-14,SKU013,LOC02,83,1,synthetic
2026-07-15,SKU013,LOC03,60,0,synthetic
2026-07-16,SKU013,LOC02,52,0,synthetic
2026-07-17,SKU013,LOC02,59,0,synthetic
2026-07-18,SKU013,LOC02,59,0,synthetic
2026-07-19,SKU013,LOC03,61,0,synthetic
2026-07-20,SKU013,LOC02,57,0,synthetic
2026-07-21,SKU013,LOC02,68,0,synthetic
2026-07-22,SKU013,LOC03,52,0,synthetic
2026-07-23,SKU013,LOC02,53,0,synthetic
2026-07-24,SKU013,LOC03,68,0,synthetic
2026-07-25,SKU013,LOC03,77,0,synthetic
2026-07-26,SKU013,LOC03,73,0,synthetic
2026-07-27,SKU013,LOC03,69,0,synthetic
2026-07-28,SKU013,LOC03,63,0,synthetic
2026-07-29,SKU013,LOC03,40,0,synthetic
2026-07-30,SKU013,LOC02,63,0,synthetic
2026-07-31,SKU013,LOC03,55,0,synthetic
2026-08-01,SKU013,LOC03,56,0,synthetic
2026-08-02,SKU013,LOC02,47,0,synthetic
2026-08-03,SKU013,LOC03,62,0,synthetic
2026-08-04,SKU013,LOC03,57,0,synthetic
2026-08-05,SKU013,LOC03,60,0,synthetic
2025-08-06,SKU014,LOC02,21,0,synthetic
2025-08-07,SKU014,LOC02,37,1,synthetic
2025-08-08,SKU014,LOC03,26,0,synthetic
2025-08-09,SKU014,LOC02,31,0,synthetic
2025-08-10,SKU014,LOC03,31,0,synthetic
2025-08-11,SKU014,LOC02,28,0,synthetic
2025-08-12,SKU014,LOC02,32,0,synthetic
2025-08-13,SKU014,LOC03,27,0,synthetic
2025-08-14,SKU014,LOC03,25,0,synthetic
2025-08-15,SKU014,LOC03,28,0,synthetic
2025-08-16,SKU014,LOC03,26,0,synthetic
2025-08-17,SKU014,LOC02,30,0,synthetic
2025-08-18,SKU014,LOC03,33,0,synthetic
2025-08-19,SKU014,LOC02,22,0,synthetic
2025-08-20,SKU014,LOC02,34,0,synthetic
2025-08-21,SKU014,LOC03,24,0,synthetic
2025-08-22,SKU014,LOC03,34,0,synthetic
2025-08-23,SKU014,LOC03,29,0,synthetic
2025-08-24,SKU014,LOC02,27,0,synthetic
2025-08-25,SKU014,LOC02,30,0,synthetic
2025-08-26,SKU014,LOC03,37,1,synthetic
2025-08-27,SKU014,LOC02,23,0,synthetic
2025-08-28,SKU014,LOC03,25,0,synthetic
2025-08-29,SKU014,LOC03,25,0,synthetic
2025-08-30,SKU014,LOC02,30,0,synthetic
2025-08-31,SKU014,LOC02,33,0,synthetic
2025-09-01,SKU014,LOC03,24,0,synthetic
2025-09-02,SKU014,LOC02,29,0,synthetic
2025-09-03,SKU014,LOC03,28,0,synthetic
2025-09-04,SKU014,LOC02,22,0,synthetic
2025-09-05,SKU014,LOC03,26,0,synthetic
2025-09-06,SKU014,LOC02,31,0,synthetic
2025-09-07,SKU014,LOC02,28,0,synthetic
2025-09-08,SKU014,LOC03,22,0,synthetic
2025-09-09,SKU014,LOC02,31,0,synthetic
2025-09-10,SKU014,LOC02,25,0,synthetic
2025-09-11,SKU014,LOC02,26,0,synthetic
2025-09-12,SKU014,LOC02,43,1,synthetic
2025-09-13,SKU014,LOC03,34,0,synthetic
2025-09-14,SKU014,LOC03,30,0,synthetic
2025-09-15,SKU014,LOC02,28,0,synthetic
2025-09-16,SKU014,LOC03,31,0,synthetic
2025-09-17,SKU014,LOC03,26,0,synthetic
2025-09-18,SKU014,LOC03,41,1,synthetic
2025-09-19,SKU014,LOC02,32,0,synthetic
2025-09-20,SKU014,LOC02,28,0,synthetic
2025-09-21,SKU014,LOC02,32,0,synthetic
2025-09-22,SKU014,LOC02,27,0,synthetic
2025-09-23,SKU014,LOC02,39,1,synthetic
2025-09-24,SKU014,LOC02,29,0,synthetic
2025-09-25,SKU014,LOC03,23,0,synthetic
2025-09-26,SKU014,LOC02,19,0,synthetic
2025-09-27,SKU014,LOC03,32,0,synthetic
2025-09-28,SKU014,LOC03,35,0,synthetic
2025-09-29,SKU014,LOC02,26,0,synthetic
2025-09-30,SKU014,LOC02,32,0,synthetic
2025-10-01,SKU014,LOC02,30,0,synthetic
2025-10-02,SKU014,LOC03,26,0,synthetic
2025-10-03,SKU014,LOC03,25,0,synthetic
2025-10-04,SKU014,LOC02,30,0,synthetic
2025-10-05,SKU014,LOC03,26,0,synthetic
2025-10-06,SKU014,LOC02,27,0,synthetic
2025-10-07,SKU014,LOC02,27,0,synthetic
2025-10-08,SKU014,LOC02,31,0,synthetic
2025-10-09,SKU014,LOC02,31,0,synthetic
2025-10-10,SKU014,LOC02,31,0,synthetic
2025-10-11,SKU014,LOC03,34,0,synthetic
2025-10-12,SKU014,LOC02,32,0,synthetic
2025-10-13,SKU014,LOC02,31,0,synthetic
2025-10-14,SKU014,LOC03,29,0,synthetic
2025-10-15,SKU014,LOC02,26,0,synthetic
2025-10-16,SKU014,LOC03,30,0,synthetic
2025-10-17,SKU014,LOC02,26,0,synthetic
2025-10-18,SKU014,LOC03,28,0,synthetic
2025-10-19,SKU014,LOC03,32,0,synthetic
2025-10-20,SKU014,LOC02,20,0,synthetic
2025-10-21,SKU014,LOC02,26,0,synthetic
2025-10-22,SKU014,LOC02,23,0,synthetic
2025-10-23,SKU014,LOC02,26,0,synthetic
2025-10-24,SKU014,LOC02,32,0,synthetic
2025-10-25,SKU014,LOC02,23,0,synthetic
2025-10-26,SKU014,LOC02,28,0,synthetic
2025-10-27,SKU014,LOC02,25,0,synthetic
2025-10-28,SKU014,LOC03,28,0,synthetic
2025-10-29,SKU014,LOC02,35,0,synthetic
2025-10-30,SKU014,LOC02,24,0,synthetic
2025-10-31,SKU014,LOC02,28,0,synthetic
2025-11-01,SKU014,LOC03,29,0,synthetic
2025-11-02,SKU014,LOC03,31,0,synthetic
2025-11-03,SKU014,LOC03,32,0,synthetic
2025-11-04,SKU014,LOC02,26,0,synthetic
2025-11-05,SKU014,LOC02,30,0,synthetic
2025-11-06,SKU014,LOC02,30,0,synthetic
2025-11-07,SKU014,LOC03,29,0,synthetic
2025-11-08,SKU014,LOC02,31,0,synthetic
2025-11-09,SKU014,LOC03,36,1,synthetic
2025-11-10,SKU014,LOC03,32,0,synthetic
2025-11-11,SKU014,LOC02,17,0,synthetic
2025-11-12,SKU014,LOC02,37,1,synthetic
2025-11-13,SKU014,LOC03,28,0,synthetic
2025-11-14,SKU014,LOC02,31,0,synthetic
2025-11-15,SKU014,LOC03,31,0,synthetic
2025-11-16,SKU014,LOC02,29,0,synthetic
2025-11-17,SKU014,LOC03,34,0,synthetic
2025-11-18,SKU014,LOC03,31,0,synthetic
2025-11-19,SKU014,LOC02,32,0,synthetic
2025-11-20,SKU014,LOC03,27,0,synthetic
2025-11-21,SKU014,LOC02,32,0,synthetic
2025-11-22,SKU014,LOC03,42,1,synthetic
2025-11-23,SKU014,LOC03,35,0,synthetic
2025-11-24,SKU014,LOC02,26,0,synthetic
2025-11-25,SKU014,LOC03,30,0,synthetic
2025-11-26,SKU014,LOC03,24,0,synthetic
2025-11-27,SKU014,LOC02,29,0,synthetic
2025-11-28,SKU014,LOC02,25,0,synthetic
2025-11-29,SKU014,LOC02,30,0,synthetic
2025-11-30,SKU014,LOC03,31,0,synthetic
2025-12-01,SKU014,LOC03,26,0,synthetic
2025-12-02,SKU014,LOC02,22,0,synthetic
2025-12-03,SKU014,LOC03,27,0,synthetic
2025-12-04,SKU014,LOC03,31,0,synthetic
2025-12-05,SKU014,LOC03,31,1,synthetic
2025-12-06,SKU014,LOC03,41,1,synthetic
2025-12-07,SKU014,LOC03,27,0,synthetic
2025-12-08,SKU014,LOC03,29,0,synthetic
2025-12-09,SKU014,LOC02,34,0,synthetic
2025-12-10,SKU014,LOC02,30,0,synthetic
2025-12-11,SKU014,LOC02,23,0,synthetic
2025-12-12,SKU014,LOC02,24,0,synthetic
2025-12-13,SKU014,LOC03,30,0,synthetic
2025-12-14,SKU014,LOC03,31,0,synthetic
2025-12-15,SKU014,LOC02,30,0,synthetic
2025-12-16,SKU014,LOC02,26,0,synthetic
2025-12-17,SKU014,LOC03,25,0,synthetic
2025-12-18,SKU014,LOC03,28,0,synthetic
2025-12-19,SKU014,LOC02,38,1,synthetic
2025-12-20,SKU014,LOC02,33,0,synthetic
2025-12-21,SKU014,LOC03,31,0,synthetic
2025-12-22,SKU014,LOC02,27,0,synthetic
2025-12-23,SKU014,LOC02,21,0,synthetic
2025-12-24,SKU014,LOC03,31,0,synthetic
2025-12-25,SKU014,LOC02,26,0,synthetic
2025-12-26,SKU014,LOC03,27,0,synthetic
2025-12-27,SKU014,LOC03,33,0,synthetic
2025-12-28,SKU014,LOC02,34,0,synthetic
2025-12-29,SKU014,LOC02,36,1,synthetic
2025-12-30,SKU014,LOC03,31,0,synthetic
2025-12-31,SKU014,LOC02,28,0,synthetic
2026-01-01,SKU014,LOC03,24,0,synthetic
2026-01-02,SKU014,LOC02,28,0,synthetic
2026-01-03,SKU014,LOC03,24,0,synthetic
2026-01-04,SKU014,LOC03,32,0,synthetic
2026-01-05,SKU014,LOC03,23,0,synthetic
2026-01-06,SKU014,LOC02,22,0,synthetic
2026-01-07,SKU014,LOC02,20,0,synthetic
2026-01-08,SKU014,LOC02,21,0,synthetic
2026-01-09,SKU014,LOC03,30,0,synthetic
2026-01-10,SKU014,LOC03,31,0,synthetic
2026-01-11,SKU014,LOC02,33,0,synthetic
2026-01-12,SKU014,LOC03,28,0,synthetic
2026-01-13,SKU014,LOC03,23,0,synthetic
2026-01-14,SKU014,LOC03,25,0,synthetic
2026-01-15,SKU014,LOC03,32,0,synthetic
2026-01-16,SKU014,LOC03,24,0,synthetic
2026-01-17,SKU014,LOC03,26,0,synthetic
2026-01-18,SKU014,LOC02,29,0,synthetic
2026-01-19,SKU014,LOC02,31,0,synthetic
2026-01-20,SKU014,LOC02,31,0,synthetic
2026-01-21,SKU014,LOC03,26,0,synthetic
2026-01-22,SKU014,LOC02,30,0,synthetic
2026-01-23,SKU014,LOC02,30,0,synthetic
2026-01-24,SKU014,LOC02,30,0,synthetic
2026-01-25,SKU014,LOC03,34,0,synthetic
2026-01-26,SKU014,LOC02,32,0,synthetic
2026-01-27,SKU014,LOC03,26,0,synthetic
2026-01-28,SKU014,LOC03,24,0,synthetic
2026-01-29,SKU014,LOC02,28,0,synthetic
2026-01-30,SKU014,LOC02,27,0,synthetic
2026-01-31,SKU014,LOC02,29,0,synthetic
2026-02-01,SKU014,LOC02,25,0,synthetic
2026-02-02,SKU014,LOC02,20,0,synthetic
2026-02-03,SKU014,LOC02,19,0,synthetic
2026-02-04,SKU014,LOC02,28,0,synthetic
2026-02-05,SKU014,LOC02,29,0,synthetic
2026-02-06,SKU014,LOC03,26,0,synthetic
2026-02-07,SKU014,LOC03,26,0,synthetic
2026-02-08,SKU014,LOC03,24,0,synthetic
2026-02-09,SKU014,LOC03,19,0,synthetic
2026-02-10,SKU014,LOC02,28,0,synthetic
2026-02-11,SKU014,LOC03,25,0,synthetic
2026-02-12,SKU014,LOC02,29,0,synthetic
2026-02-13,SKU014,LOC02,25,0,synthetic
2026-02-14,SKU014,LOC02,29,0,synthetic
2026-02-15,SKU014,LOC02,28,0,synthetic
2026-02-16,SKU014,LOC02,33,0,synthetic
2026-02-17,SKU014,LOC02,19,0,synthetic
2026-02-18,SKU014,LOC03,19,0,synthetic
2026-02-19,SKU014,LOC03,27,0,synthetic
2026-02-20,SKU014,LOC03,26,0,synthetic
2026-02-21,SKU014,LOC03,26,0,synthetic
2026-02-22,SKU014,LOC03,24,0,synthetic
2026-02-23,SKU014,LOC03,24,0,synthetic
2026-02-24,SKU014,LOC03,25,0,synthetic
2026-02-25,SKU014,LOC03,22,0,synthetic
2026-02-26,SKU014,LOC03,35,0,synthetic
2026-02-27,SKU014,LOC03,30,0,synthetic
2026-02-28,SKU014,LOC02,20,0,synthetic
2026-03-01,SKU014,LOC02,30,0,synthetic
2026-03-02,SKU014,LOC03,20,0,synthetic
2026-03-03,SKU014,LOC02,36,0,synthetic
2026-03-04,SKU014,LOC02,25,0,synthetic
2026-03-05,SKU014,LOC02,35,0,synthetic
2026-03-06,SKU014,LOC02,39,1,synthetic
2026-03-07,SKU014,LOC03,28,0,synthetic
2026-03-08,SKU014,LOC03,29,0,synthetic
2026-03-09,SKU014,LOC02,30,0,synthetic
2026-03-10,SKU014,LOC03,32,0,synthetic
2026-03-11,SKU014,LOC03,28,0,synthetic
2026-03-12,SKU014,LOC02,28,0,synthetic
2026-03-13,SKU014,LOC03,27,0,synthetic
2026-03-14,SKU014,LOC02,30,0,synthetic
2026-03-15,SKU014,LOC03,36,0,synthetic
2026-03-16,SKU014,LOC02,31,0,synthetic
2026-03-17,SKU014,LOC03,26,0,synthetic
2026-03-18,SKU014,LOC02,26,0,synthetic
2026-03-19,SKU014,LOC02,32,0,synthetic
2026-03-20,SKU014,LOC03,33,0,synthetic
2026-03-21,SKU014,LOC03,31,0,synthetic
2026-03-22,SKU014,LOC03,26,0,synthetic
2026-03-23,SKU014,LOC03,29,0,synthetic
2026-03-24,SKU014,LOC03,34,0,synthetic
2026-03-25,SKU014,LOC03,31,0,synthetic
2026-03-26,SKU014,LOC02,30,0,synthetic
2026-03-27,SKU014,LOC03,26,0,synthetic
2026-03-28,SKU014,LOC03,32,0,synthetic
2026-03-29,SKU014,LOC02,35,0,synthetic
2026-03-30,SKU014,LOC03,30,0,synthetic
2026-03-31,SKU014,LOC02,27,0,synthetic
2026-04-01,SKU014,LOC02,29,0,synthetic
2026-04-02,SKU014,LOC03,29,0,synthetic
2026-04-03,SKU014,LOC02,26,0,synthetic
2026-04-04,SKU014,LOC03,38,0,synthetic
2026-04-05,SKU014,LOC03,49,1,synthetic
2026-04-06,SKU014,LOC02,27,0,synthetic
2026-04-07,SKU014,LOC03,33,0,synthetic
2026-04-08,SKU014,LOC02,26,0,synthetic
2026-04-09,SKU014,LOC03,32,0,synthetic
2026-04-10,SKU014,LOC03,29,0,synthetic
2026-04-11,SKU014,LOC02,27,0,synthetic
2026-04-12,SKU014,LOC03,37,1,synthetic
2026-04-13,SKU014,LOC02,26,0,synthetic
2026-04-14,SKU014,LOC02,29,0,synthetic
2026-04-15,SKU014,LOC02,31,0,synthetic
2026-04-16,SKU014,LOC03,30,0,synthetic
2026-04-17,SKU014,LOC03,26,0,synthetic
2026-04-18,SKU014,LOC03,35,0,synthetic
2026-04-19,SKU014,LOC03,29,0,synthetic
2026-04-20,SKU014,LOC02,26,0,synthetic
2026-04-21,SKU014,LOC03,25,0,synthetic
2026-04-22,SKU014,LOC03,28,0,synthetic
2026-04-23,SKU014,LOC02,28,0,synthetic
2026-04-24,SKU014,LOC03,33,0,synthetic
2026-04-25,SKU014,LOC02,28,0,synthetic
2026-04-26,SKU014,LOC02,40,0,synthetic
2026-04-27,SKU014,LOC03,30,0,synthetic
2026-04-28,SKU014,LOC03,30,0,synthetic
2026-04-29,SKU014,LOC03,31,0,synthetic
2026-04-30,SKU014,LOC03,27,0,synthetic
2026-05-01,SKU014,LOC02,35,0,synthetic
2026-05-02,SKU014,LOC02,30,0,synthetic
2026-05-03,SKU014,LOC02,41,0,synthetic
2026-05-04,SKU014,LOC03,34,0,synthetic
2026-05-05,SKU014,LOC03,34,0,synthetic
2026-05-06,SKU014,LOC02,34,0,synthetic
2026-05-07,SKU014,LOC02,34,0,synthetic
2026-05-08,SKU014,LOC03,33,0,synthetic
2026-05-09,SKU014,LOC03,38,0,synthetic
2026-05-10,SKU014,LOC03,36,0,synthetic
2026-05-11,SKU014,LOC03,25,0,synthetic
2026-05-12,SKU014,LOC03,46,1,synthetic
2026-05-13,SKU014,LOC02,27,0,synthetic
2026-05-14,SKU014,LOC02,25,0,synthetic
2026-05-15,SKU014,LOC03,33,0,synthetic
2026-05-16,SKU014,LOC03,42,0,synthetic
2026-05-17,SKU014,LOC02,35,0,synthetic
2026-05-18,SKU014,LOC02,32,0,synthetic
2026-05-19,SKU014,LOC03,31,0,synthetic
2026-05-20,SKU014,LOC03,39,0,synthetic
2026-05-21,SKU014,LOC02,47,1,synthetic
2026-05-22,SKU014,LOC02,31,0,synthetic
2026-05-23,SKU014,LOC02,38,0,synthetic
2026-05-24,SKU014,LOC02,37,0,synthetic
2026-05-25,SKU014,LOC03,36,0,synthetic
2026-05-26,SKU014,LOC02,41,0,synthetic
2026-05-27,SKU014,LOC02,44,1,synthetic
2026-05-28,SKU014,LOC02,37,0,synthetic
2026-05-29,SKU014,LOC03,39,0,synthetic
2026-05-30,SKU014,LOC02,35,0,synthetic
2026-05-31,SKU014,LOC02,37,0,synthetic
2026-06-01,SKU014,LOC03,27,0,synthetic
2026-06-02,SKU014,LOC02,35,0,synthetic
2026-06-03,SKU014,LOC03,31,0,synthetic
2026-06-04,SKU014,LOC03,28,0,synthetic
2026-06-05,SKU014,LOC03,31,0,synthetic
2026-06-06,SKU014,LOC03,36,0,synthetic
2026-06-07,SKU014,LOC03,41,0,synthetic
2026-06-08,SKU014,LOC02,34,0,synthetic
2026-06-09,SKU014,LOC02,31,0,synthetic
2026-06-10,SKU014,LOC02,32,0,synthetic
2026-06-11,SKU014,LOC02,34,0,synthetic
2026-06-12,SKU014,LOC03,32,0,synthetic
2026-06-13,SKU014,LOC02,36,0,synthetic
2026-06-14,SKU014,LOC02,38,0,synthetic
2026-06-15,SKU014,LOC03,32,0,synthetic
2026-06-16,SKU014,LOC02,31,0,synthetic
2026-06-17,SKU014,LOC02,31,0,synthetic
2026-06-18,SKU014,LOC02,44,1,synthetic
2026-06-19,SKU014,LOC02,29,0,synthetic
2026-06-20,SKU014,LOC03,36,0,synthetic
2026-06-21,SKU014,LOC02,40,0,synthetic
2026-06-22,SKU014,LOC02,32,0,synthetic
2026-06-23,SKU014,LOC03,32,0,synthetic
2026-06-24,SKU014,LOC02,29,0,synthetic
2026-06-25,SKU014,LOC02,32,0,synthetic
2026-06-26,SKU014,LOC02,28,0,synthetic
2026-06-27,SKU014,LOC02,32,0,synthetic
2026-06-28,SKU014,LOC03,36,0,synthetic
2026-06-29,SKU014,LOC03,34,0,synthetic
2026-06-30,SKU014,LOC02,33,0,synthetic
2026-07-01,SKU014,LOC03,29,0,synthetic
2026-07-02,SKU014,LOC03,30,0,synthetic
2026-07-03,SKU014,LOC03,32,0,synthetic
2026-07-04,SKU014,LOC03,42,0,synthetic
2026-07-05,SKU014,LOC03,33,0,synthetic
2026-07-06,SKU014,LOC02,35,0,synthetic
2026-07-07,SKU014,LOC03,39,0,synthetic
2026-07-08,SKU014,LOC02,33,0,synthetic
2026-07-09,SKU014,LOC02,39,0,synthetic
2026-07-10,SKU014,LOC03,35,0,synthetic
2026-07-11,SKU014,LOC03,40,0,synthetic
2026-07-12,SKU014,LOC03,39,0,synthetic
2026-07-13,SKU014,LOC02,37,0,synthetic
2026-07-14,SKU014,LOC02,37,0,synthetic
2026-07-15,SKU014,LOC02,34,0,synthetic
2026-07-16,SKU014,LOC02,37,0,synthetic
2026-07-17,SKU014,LOC02,28,0,synthetic
2026-07-18,SKU014,LOC02,37,0,synthetic
2026-07-19,SKU014,LOC02,41,0,synthetic
2026-07-20,SKU014,LOC03,27,0,synthetic
2026-07-21,SKU014,LOC02,32,0,synthetic
2026-07-22,SKU014,LOC02,27,0,synthetic
2026-07-23,SKU014,LOC02,37,0,synthetic
2026-07-24,SKU014,LOC03,33,0,synthetic
2026-07-25,SKU014,LOC03,39,0,synthetic
2026-07-26,SKU014,LOC03,35,0,synthetic
2026-07-27,SKU014,LOC03,31,0,synthetic
2026-07-28,SKU014,LOC02,30,0,synthetic
2026-07-29,SKU014,LOC03,33,0,synthetic
2026-07-30,SKU014,LOC02,29,0,synthetic
2026-07-31,SKU014,LOC03,32,0,synthetic
2026-08-01,SKU014,LOC02,30,0,synthetic
2026-08-02,SKU014,LOC02,36,0,synthetic
2026-08-03,SKU014,LOC03,31,0,synthetic
2026-08-04,SKU014,LOC03,29,0,synthetic
2026-08-05,SKU014,LOC02,32,0,synthetic
2025-08-06,SKU015,LOC02,48,0,synthetic
2025-08-07,SKU015,LOC03,45,0,synthetic
2025-08-08,SKU015,LOC03,46,0,synthetic
2025-08-09,SKU015,LOC02,51,0,synthetic
2025-08-10,SKU015,LOC02,50,0,synthetic
2025-08-11,SKU015,LOC03,54,0,synthetic
2025-08-12,SKU015,LOC03,45,0,synthetic
2025-08-13,SKU015,LOC03,41,0,synthetic
2025-08-14,SKU015,LOC02,43,0,synthetic
2025-08-15,SKU015,LOC02,46,0,synthetic
2025-08-16,SKU015,LOC02,52,0,synthetic
2025-08-17,SKU015,LOC03,46,0,synthetic
2025-08-18,SKU015,LOC02,45,0,synthetic
2025-08-19,SKU015,LOC02,41,0,synthetic
2025-08-20,SKU015,LOC02,54,1,synthetic
2025-08-21,SKU015,LOC03,43,0,synthetic
2025-08-22,SKU015,LOC02,39,0,synthetic
2025-08-23,SKU015,LOC03,65,0,synthetic
2025-08-24,SKU015,LOC02,53,0,synthetic
2025-08-25,SKU015,LOC03,40,0,synthetic
2025-08-26,SKU015,LOC02,44,0,synthetic
2025-08-27,SKU015,LOC03,41,0,synthetic
2025-08-28,SKU015,LOC03,36,0,synthetic
2025-08-29,SKU015,LOC02,53,1,synthetic
2025-08-30,SKU015,LOC02,46,0,synthetic
2025-08-31,SKU015,LOC03,50,0,synthetic
2025-09-01,SKU015,LOC03,45,0,synthetic
2025-09-02,SKU015,LOC02,46,0,synthetic
2025-09-03,SKU015,LOC03,45,0,synthetic
2025-09-04,SKU015,LOC02,40,0,synthetic
2025-09-05,SKU015,LOC02,47,0,synthetic
2025-09-06,SKU015,LOC02,46,0,synthetic
2025-09-07,SKU015,LOC02,57,0,synthetic
2025-09-08,SKU015,LOC03,37,0,synthetic
2025-09-09,SKU015,LOC03,41,0,synthetic
2025-09-10,SKU015,LOC02,44,0,synthetic
2025-09-11,SKU015,LOC03,47,0,synthetic
2025-09-12,SKU015,LOC02,51,0,synthetic
2025-09-13,SKU015,LOC02,56,0,synthetic
2025-09-14,SKU015,LOC03,52,0,synthetic
2025-09-15,SKU015,LOC03,34,0,synthetic
2025-09-16,SKU015,LOC02,44,0,synthetic
2025-09-17,SKU015,LOC03,39,0,synthetic
2025-09-18,SKU015,LOC03,41,0,synthetic
2025-09-19,SKU015,LOC03,50,0,synthetic
2025-09-20,SKU015,LOC02,56,0,synthetic
2025-09-21,SKU015,LOC02,50,0,synthetic
2025-09-22,SKU015,LOC02,39,0,synthetic
2025-09-23,SKU015,LOC03,32,0,synthetic
2025-09-24,SKU015,LOC02,48,0,synthetic
2025-09-25,SKU015,LOC03,46,0,synthetic
2025-09-26,SKU015,LOC03,47,0,synthetic
2025-09-27,SKU015,LOC03,57,0,synthetic
2025-09-28,SKU015,LOC02,49,0,synthetic
2025-09-29,SKU015,LOC02,39,0,synthetic
2025-09-30,SKU015,LOC03,41,0,synthetic
2025-10-01,SKU015,LOC03,43,0,synthetic
2025-10-02,SKU015,LOC03,45,0,synthetic
2025-10-03,SKU015,LOC02,51,0,synthetic
2025-10-04,SKU015,LOC03,35,0,synthetic
2025-10-05,SKU015,LOC03,70,1,synthetic
2025-10-06,SKU015,LOC03,44,0,synthetic
2025-10-07,SKU015,LOC03,45,0,synthetic
2025-10-08,SKU015,LOC03,43,0,synthetic
2025-10-09,SKU015,LOC02,42,0,synthetic
2025-10-10,SKU015,LOC03,43,0,synthetic
2025-10-11,SKU015,LOC02,58,0,synthetic
2025-10-12,SKU015,LOC03,54,0,synthetic
2025-10-13,SKU015,LOC02,36,0,synthetic
2025-10-14,SKU015,LOC03,43,0,synthetic
2025-10-15,SKU015,LOC02,53,0,synthetic
2025-10-16,SKU015,LOC03,55,0,synthetic
2025-10-17,SKU015,LOC02,36,0,synthetic
2025-10-18,SKU015,LOC03,56,1,synthetic
2025-10-19,SKU015,LOC02,46,0,synthetic
2025-10-20,SKU015,LOC03,34,0,synthetic
2025-10-21,SKU015,LOC02,38,0,synthetic
2025-10-22,SKU015,LOC02,38,0,synthetic
2025-10-23,SKU015,LOC03,58,1,synthetic
2025-10-24,SKU015,LOC02,50,0,synthetic
2025-10-25,SKU015,LOC03,44,0,synthetic
2025-10-26,SKU015,LOC03,51,0,synthetic
2025-10-27,SKU015,LOC02,36,0,synthetic
2025-10-28,SKU015,LOC03,42,0,synthetic
2025-10-29,SKU015,LOC03,47,0,synthetic
2025-10-30,SKU015,LOC03,33,0,synthetic
2025-10-31,SKU015,LOC03,35,0,synthetic
2025-11-01,SKU015,LOC03,56,0,synthetic
2025-11-02,SKU015,LOC02,47,0,synthetic
2025-11-03,SKU015,LOC02,40,0,synthetic
2025-11-04,SKU015,LOC02,52,1,synthetic
2025-11-05,SKU015,LOC03,45,0,synthetic
2025-11-06,SKU015,LOC03,43,0,synthetic
2025-11-07,SKU015,LOC02,54,0,synthetic
2025-11-08,SKU015,LOC03,47,0,synthetic
2025-11-09,SKU015,LOC02,43,0,synthetic
2025-11-10,SKU015,LOC02,47,0,synthetic
2025-11-11,SKU015,LOC02,47,0,synthetic
2025-11-12,SKU015,LOC03,47,0,synthetic
2025-11-13,SKU015,LOC03,42,0,synthetic
2025-11-14,SKU015,LOC03,42,0,synthetic
2025-11-15,SKU015,LOC03,71,1,synthetic
2025-11-16,SKU015,LOC03,53,0,synthetic
2025-11-17,SKU015,LOC03,47,0,synthetic
2025-11-18,SKU015,LOC03,42,0,synthetic
2025-11-19,SKU015,LOC02,32,0,synthetic
2025-11-20,SKU015,LOC03,53,0,synthetic
2025-11-21,SKU015,LOC03,45,0,synthetic
2025-11-22,SKU015,LOC03,52,0,synthetic
2025-11-23,SKU015,LOC02,56,0,synthetic
2025-11-24,SKU015,LOC02,40,0,synthetic
2025-11-25,SKU015,LOC03,54,0,synthetic
2025-11-26,SKU015,LOC03,44,0,synthetic
2025-11-27,SKU015,LOC03,42,0,synthetic
2025-11-28,SKU015,LOC03,35,0,synthetic
2025-11-29,SKU015,LOC02,51,0,synthetic
2025-11-30,SKU015,LOC02,53,0,synthetic
2025-12-01,SKU015,LOC02,48,0,synthetic
2025-12-02,SKU015,LOC02,45,0,synthetic
2025-12-03,SKU015,LOC02,42,0,synthetic
2025-12-04,SKU015,LOC03,40,0,synthetic
2025-12-05,SKU015,LOC02,32,0,synthetic
2025-12-06,SKU015,LOC02,53,0,synthetic
2025-12-07,SKU015,LOC03,49,0,synthetic
2025-12-08,SKU015,LOC03,37,0,synthetic
2025-12-09,SKU015,LOC02,38,0,synthetic
2025-12-10,SKU015,LOC03,62,1,synthetic
2025-12-11,SKU015,LOC03,53,0,synthetic
2025-12-12,SKU015,LOC03,42,0,synthetic
2025-12-13,SKU015,LOC03,45,0,synthetic
2025-12-14,SKU015,LOC02,48,0,synthetic
2025-12-15,SKU015,LOC03,41,0,synthetic
2025-12-16,SKU015,LOC03,36,0,synthetic
2025-12-17,SKU015,LOC03,41,0,synthetic
2025-12-18,SKU015,LOC03,44,0,synthetic
2025-12-19,SKU015,LOC03,35,0,synthetic
2025-12-20,SKU015,LOC02,39,0,synthetic
2025-12-21,SKU015,LOC02,37,0,synthetic
2025-12-22,SKU015,LOC03,48,0,synthetic
2025-12-23,SKU015,LOC03,45,0,synthetic
2025-12-24,SKU015,LOC02,44,0,synthetic
2025-12-25,SKU015,LOC03,37,0,synthetic
2025-12-26,SKU015,LOC02,55,0,synthetic
2025-12-27,SKU015,LOC02,48,0,synthetic
2025-12-28,SKU015,LOC03,48,0,synthetic
2025-12-29,SKU015,LOC02,45,0,synthetic
2025-12-30,SKU015,LOC03,49,0,synthetic
2025-12-31,SKU015,LOC02,38,0,synthetic
2026-01-01,SKU015,LOC03,28,0,synthetic
2026-01-02,SKU015,LOC02,57,0,synthetic
2026-01-03,SKU015,LOC03,39,0,synthetic
2026-01-04,SKU015,LOC02,50,0,synthetic
2026-01-05,SKU015,LOC03,45,0,synthetic
2026-01-06,SKU015,LOC02,35,0,synthetic
2026-01-07,SKU015,LOC03,40,0,synthetic
2026-01-08,SKU015,LOC02,33,0,synthetic
2026-01-09,SKU015,LOC03,44,0,synthetic
2026-01-10,SKU015,LOC02,40,0,synthetic
2026-01-11,SKU015,LOC02,54,0,synthetic
2026-01-12,SKU015,LOC03,39,0,synthetic
2026-01-13,SKU015,LOC02,41,0,synthetic
2026-01-14,SKU015,LOC02,41,0,synthetic
2026-01-15,SKU015,LOC02,38,0,synthetic
2026-01-16,SKU015,LOC02,45,0,synthetic
2026-01-17,SKU015,LOC03,37,0,synthetic
2026-01-18,SKU015,LOC03,42,0,synthetic
2026-01-19,SKU015,LOC03,31,0,synthetic
2026-01-20,SKU015,LOC03,24,0,synthetic
2026-01-21,SKU015,LOC02,35,0,synthetic
2026-01-22,SKU015,LOC03,44,0,synthetic
2026-01-23,SKU015,LOC03,44,0,synthetic
2026-01-24,SKU015,LOC02,43,0,synthetic
2026-01-25,SKU015,LOC02,40,0,synthetic
2026-01-26,SKU015,LOC03,49,0,synthetic
2026-01-27,SKU015,LOC03,38,0,synthetic
2026-01-28,SKU015,LOC02,34,0,synthetic
2026-01-29,SKU015,LOC02,46,0,synthetic
2026-01-30,SKU015,LOC02,44,0,synthetic
2026-01-31,SKU015,LOC03,50,0,synthetic
2026-02-01,SKU015,LOC03,45,0,synthetic
2026-02-02,SKU015,LOC03,39,0,synthetic
2026-02-03,SKU015,LOC02,46,0,synthetic
2026-02-04,SKU015,LOC02,43,0,synthetic
2026-02-05,SKU015,LOC02,44,0,synthetic
2026-02-06,SKU015,LOC02,33,0,synthetic
2026-02-07,SKU015,LOC03,51,0,synthetic
2026-02-08,SKU015,LOC02,42,0,synthetic
2026-02-09,SKU015,LOC03,33,0,synthetic
2026-02-10,SKU015,LOC02,44,0,synthetic
2026-02-11,SKU015,LOC02,44,0,synthetic
2026-02-12,SKU015,LOC03,36,0,synthetic
2026-02-13,SKU015,LOC03,42,0,synthetic
2026-02-14,SKU015,LOC03,47,0,synthetic
2026-02-15,SKU015,LOC03,43,0,synthetic
2026-02-16,SKU015,LOC02,41,0,synthetic
2026-02-17,SKU015,LOC02,32,0,synthetic
2026-02-18,SKU015,LOC03,39,0,synthetic
2026-02-19,SKU015,LOC03,31,0,synthetic
2026-02-20,SKU015,LOC03,53,0,synthetic
2026-02-21,SKU015,LOC03,50,0,synthetic
2026-02-22,SKU015,LOC02,50,0,synthetic
2026-02-23,SKU015,LOC03,40,0,synthetic
2026-02-24,SKU015,LOC03,32,0,synthetic
2026-02-25,SKU015,LOC02,48,0,synthetic
2026-02-26,SKU015,LOC02,47,0,synthetic
2026-02-27,SKU015,LOC02,39,0,synthetic
2026-02-28,SKU015,LOC03,40,0,synthetic
2026-03-01,SKU015,LOC03,51,0,synthetic
2026-03-02,SKU015,LOC03,47,0,synthetic
2026-03-03,SKU015,LOC02,27,0,synthetic
2026-03-04,SKU015,LOC03,35,0,synthetic
2026-03-05,SKU015,LOC02,44,0,synthetic
2026-03-06,SKU015,LOC02,53,0,synthetic
2026-03-07,SKU015,LOC03,41,0,synthetic
2026-03-08,SKU015,LOC03,53,0,synthetic
2026-03-09,SKU015,LOC03,42,0,synthetic
2026-03-10,SKU015,LOC03,34,0,synthetic
2026-03-11,SKU015,LOC03,42,0,synthetic
2026-03-12,SKU015,LOC03,44,0,synthetic
2026-03-13,SKU015,LOC02,44,0,synthetic
2026-03-14,SKU015,LOC02,60,0,synthetic
2026-03-15,SKU015,LOC02,51,0,synthetic
2026-03-16,SKU015,LOC02,44,0,synthetic
2026-03-17,SKU015,LOC03,42,0,synthetic
2026-03-18,SKU015,LOC02,45,0,synthetic
2026-03-19,SKU015,LOC03,51,0,synthetic
2026-03-20,SKU015,LOC02,39,0,synthetic
2026-03-21,SKU015,LOC03,43,0,synthetic
2026-03-22,SKU015,LOC03,55,0,synthetic
2026-03-23,SKU015,LOC02,42,0,synthetic
2026-03-24,SKU015,LOC03,46,0,synthetic
2026-03-25,SKU015,LOC03,50,0,synthetic
2026-03-26,SKU015,LOC02,49,0,synthetic
2026-03-27,SKU015,LOC03,39,0,synthetic
2026-03-28,SKU015,LOC03,42,0,synthetic
2026-03-29,SKU015,LOC03,38,0,synthetic
2026-03-30,SKU015,LOC02,38,0,synthetic
2026-03-31,SKU015,LOC02,46,0,synthetic
2026-04-01,SKU015,LOC02,51,0,synthetic
2026-04-02,SKU015,LOC02,48,0,synthetic
2026-04-03,SKU015,LOC02,43,0,synthetic
2026-04-04,SKU015,LOC03,55,0,synthetic
2026-04-05,SKU015,LOC02,53,0,synthetic
2026-04-06,SKU015,LOC02,45,0,synthetic
2026-04-07,SKU015,LOC03,39,0,synthetic
2026-04-08,SKU015,LOC02,49,0,synthetic
2026-04-09,SKU015,LOC03,45,0,synthetic
2026-04-10,SKU015,LOC02,52,1,synthetic
2026-04-11,SKU015,LOC03,51,0,synthetic
2026-04-12,SKU015,LOC03,64,0,synthetic
2026-04-13,SKU015,LOC02,51,0,synthetic
2026-04-14,SKU015,LOC02,45,0,synthetic
2026-04-15,SKU015,LOC02,38,0,synthetic
2026-04-16,SKU015,LOC03,52,0,synthetic
2026-04-17,SKU015,LOC03,40,0,synthetic
2026-04-18,SKU015,LOC03,42,0,synthetic
2026-04-19,SKU015,LOC02,56,0,synthetic
2026-04-20,SKU015,LOC03,44,0,synthetic
2026-04-21,SKU015,LOC03,29,0,synthetic
2026-04-22,SKU015,LOC03,63,1,synthetic
2026-04-23,SKU015,LOC02,39,0,synthetic
2026-04-24,SKU015,LOC03,56,0,synthetic
2026-04-25,SKU015,LOC03,44,0,synthetic
2026-04-26,SKU015,LOC02,43,0,synthetic
2026-04-27,SKU015,LOC02,38,0,synthetic
2026-04-28,SKU015,LOC02,44,0,synthetic
2026-04-29,SKU015,LOC03,41,0,synthetic
2026-04-30,SKU015,LOC03,39,0,synthetic
2026-05-01,SKU015,LOC03,50,0,synthetic
2026-05-02,SKU015,LOC03,54,0,synthetic
2026-05-03,SKU015,LOC02,48,0,synthetic
2026-05-04,SKU015,LOC03,51,0,synthetic
2026-05-05,SKU015,LOC03,49,0,synthetic
2026-05-06,SKU015,LOC02,41,0,synthetic
2026-05-07,SKU015,LOC02,52,0,synthetic
2026-05-08,SKU015,LOC02,44,0,synthetic
2026-05-09,SKU015,LOC03,55,0,synthetic
2026-05-10,SKU015,LOC03,50,0,synthetic
2026-05-11,SKU015,LOC02,52,0,synthetic
2026-05-12,SKU015,LOC03,54,0,synthetic
2026-05-13,SKU015,LOC03,53,0,synthetic
2026-05-14,SKU015,LOC03,52,0,synthetic
2026-05-15,SKU015,LOC02,43,0,synthetic
2026-05-16,SKU015,LOC02,52,0,synthetic
2026-05-17,SKU015,LOC03,61,0,synthetic
2026-05-18,SKU015,LOC03,58,0,synthetic
2026-05-19,SKU015,LOC02,45,0,synthetic
2026-05-20,SKU015,LOC03,53,0,synthetic
2026-05-21,SKU015,LOC02,42,0,synthetic
2026-05-22,SKU015,LOC02,43,0,synthetic
2026-05-23,SKU015,LOC02,56,0,synthetic
2026-05-24,SKU015,LOC03,50,0,synthetic
2026-05-25,SKU015,LOC02,46,0,synthetic
2026-05-26,SKU015,LOC02,56,0,synthetic
2026-05-27,SKU015,LOC02,53,0,synthetic
2026-05-28,SKU015,LOC02,56,0,synthetic
2026-05-29,SKU015,LOC03,73,1,synthetic
2026-05-30,SKU015,LOC02,53,0,synthetic
2026-05-31,SKU015,LOC03,46,0,synthetic
2026-06-01,SKU015,LOC02,56,0,synthetic
2026-06-02,SKU015,LOC02,51,0,synthetic
2026-06-03,SKU015,LOC02,56,0,synthetic
2026-06-04,SKU015,LOC03,57,0,synthetic
2026-06-05,SKU015,LOC03,57,0,synthetic
2026-06-06,SKU015,LOC02,62,0,synthetic
2026-06-07,SKU015,LOC02,64,0,synthetic
2026-06-08,SKU015,LOC02,61,0,synthetic
2026-06-09,SKU015,LOC03,54,0,synthetic
2026-06-10,SKU015,LOC02,51,0,synthetic
2026-06-11,SKU015,LOC03,49,0,synthetic
2026-06-12,SKU015,LOC02,54,0,synthetic
2026-06-13,SKU015,LOC03,61,0,synthetic
2026-06-14,SKU015,LOC02,57,0,synthetic
2026-06-15,SKU015,LOC03,54,0,synthetic
2026-06-16,SKU015,LOC02,62,0,synthetic
2026-06-17,SKU015,LOC03,45,0,synthetic
2026-06-18,SKU015,LOC03,68,1,synthetic
2026-06-19,SKU015,LOC03,63,0,synthetic
2026-06-20,SKU015,LOC02,54,0,synthetic
2026-06-21,SKU015,LOC02,53,0,synthetic
2026-06-22,SKU015,LOC03,60,0,synthetic
2026-06-23,SKU015,LOC02,47,0,synthetic
2026-06-24,SKU015,LOC02,44,0,synthetic
2026-06-25,SKU015,LOC02,61,0,synthetic
2026-06-26,SKU015,LOC02,49,0,synthetic
2026-06-27,SKU015,LOC03,70,0,synthetic
2026-06-28,SKU015,LOC02,45,0,synthetic
2026-06-29,SKU015,LOC03,44,0,synthetic
2026-06-30,SKU015,LOC03,50,0,synthetic
2026-07-01,SKU015,LOC02,49,0,synthetic
2026-07-02,SKU015,LOC03,49,0,synthetic
2026-07-03,SKU015,LOC02,52,0,synthetic
2026-07-04,SKU015,LOC03,84,1,synthetic
2026-07-05,SKU015,LOC02,62,0,synthetic
2026-07-06,SKU015,LOC03,61,0,synthetic
2026-07-07,SKU015,LOC03,57,0,synthetic
2026-07-08,SKU015,LOC02,55,0,synthetic
2026-07-09,SKU015,LOC02,54,0,synthetic
2026-07-10,SKU015,LOC03,48,0,synthetic
2026-07-11,SKU015,LOC02,55,0,synthetic
2026-07-12,SKU015,LOC03,59,0,synthetic
2026-07-13,SKU015,LOC02,52,0,synthetic
2026-07-14,SKU015,LOC02,51,0,synthetic
2026-07-15,SKU015,LOC03,46,0,synthetic
2026-07-16,SKU015,LOC02,46,0,synthetic
2026-07-17,SKU015,LOC03,54,0,synthetic
2026-07-18,SKU015,LOC02,62,0,synthetic
2026-07-19,SKU015,LOC03,52,0,synthetic
2026-07-20,SKU015,LOC02,51,0,synthetic
2026-07-21,SKU015,LOC02,41,0,synthetic
2026-07-22,SKU015,LOC02,54,0,synthetic
2026-07-23,SKU015,LOC03,47,0,synthetic
2026-07-24,SKU015,LOC03,58,0,synthetic
2026-07-25,SKU015,LOC02,55,0,synthetic
2026-07-26,SKU015,LOC02,64,0,synthetic
2026-07-27,SKU015,LOC03,64,0,synthetic
2026-07-28,SKU015,LOC02,43,0,synthetic
2026-07-29,SKU015,LOC03,46,0,synthetic
2026-07-30,SKU015,LOC02,37,0,synthetic
2026-07-31,SKU015,LOC03,58,0,synthetic
2026-08-01,SKU015,LOC02,49,0,synthetic
2026-08-02,SKU015,LOC03,46,0,synthetic
2026-08-03,SKU015,LOC03,43,0,synthetic
2026-08-04,SKU015,LOC03,48,0,synthetic
2026-08-05,SKU015,LOC03,33,0,synthetic
2025-08-06,SKU016,LOC03,61,0,synthetic
2025-08-07,SKU016,LOC02,68,0,synthetic
2025-08-08,SKU016,LOC03,53,0,synthetic
2025-08-09,SKU016,LOC02,49,0,synthetic
2025-08-10,SKU016,LOC02,67,0,synthetic
2025-08-11,SKU016,LOC02,67,0,synthetic
2025-08-12,SKU016,LOC02,60,0,synthetic
2025-08-13,SKU016,LOC03,58,0,synthetic
2025-08-14,SKU016,LOC02,52,0,synthetic
2025-08-15,SKU016,LOC03,64,0,synthetic
2025-08-16,SKU016,LOC03,55,0,synthetic
2025-08-17,SKU016,LOC02,59,0,synthetic
2025-08-18,SKU016,LOC02,67,0,synthetic
2025-08-19,SKU016,LOC02,52,0,synthetic
2025-08-20,SKU016,LOC02,50,0,synthetic
2025-08-21,SKU016,LOC02,45,0,synthetic
2025-08-22,SKU016,LOC03,57,0,synthetic
2025-08-23,SKU016,LOC02,62,0,synthetic
2025-08-24,SKU016,LOC03,69,0,synthetic
2025-08-25,SKU016,LOC02,68,0,synthetic
2025-08-26,SKU016,LOC03,52,0,synthetic
2025-08-27,SKU016,LOC02,51,0,synthetic
2025-08-28,SKU016,LOC02,60,0,synthetic
2025-08-29,SKU016,LOC03,60,0,synthetic
2025-08-30,SKU016,LOC02,64,0,synthetic
2025-08-31,SKU016,LOC02,64,0,synthetic
2025-09-01,SKU016,LOC03,62,0,synthetic
2025-09-02,SKU016,LOC03,45,0,synthetic
2025-09-03,SKU016,LOC03,48,0,synthetic
2025-09-04,SKU016,LOC03,60,0,synthetic
2025-09-05,SKU016,LOC03,77,1,synthetic
2025-09-06,SKU016,LOC03,60,0,synthetic
2025-09-07,SKU016,LOC02,55,0,synthetic
2025-09-08,SKU016,LOC03,47,0,synthetic
2025-09-09,SKU016,LOC02,60,0,synthetic
2025-09-10,SKU016,LOC03,52,0,synthetic
2025-09-11,SKU016,LOC02,60,0,synthetic
2025-09-12,SKU016,LOC03,62,0,synthetic
2025-09-13,SKU016,LOC03,66,0,synthetic
2025-09-14,SKU016,LOC02,61,0,synthetic
2025-09-15,SKU016,LOC02,58,0,synthetic
2025-09-16,SKU016,LOC02,59,0,synthetic
2025-09-17,SKU016,LOC02,50,0,synthetic
2025-09-18,SKU016,LOC03,50,0,synthetic
2025-09-19,SKU016,LOC02,62,0,synthetic
2025-09-20,SKU016,LOC02,64,0,synthetic
2025-09-21,SKU016,LOC03,55,0,synthetic
2025-09-22,SKU016,LOC03,60,0,synthetic
2025-09-23,SKU016,LOC03,58,0,synthetic
2025-09-24,SKU016,LOC03,56,0,synthetic
2025-09-25,SKU016,LOC03,61,0,synthetic
2025-09-26,SKU016,LOC03,64,0,synthetic
2025-09-27,SKU016,LOC02,55,0,synthetic
2025-09-28,SKU016,LOC02,60,0,synthetic
2025-09-29,SKU016,LOC02,54,0,synthetic
2025-09-30,SKU016,LOC02,66,0,synthetic
2025-10-01,SKU016,LOC02,67,0,synthetic
2025-10-02,SKU016,LOC03,49,0,synthetic
2025-10-03,SKU016,LOC03,59,0,synthetic
2025-10-04,SKU016,LOC02,57,0,synthetic
2025-10-05,SKU016,LOC02,74,0,synthetic
2025-10-06,SKU016,LOC02,62,0,synthetic
2025-10-07,SKU016,LOC02,64,0,synthetic
2025-10-08,SKU016,LOC03,62,0,synthetic
2025-10-09,SKU016,LOC03,53,0,synthetic
2025-10-10,SKU016,LOC02,67,0,synthetic
2025-10-11,SKU016,LOC03,69,0,synthetic
2025-10-12,SKU016,LOC03,53,0,synthetic
2025-10-13,SKU016,LOC02,58,0,synthetic
2025-10-14,SKU016,LOC02,49,0,synthetic
2025-10-15,SKU016,LOC02,61,0,synthetic
2025-10-16,SKU016,LOC03,51,0,synthetic
2025-10-17,SKU016,LOC03,45,0,synthetic
2025-10-18,SKU016,LOC02,55,0,synthetic
2025-10-19,SKU016,LOC02,60,0,synthetic
2025-10-20,SKU016,LOC03,56,0,synthetic
2025-10-21,SKU016,LOC03,50,0,synthetic
2025-10-22,SKU016,LOC03,86,1,synthetic
2025-10-23,SKU016,LOC03,56,0,synthetic
2025-10-24,SKU016,LOC03,72,0,synthetic
2025-10-25,SKU016,LOC02,54,0,synthetic
2025-10-26,SKU016,LOC02,57,0,synthetic
2025-10-27,SKU016,LOC03,59,0,synthetic
2025-10-28,SKU016,LOC03,79,1,synthetic
2025-10-29,SKU016,LOC03,54,0,synthetic
2025-10-30,SKU016,LOC02,55,0,synthetic
2025-10-31,SKU016,LOC03,53,0,synthetic
2025-11-01,SKU016,LOC02,59,0,synthetic
2025-11-02,SKU016,LOC02,72,0,synthetic
2025-11-03,SKU016,LOC02,66,0,synthetic
2025-11-04,SKU016,LOC02,50,0,synthetic
2025-11-05,SKU016,LOC03,51,0,synthetic
2025-11-06,SKU016,LOC02,71,0,synthetic
2025-11-07,SKU016,LOC02,58,0,synthetic
2025-11-08,SKU016,LOC03,66,0,synthetic
2025-11-09,SKU016,LOC03,65,0,synthetic
2025-11-10,SKU016,LOC02,61,0,synthetic
2025-11-11,SKU016,LOC02,79,1,synthetic
2025-11-12,SKU016,LOC03,67,0,synthetic
2025-11-13,SKU016,LOC03,62,0,synthetic
2025-11-14,SKU016,LOC02,53,0,synthetic
2025-11-15,SKU016,LOC03,65,0,synthetic
2025-11-16,SKU016,LOC03,62,0,synthetic
2025-11-17,SKU016,LOC03,60,0,synthetic
2025-11-18,SKU016,LOC03,54,0,synthetic
2025-11-19,SKU016,LOC03,51,0,synthetic
2025-11-20,SKU016,LOC02,58,0,synthetic
2025-11-21,SKU016,LOC02,58,0,synthetic
2025-11-22,SKU016,LOC02,75,0,synthetic
2025-11-23,SKU016,LOC02,94,1,synthetic
2025-11-24,SKU016,LOC03,68,0,synthetic
2025-11-25,SKU016,LOC03,55,0,synthetic
2025-11-26,SKU016,LOC03,59,0,synthetic
2025-11-27,SKU016,LOC02,64,0,synthetic
2025-11-28,SKU016,LOC02,55,0,synthetic
2025-11-29,SKU016,LOC03,66,0,synthetic
2025-11-30,SKU016,LOC03,64,0,synthetic
2025-12-01,SKU016,LOC02,61,0,synthetic
2025-12-02,SKU016,LOC02,55,0,synthetic
2025-12-03,SKU016,LOC02,52,0,synthetic
2025-12-04,SKU016,LOC03,47,0,synthetic
2025-12-05,SKU016,LOC03,52,0,synthetic
2025-12-06,SKU016,LOC03,92,1,synthetic
2025-12-07,SKU016,LOC02,72,0,synthetic
2025-12-08,SKU016,LOC03,50,0,synthetic
2025-12-09,SKU016,LOC02,49,0,synthetic
2025-12-10,SKU016,LOC02,52,0,synthetic
2025-12-11,SKU016,LOC02,64,0,synthetic
2025-12-12,SKU016,LOC03,52,0,synthetic
2025-12-13,SKU016,LOC03,65,0,synthetic
2025-12-14,SKU016,LOC02,71,0,synthetic
2025-12-15,SKU016,LOC02,54,0,synthetic
2025-12-16,SKU016,LOC03,60,0,synthetic
2025-12-17,SKU016,LOC02,53,0,synthetic
2025-12-18,SKU016,LOC02,67,0,synthetic
2025-12-19,SKU016,LOC02,71,1,synthetic
2025-12-20,SKU016,LOC03,56,0,synthetic
2025-12-21,SKU016,LOC03,57,0,synthetic
2025-12-22,SKU016,LOC02,57,0,synthetic
2025-12-23,SKU016,LOC03,61,0,synthetic
2025-12-24,SKU016,LOC02,45,0,synthetic
2025-12-25,SKU016,LOC02,48,0,synthetic
2025-12-26,SKU016,LOC03,52,0,synthetic
2025-12-27,SKU016,LOC02,58,0,synthetic
2025-12-28,SKU016,LOC03,64,0,synthetic
2025-12-29,SKU016,LOC03,53,0,synthetic
2025-12-30,SKU016,LOC02,71,0,synthetic
2025-12-31,SKU016,LOC02,55,0,synthetic
2026-01-01,SKU016,LOC03,46,0,synthetic
2026-01-02,SKU016,LOC02,55,0,synthetic
2026-01-03,SKU016,LOC02,58,0,synthetic
2026-01-04,SKU016,LOC03,68,0,synthetic
2026-01-05,SKU016,LOC02,53,0,synthetic
2026-01-06,SKU016,LOC03,57,0,synthetic
2026-01-07,SKU016,LOC03,53,0,synthetic
2026-01-08,SKU016,LOC02,50,0,synthetic
2026-01-09,SKU016,LOC03,51,0,synthetic
2026-01-10,SKU016,LOC03,77,0,synthetic
2026-01-11,SKU016,LOC02,59,0,synthetic
2026-01-12,SKU016,LOC03,58,0,synthetic
2026-01-13,SKU016,LOC03,51,0,synthetic
2026-01-14,SKU016,LOC02,51,0,synthetic
2026-01-15,SKU016,LOC03,48,0,synthetic
2026-01-16,SKU016,LOC02,59,0,synthetic
2026-01-17,SKU016,LOC03,50,0,synthetic
2026-01-18,SKU016,LOC02,54,0,synthetic
2026-01-19,SKU016,LOC03,64,0,synthetic
2026-01-20,SKU016,LOC03,54,0,synthetic
2026-01-21,SKU016,LOC02,53,0,synthetic
2026-01-22,SKU016,LOC03,61,0,synthetic
2026-01-23,SKU016,LOC03,53,0,synthetic
2026-01-24,SKU016,LOC02,56,0,synthetic
2026-01-25,SKU016,LOC02,59,0,synthetic
2026-01-26,SKU016,LOC03,44,0,synthetic
2026-01-27,SKU016,LOC02,62,0,synthetic
2026-01-28,SKU016,LOC03,63,0,synthetic
2026-01-29,SKU016,LOC03,58,0,synthetic
2026-01-30,SKU016,LOC02,65,1,synthetic
2026-01-31,SKU016,LOC02,59,0,synthetic
2026-02-01,SKU016,LOC02,69,0,synthetic
2026-02-02,SKU016,LOC03,50,0,synthetic
2026-02-03,SKU016,LOC03,40,0,synthetic
2026-02-04,SKU016,LOC02,65,1,synthetic
2026-02-05,SKU016,LOC02,50,0,synthetic
2026-02-06,SKU016,LOC03,56,0,synthetic
2026-02-07,SKU016,LOC03,58,0,synthetic
2026-02-08,SKU016,LOC02,62,0,synthetic
2026-02-09,SKU016,LOC02,45,0,synthetic
2026-02-10,SKU016,LOC02,62,0,synthetic
2026-02-11,SKU016,LOC02,50,0,synthetic
2026-02-12,SKU016,LOC03,65,0,synthetic
2026-02-13,SKU016,LOC03,62,0,synthetic
2026-02-14,SKU016,LOC02,47,0,synthetic
2026-02-15,SKU016,LOC02,48,0,synthetic
2026-02-16,SKU016,LOC03,46,0,synthetic
2026-02-17,SKU016,LOC02,54,0,synthetic
2026-02-18,SKU016,LOC03,63,0,synthetic
2026-02-19,SKU016,LOC02,55,0,synthetic
2026-02-20,SKU016,LOC03,83,1,synthetic
2026-02-21,SKU016,LOC03,60,0,synthetic
2026-02-22,SKU016,LOC03,57,0,synthetic
2026-02-23,SKU016,LOC03,48,0,synthetic
2026-02-24,SKU016,LOC03,56,0,synthetic
2026-02-25,SKU016,LOC02,59,0,synthetic
2026-02-26,SKU016,LOC02,63,0,synthetic
2026-02-27,SKU016,LOC03,40,0,synthetic
2026-02-28,SKU016,LOC02,64,0,synthetic
2026-03-01,SKU016,LOC02,66,0,synthetic
2026-03-02,SKU016,LOC02,43,0,synthetic
2026-03-03,SKU016,LOC02,59,0,synthetic
2026-03-04,SKU016,LOC02,46,0,synthetic
2026-03-05,SKU016,LOC03,60,0,synthetic
2026-03-06,SKU016,LOC03,72,1,synthetic
2026-03-07,SKU016,LOC02,71,0,synthetic
2026-03-08,SKU016,LOC02,64,0,synthetic
2026-03-09,SKU016,LOC03,72,0,synthetic
2026-03-10,SKU016,LOC03,69,0,synthetic
2026-03-11,SKU016,LOC03,60,0,synthetic
2026-03-12,SKU016,LOC02,61,0,synthetic
2026-03-13,SKU016,LOC03,47,0,synthetic
2026-03-14,SKU016,LOC02,60,0,synthetic
2026-03-15,SKU016,LOC03,57,0,synthetic
2026-03-16,SKU016,LOC02,72,0,synthetic
2026-03-17,SKU016,LOC03,66,0,synthetic
2026-03-18,SKU016,LOC03,61,0,synthetic
2026-03-19,SKU016,LOC03,55,0,synthetic
2026-03-20,SKU016,LOC02,68,0,synthetic
2026-03-21,SKU016,LOC03,57,0,synthetic
2026-03-22,SKU016,LOC02,58,0,synthetic
2026-03-23,SKU016,LOC03,53,0,synthetic
2026-03-24,SKU016,LOC02,88,1,synthetic
2026-03-25,SKU016,LOC03,59,0,synthetic
2026-03-26,SKU016,LOC03,57,0,synthetic
2026-03-27,SKU016,LOC03,62,0,synthetic
2026-03-28,SKU016,LOC02,63,0,synthetic
2026-03-29,SKU016,LOC02,77,0,synthetic
2026-03-30,SKU016,LOC03,66,0,synthetic
2026-03-31,SKU016,LOC02,58,0,synthetic
2026-04-01,SKU016,LOC02,62,0,synthetic
2026-04-02,SKU016,LOC02,57,0,synthetic
2026-04-03,SKU016,LOC02,68,1,synthetic
2026-04-04,SKU016,LOC03,69,0,synthetic
2026-04-05,SKU016,LOC03,76,0,synthetic
2026-04-06,SKU016,LOC02,82,1,synthetic
2026-04-07,SKU016,LOC03,67,0,synthetic
2026-04-08,SKU016,LOC03,57,0,synthetic
2026-04-09,SKU016,LOC03,47,0,synthetic
2026-04-10,SKU016,LOC03,58,0,synthetic
2026-04-11,SKU016,LOC02,61,0,synthetic
2026-04-12,SKU016,LOC03,86,1,synthetic
2026-04-13,SKU016,LOC03,51,0,synthetic
2026-04-14,SKU016,LOC03,57,0,synthetic
2026-04-15,SKU016,LOC03,82,1,synthetic
2026-04-16,SKU016,LOC02,66,0,synthetic
2026-04-17,SKU016,LOC02,50,0,synthetic
2026-04-18,SKU016,LOC03,64,0,synthetic
2026-04-19,SKU016,LOC02,55,0,synthetic
2026-04-20,SKU016,LOC02,54,0,synthetic
2026-04-21,SKU016,LOC03,58,0,synthetic
2026-04-22,SKU016,LOC02,63,0,synthetic
2026-04-23,SKU016,LOC02,63,0,synthetic
2026-04-24,SKU016,LOC03,59,0,synthetic
2026-04-25,SKU016,LOC03,64,0,synthetic
2026-04-26,SKU016,LOC02,59,0,synthetic
2026-04-27,SKU016,LOC02,66,0,synthetic
2026-04-28,SKU016,LOC02,46,0,synthetic
2026-04-29,SKU016,LOC02,54,0,synthetic
2026-04-30,SKU016,LOC02,48,0,synthetic
2026-05-01,SKU016,LOC02,65,0,synthetic
2026-05-02,SKU016,LOC03,80,0,synthetic
2026-05-03,SKU016,LOC02,75,0,synthetic
2026-05-04,SKU016,LOC03,64,0,synthetic
2026-05-05,SKU016,LOC02,60,0,synthetic
2026-05-06,SKU016,LOC03,60,0,synthetic
2026-05-07,SKU016,LOC02,68,0,synthetic
2026-05-08,SKU016,LOC02,67,0,synthetic
2026-05-09,SKU016,LOC03,93,0,synthetic
2026-05-10,SKU016,LOC02,74,0,synthetic
2026-05-11,SKU016,LOC02,60,0,synthetic
2026-05-12,SKU016,LOC03,68,0,synthetic
2026-05-13,SKU016,LOC02,78,0,synthetic
2026-05-14,SKU016,LOC02,60,0,synthetic
2026-05-15,SKU016,LOC03,63,0,synthetic
2026-05-16,SKU016,LOC02,64,0,synthetic
2026-05-17,SKU016,LOC03,76,0,synthetic
2026-05-18,SKU016,LOC02,76,0,synthetic
2026-05-19,SKU016,LOC03,69,0,synthetic
2026-05-20,SKU016,LOC03,72,0,synthetic
2026-05-21,SKU016,LOC02,68,0,synthetic
2026-05-22,SKU016,LOC03,85,0,synthetic
2026-05-23,SKU016,LOC03,69,0,synthetic
2026-05-24,SKU016,LOC03,72,0,synthetic
2026-05-25,SKU016,LOC03,62,0,synthetic
2026-05-26,SKU016,LOC03,66,0,synthetic
2026-05-27,SKU016,LOC02,62,0,synthetic
2026-05-28,SKU016,LOC02,61,0,synthetic
2026-05-29,SKU016,LOC02,64,0,synthetic
2026-05-30,SKU016,LOC02,84,0,synthetic
2026-05-31,SKU016,LOC03,77,0,synthetic
2026-06-01,SKU016,LOC03,72,0,synthetic
2026-06-02,SKU016,LOC02,66,0,synthetic
2026-06-03,SKU016,LOC02,75,0,synthetic
2026-06-04,SKU016,LOC03,59,0,synthetic
2026-06-05,SKU016,LOC03,50,0,synthetic
2026-06-06,SKU016,LOC02,82,0,synthetic
2026-06-07,SKU016,LOC03,75,0,synthetic
2026-06-08,SKU016,LOC03,62,0,synthetic
2026-06-09,SKU016,LOC02,67,0,synthetic
2026-06-10,SKU016,LOC03,68,0,synthetic
2026-06-11,SKU016,LOC02,71,0,synthetic
2026-06-12,SKU016,LOC03,79,0,synthetic
2026-06-13,SKU016,LOC02,79,0,synthetic
2026-06-14,SKU016,LOC03,79,0,synthetic
2026-06-15,SKU016,LOC03,73,0,synthetic
2026-06-16,SKU016,LOC03,68,0,synthetic
2026-06-17,SKU016,LOC03,61,0,synthetic
2026-06-18,SKU016,LOC03,73,0,synthetic
2026-06-19,SKU016,LOC03,69,0,synthetic
2026-06-20,SKU016,LOC03,73,0,synthetic
2026-06-21,SKU016,LOC03,108,1,synthetic
2026-06-22,SKU016,LOC03,78,0,synthetic
2026-06-23,SKU016,LOC02,54,0,synthetic
2026-06-24,SKU016,LOC02,64,0,synthetic
2026-06-25,SKU016,LOC02,70,0,synthetic
2026-06-26,SKU016,LOC03,63,0,synthetic
2026-06-27,SKU016,LOC03,85,0,synthetic
2026-06-28,SKU016,LOC02,76,0,synthetic
2026-06-29,SKU016,LOC02,76,0,synthetic
2026-06-30,SKU016,LOC02,61,0,synthetic
2026-07-01,SKU016,LOC03,71,0,synthetic
2026-07-02,SKU016,LOC02,69,0,synthetic
2026-07-03,SKU016,LOC03,63,0,synthetic
2026-07-04,SKU016,LOC02,78,0,synthetic
2026-07-05,SKU016,LOC02,81,0,synthetic
2026-07-06,SKU016,LOC02,64,0,synthetic
2026-07-07,SKU016,LOC03,70,0,synthetic
2026-07-08,SKU016,LOC03,87,0,synthetic
2026-07-09,SKU016,LOC02,82,0,synthetic
2026-07-10,SKU016,LOC02,67,0,synthetic
2026-07-11,SKU016,LOC02,94,1,synthetic
2026-07-12,SKU016,LOC02,65,0,synthetic
2026-07-13,SKU016,LOC02,77,0,synthetic
2026-07-14,SKU016,LOC03,74,0,synthetic
2026-07-15,SKU016,LOC03,68,0,synthetic
2026-07-16,SKU016,LOC03,68,0,synthetic
2026-07-17,SKU016,LOC03,73,0,synthetic
2026-07-18,SKU016,LOC03,89,0,synthetic
2026-07-19,SKU016,LOC03,90,1,synthetic
2026-07-20,SKU016,LOC03,74,0,synthetic
2026-07-21,SKU016,LOC03,74,0,synthetic
2026-07-22,SKU016,LOC02,65,0,synthetic
2026-07-23,SKU016,LOC02,59,0,synthetic
2026-07-24,SKU016,LOC02,67,0,synthetic
2026-07-25,SKU016,LOC03,86,0,synthetic
2026-07-26,SKU016,LOC03,79,0,synthetic
2026-07-27,SKU016,LOC02,81,0,synthetic
2026-07-28,SKU016,LOC02,78,0,synthetic
2026-07-29,SKU016,LOC03,66,0,synthetic
2026-07-30,SKU016,LOC03,68,0,synthetic
2026-07-31,SKU016,LOC02,71,0,synthetic
2026-08-01,SKU016,LOC02,59,0,synthetic
2026-08-02,SKU016,LOC03,64,0,synthetic
2026-08-03,SKU016,LOC02,49,0,synthetic
2026-08-04,SKU016,LOC03,44,0,synthetic
2026-08-05,SKU016,LOC03,65,0,synthetic
2025-08-06,SKU017,LOC02,30,0,synthetic
2025-08-07,SKU017,LOC02,27,0,synthetic
2025-08-08,SKU017,LOC03,26,0,synthetic
2025-08-09,SKU017,LOC03,29,0,synthetic
2025-08-10,SKU017,LOC02,29,0,synthetic
2025-08-11,SKU017,LOC02,26,0,synthetic
2025-08-12,SKU017,LOC02,29,0,synthetic
2025-08-13,SKU017,LOC02,26,0,synthetic
2025-08-14,SKU017,LOC02,20,0,synthetic
2025-08-15,SKU017,LOC02,23,0,synthetic
2025-08-16,SKU017,LOC02,26,0,synthetic
2025-08-17,SKU017,LOC03,24,0,synthetic
2025-08-18,SKU017,LOC02,26,0,synthetic
2025-08-19,SKU017,LOC03,29,0,synthetic
2025-08-20,SKU017,LOC03,28,0,synthetic
2025-08-21,SKU017,LOC02,26,0,synthetic
2025-08-22,SKU017,LOC02,29,0,synthetic
2025-08-23,SKU017,LOC03,38,1,synthetic
2025-08-24,SKU017,LOC02,28,0,synthetic
2025-08-25,SKU017,LOC03,23,0,synthetic
2025-08-26,SKU017,LOC03,26,0,synthetic
2025-08-27,SKU017,LOC03,26,0,synthetic
2025-08-28,SKU017,LOC02,34,1,synthetic
2025-08-29,SKU017,LOC03,24,0,synthetic
2025-08-30,SKU017,LOC02,29,0,synthetic
2025-08-31,SKU017,LOC02,30,0,synthetic
2025-09-01,SKU017,LOC03,24,0,synthetic
2025-09-02,SKU017,LOC03,26,0,synthetic
2025-09-03,SKU017,LOC03,27,0,synthetic
2025-09-04,SKU017,LOC03,24,0,synthetic
2025-09-05,SKU017,LOC03,24,0,synthetic
2025-09-06,SKU017,LOC02,34,0,synthetic
2025-09-07,SKU017,LOC03,22,0,synthetic
2025-09-08,SKU017,LOC03,25,0,synthetic
2025-09-09,SKU017,LOC03,22,0,synthetic
2025-09-10,SKU017,LOC02,25,0,synthetic
2025-09-11,SKU017,LOC02,25,0,synthetic
2025-09-12,SKU017,LOC02,21,0,synthetic
2025-09-13,SKU017,LOC02,25,0,synthetic
2025-09-14,SKU017,LOC02,31,0,synthetic
2025-09-15,SKU017,LOC02,33,0,synthetic
2025-09-16,SKU017,LOC03,19,0,synthetic
2025-09-17,SKU017,LOC03,25,0,synthetic
2025-09-18,SKU017,LOC03,24,0,synthetic
2025-09-19,SKU017,LOC03,21,0,synthetic
2025-09-20,SKU017,LOC02,26,0,synthetic
2025-09-21,SKU017,LOC03,32,0,synthetic
2025-09-22,SKU017,LOC03,21,0,synthetic
2025-09-23,SKU017,LOC03,32,0,synthetic
2025-09-24,SKU017,LOC03,24,0,synthetic
2025-09-25,SKU017,LOC03,27,0,synthetic
2025-09-26,SKU017,LOC03,36,1,synthetic
2025-09-27,SKU017,LOC02,31,0,synthetic
2025-09-28,SKU017,LOC03,26,0,synthetic
2025-09-29,SKU017,LOC03,25,0,synthetic
2025-09-30,SKU017,LOC02,25,0,synthetic
2025-10-01,SKU017,LOC02,29,0,synthetic
2025-10-02,SKU017,LOC03,28,0,synthetic
2025-10-03,SKU017,LOC02,30,0,synthetic
2025-10-04,SKU017,LOC03,34,0,synthetic
2025-10-05,SKU017,LOC03,34,0,synthetic
2025-10-06,SKU017,LOC02,20,0,synthetic
2025-10-07,SKU017,LOC02,25,0,synthetic
2025-10-08,SKU017,LOC02,21,0,synthetic
2025-10-09,SKU017,LOC02,22,0,synthetic
2025-10-10,SKU017,LOC03,23,0,synthetic
2025-10-11,SKU017,LOC02,23,0,synthetic
2025-10-12,SKU017,LOC03,28,0,synthetic
2025-10-13,SKU017,LOC02,22,0,synthetic
2025-10-14,SKU017,LOC03,22,0,synthetic
2025-10-15,SKU017,LOC02,29,0,synthetic
2025-10-16,SKU017,LOC03,38,1,synthetic
2025-10-17,SKU017,LOC02,24,0,synthetic
2025-10-18,SKU017,LOC03,30,0,synthetic
2025-10-19,SKU017,LOC02,24,0,synthetic
2025-10-20,SKU017,LOC02,24,0,synthetic
2025-10-21,SKU017,LOC03,23,0,synthetic
2025-10-22,SKU017,LOC02,20,0,synthetic
2025-10-23,SKU017,LOC03,32,0,synthetic
2025-10-24,SKU017,LOC02,26,0,synthetic
2025-10-25,SKU017,LOC02,23,0,synthetic
2025-10-26,SKU017,LOC03,25,0,synthetic
2025-10-27,SKU017,LOC03,28,0,synthetic
2025-10-28,SKU017,LOC02,28,0,synthetic
2025-10-29,SKU017,LOC02,23,0,synthetic
2025-10-30,SKU017,LOC03,29,0,synthetic
2025-10-31,SKU017,LOC02,20,0,synthetic
2025-11-01,SKU017,LOC02,31,0,synthetic
2025-11-02,SKU017,LOC02,26,0,synthetic
2025-11-03,SKU017,LOC02,30,0,synthetic
2025-11-04,SKU017,LOC03,27,0,synthetic
2025-11-05,SKU017,LOC02,28,0,synthetic
2025-11-06,SKU017,LOC02,25,0,synthetic
2025-11-07,SKU017,LOC03,21,0,synthetic
2025-11-08,SKU017,LOC02,35,1,synthetic
2025-11-09,SKU017,LOC03,32,0,synthetic
2025-11-10,SKU017,LOC02,27,0,synthetic
2025-11-11,SKU017,LOC03,24,0,synthetic
2025-11-12,SKU017,LOC02,26,0,synthetic
2025-11-13,SKU017,LOC03,22,0,synthetic
2025-11-14,SKU017,LOC02,21,0,synthetic
2025-11-15,SKU017,LOC03,29,0,synthetic
2025-11-16,SKU017,LOC02,32,0,synthetic
2025-11-17,SKU017,LOC03,23,0,synthetic
2025-11-18,SKU017,LOC03,31,0,synthetic
2025-11-19,SKU017,LOC03,26,0,synthetic
2025-11-20,SKU017,LOC03,26,0,synthetic
2025-11-21,SKU017,LOC02,25,0,synthetic
2025-11-22,SKU017,LOC02,25,0,synthetic
2025-11-23,SKU017,LOC03,39,1,synthetic
2025-11-24,SKU017,LOC02,21,0,synthetic
2025-11-25,SKU017,LOC03,29,0,synthetic
2025-11-26,SKU017,LOC02,24,0,synthetic
2025-11-27,SKU017,LOC03,22,0,synthetic
2025-11-28,SKU017,LOC03,18,0,synthetic
2025-11-29,SKU017,LOC02,23,0,synthetic
2025-11-30,SKU017,LOC03,25,0,synthetic
2025-12-01,SKU017,LOC03,23,0,synthetic
2025-12-02,SKU017,LOC02,23,0,synthetic
2025-12-03,SKU017,LOC03,25,0,synthetic
2025-12-04,SKU017,LOC02,28,0,synthetic
2025-12-05,SKU017,LOC03,25,0,synthetic
2025-12-06,SKU017,LOC02,31,0,synthetic
2025-12-07,SKU017,LOC02,25,0,synthetic
2025-12-08,SKU017,LOC03,28,0,synthetic
2025-12-09,SKU017,LOC03,26,0,synthetic
2025-12-10,SKU017,LOC03,20,0,synthetic
2025-12-11,SKU017,LOC03,37,1,synthetic
2025-12-12,SKU017,LOC02,23,0,synthetic
2025-12-13,SKU017,LOC02,36,0,synthetic
2025-12-14,SKU017,LOC03,30,0,synthetic
2025-12-15,SKU017,LOC02,30,1,synthetic
2025-12-16,SKU017,LOC03,26,0,synthetic
2025-12-17,SKU017,LOC03,34,1,synthetic
2025-12-18,SKU017,LOC02,21,0,synthetic
2025-12-19,SKU017,LOC03,23,0,synthetic
2025-12-20,SKU017,LOC03,26,0,synthetic
2025-12-21,SKU017,LOC03,33,0,synthetic
2025-12-22,SKU017,LOC03,27,0,synthetic
2025-12-23,SKU017,LOC03,26,0,synthetic
2025-12-24,SKU017,LOC02,21,0,synthetic
2025-12-25,SKU017,LOC03,24,0,synthetic
2025-12-26,SKU017,LOC02,30,0,synthetic
2025-12-27,SKU017,LOC02,23,0,synthetic
2025-12-28,SKU017,LOC02,30,0,synthetic
2025-12-29,SKU017,LOC03,20,0,synthetic
2025-12-30,SKU017,LOC03,26,0,synthetic
2025-12-31,SKU017,LOC02,26,0,synthetic
2026-01-01,SKU017,LOC03,21,0,synthetic
2026-01-02,SKU017,LOC02,24,0,synthetic
2026-01-03,SKU017,LOC02,25,0,synthetic
2026-01-04,SKU017,LOC03,21,0,synthetic
2026-01-05,SKU017,LOC02,24,0,synthetic
2026-01-06,SKU017,LOC02,19,0,synthetic
2026-01-07,SKU017,LOC03,26,0,synthetic
2026-01-08,SKU017,LOC03,19,0,synthetic
2026-01-09,SKU017,LOC02,19,0,synthetic
2026-01-10,SKU017,LOC03,20,0,synthetic
2026-01-11,SKU017,LOC02,26,0,synthetic
2026-01-12,SKU017,LOC03,25,0,synthetic
2026-01-13,SKU017,LOC02,16,0,synthetic
2026-01-14,SKU017,LOC02,21,0,synthetic
2026-01-15,SKU017,LOC03,22,0,synthetic
2026-01-16,SKU017,LOC02,18,0,synthetic
2026-01-17,SKU017,LOC02,25,0,synthetic
2026-01-18,SKU017,LOC03,27,0,synthetic
2026-01-19,SKU017,LOC03,23,0,synthetic
2026-01-20,SKU017,LOC03,19,0,synthetic
2026-01-21,SKU017,LOC02,26,0,synthetic
2026-01-22,SKU017,LOC02,25,0,synthetic
2026-01-23,SKU017,LOC03,22,0,synthetic
2026-01-24,SKU017,LOC02,22,0,synthetic
2026-01-25,SKU017,LOC03,24,0,synthetic
2026-01-26,SKU017,LOC02,28,0,synthetic
2026-01-27,SKU017,LOC03,24,0,synthetic
2026-01-28,SKU017,LOC02,26,0,synthetic
2026-01-29,SKU017,LOC02,25,0,synthetic
2026-01-30,SKU017,LOC02,31,1,synthetic
2026-01-31,SKU017,LOC02,25,0,synthetic
2026-02-01,SKU017,LOC03,26,0,synthetic
2026-02-02,SKU017,LOC02,24,0,synthetic
2026-02-03,SKU017,LOC02,30,1,synthetic
2026-02-04,SKU017,LOC03,23,0,synthetic
2026-02-05,SKU017,LOC02,19,0,synthetic
2026-02-06,SKU017,LOC02,21,0,synthetic
2026-02-07,SKU017,LOC02,23,0,synthetic
2026-02-08,SKU017,LOC02,27,0,synthetic
2026-02-09,SKU017,LOC02,23,0,synthetic
2026-02-10,SKU017,LOC02,20,0,synthetic
2026-02-11,SKU017,LOC03,32,1,synthetic
2026-02-12,SKU017,LOC02,32,1,synthetic
2026-02-13,SKU017,LOC02,23,0,synthetic
2026-02-14,SKU017,LOC03,25,0,synthetic
2026-02-15,SKU017,LOC03,27,0,synthetic
2026-02-16,SKU017,LOC03,20,0,synthetic
2026-02-17,SKU017,LOC02,27,0,synthetic
2026-02-18,SKU017,LOC03,26,0,synthetic
2026-02-19,SKU017,LOC02,27,0,synthetic
2026-02-20,SKU017,LOC02,17,0,synthetic
2026-02-21,SKU017,LOC03,23,0,synthetic
2026-02-22,SKU017,LOC03,26,0,synthetic
2026-02-23,SKU017,LOC02,17,0,synthetic
2026-02-24,SKU017,LOC03,23,0,synthetic
2026-02-25,SKU017,LOC02,31,1,synthetic
2026-02-26,SKU017,LOC03,26,0,synthetic
2026-02-27,SKU017,LOC02,25,0,synthetic
2026-02-28,SKU017,LOC03,30,0,synthetic
2026-03-01,SKU017,LOC03,25,0,synthetic
2026-03-02,SKU017,LOC03,28,0,synthetic
2026-03-03,SKU017,LOC02,26,0,synthetic
2026-03-04,SKU017,LOC02,30,0,synthetic
2026-03-05,SKU017,LOC03,22,0,synthetic
2026-03-06,SKU017,LOC03,25,0,synthetic
2026-03-07,SKU017,LOC02,27,0,synthetic
2026-03-08,SKU017,LOC03,32,0,synthetic
2026-03-09,SKU017,LOC02,29,0,synthetic
2026-03-10,SKU017,LOC02,21,0,synthetic
2026-03-11,SKU017,LOC03,28,0,synthetic
2026-03-12,SKU017,LOC03,27,0,synthetic
2026-03-13,SKU017,LOC02,24,0,synthetic
2026-03-14,SKU017,LOC03,21,0,synthetic
2026-03-15,SKU017,LOC02,31,0,synthetic
2026-03-16,SKU017,LOC02,19,0,synthetic
2026-03-17,SKU017,LOC03,24,0,synthetic
2026-03-18,SKU017,LOC03,20,0,synthetic
2026-03-19,SKU017,LOC03,26,0,synthetic
2026-03-20,SKU017,LOC03,25,0,synthetic
2026-03-21,SKU017,LOC03,27,0,synthetic
2026-03-22,SKU017,LOC03,33,0,synthetic
2026-03-23,SKU017,LOC02,23,0,synthetic
2026-03-24,SKU017,LOC02,32,0,synthetic
2026-03-25,SKU017,LOC02,25,0,synthetic
2026-03-26,SKU017,LOC02,23,0,synthetic
2026-03-27,SKU017,LOC02,27,0,synthetic
2026-03-28,SKU017,LOC03,32,0,synthetic
2026-03-29,SKU017,LOC03,27,0,synthetic
2026-03-30,SKU017,LOC02,22,0,synthetic
2026-03-31,SKU017,LOC03,30,0,synthetic
2026-04-01,SKU017,LOC03,17,0,synthetic
2026-04-02,SKU017,LOC03,31,0,synthetic
2026-04-03,SKU017,LOC03,25,0,synthetic
2026-04-04,SKU017,LOC02,29,0,synthetic
2026-04-05,SKU017,LOC02,38,1,synthetic
2026-04-06,SKU017,LOC03,28,0,synthetic
2026-04-07,SKU017,LOC02,26,0,synthetic
2026-04-08,SKU017,LOC03,31,0,synthetic
2026-04-09,SKU017,LOC02,25,0,synthetic
2026-04-10,SKU017,LOC03,19,0,synthetic
2026-04-11,SKU017,LOC03,27,0,synthetic
2026-04-12,SKU017,LOC03,33,1,synthetic
2026-04-13,SKU017,LOC02,27,0,synthetic
2026-04-14,SKU017,LOC02,28,0,synthetic
2026-04-15,SKU017,LOC03,22,0,synthetic
2026-04-16,SKU017,LOC02,23,0,synthetic
2026-04-17,SKU017,LOC02,28,0,synthetic
2026-04-18,SKU017,LOC03,27,0,synthetic
2026-04-19,SKU017,LOC03,21,0,synthetic
2026-04-20,SKU017,LOC02,29,0,synthetic
2026-04-21,SKU017,LOC02,25,0,synthetic
2026-04-22,SKU017,LOC02,26,0,synthetic
2026-04-23,SKU017,LOC02,23,0,synthetic
2026-04-24,SKU017,LOC03,24,0,synthetic
2026-04-25,SKU017,LOC02,24,0,synthetic
2026-04-26,SKU017,LOC03,28,0,synthetic
2026-04-27,SKU017,LOC02,21,0,synthetic
2026-04-28,SKU017,LOC02,27,0,synthetic
2026-04-29,SKU017,LOC02,22,0,synthetic
2026-04-30,SKU017,LOC02,24,0,synthetic
2026-05-01,SKU017,LOC02,27,0,synthetic
2026-05-02,SKU017,LOC03,36,0,synthetic
2026-05-03,SKU017,LOC03,34,0,synthetic
2026-05-04,SKU017,LOC02,31,0,synthetic
2026-05-05,SKU017,LOC03,35,0,synthetic
2026-05-06,SKU017,LOC02,28,0,synthetic
2026-05-07,SKU017,LOC02,29,0,synthetic
2026-05-08,SKU017,LOC03,43,1,synthetic
2026-05-09,SKU017,LOC02,30,0,synthetic
2026-05-10,SKU017,LOC03,31,0,synthetic
2026-05-11,SKU017,LOC03,31,0,synthetic
2026-05-12,SKU017,LOC03,30,0,synthetic
2026-05-13,SKU017,LOC03,30,0,synthetic
2026-05-14,SKU017,LOC03,26,0,synthetic
2026-05-15,SKU017,LOC03,29,0,synthetic
2026-05-16,SKU017,LOC03,38,0,synthetic
2026-05-17,SKU017,LOC03,34,0,synthetic
2026-05-18,SKU017,LOC03,25,0,synthetic
2026-05-19,SKU017,LOC02,28,0,synthetic
2026-05-20,SKU017,LOC03,30,0,synthetic
2026-05-21,SKU017,LOC03,36,1,synthetic
2026-05-22,SKU017,LOC03,31,0,synthetic
2026-05-23,SKU017,LOC03,36,0,synthetic
2026-05-24,SKU017,LOC02,24,0,synthetic
2026-05-25,SKU017,LOC03,31,0,synthetic
2026-05-26,SKU017,LOC03,41,1,synthetic
2026-05-27,SKU017,LOC02,27,0,synthetic
2026-05-28,SKU017,LOC03,29,0,synthetic
2026-05-29,SKU017,LOC03,29,0,synthetic
2026-05-30,SKU017,LOC02,34,0,synthetic
2026-05-31,SKU017,LOC02,29,0,synthetic
2026-06-01,SKU017,LOC03,27,0,synthetic
2026-06-02,SKU017,LOC03,29,0,synthetic
2026-06-03,SKU017,LOC03,35,0,synthetic
2026-06-04,SKU017,LOC03,24,0,synthetic
2026-06-05,SKU017,LOC03,32,0,synthetic
2026-06-06,SKU017,LOC03,33,0,synthetic
2026-06-07,SKU017,LOC03,34,0,synthetic
2026-06-08,SKU017,LOC03,27,0,synthetic
2026-06-09,SKU017,LOC02,31,0,synthetic
2026-06-10,SKU017,LOC03,26,0,synthetic
2026-06-11,SKU017,LOC02,29,0,synthetic
2026-06-12,SKU017,LOC02,30,0,synthetic
2026-06-13,SKU017,LOC03,29,0,synthetic
2026-06-14,SKU017,LOC03,33,0,synthetic
2026-06-15,SKU017,LOC02,26,0,synthetic
2026-06-16,SKU017,LOC02,30,0,synthetic
2026-06-17,SKU017,LOC02,42,1,synthetic
2026-06-18,SKU017,LOC03,28,0,synthetic
2026-06-19,SKU017,LOC02,32,0,synthetic
2026-06-20,SKU017,LOC02,31,0,synthetic
2026-06-21,SKU017,LOC03,30,0,synthetic
2026-06-22,SKU017,LOC02,30,0,synthetic
2026-06-23,SKU017,LOC02,32,0,synthetic
2026-06-24,SKU017,LOC02,27,0,synthetic
2026-06-25,SKU017,LOC02,29,0,synthetic
2026-06-26,SKU017,LOC03,28,0,synthetic
2026-06-27,SKU017,LOC02,34,0,synthetic
2026-06-28,SKU017,LOC03,34,0,synthetic
2026-06-29,SKU017,LOC02,30,0,synthetic
2026-06-30,SKU017,LOC03,42,1,synthetic
2026-07-01,SKU017,LOC03,25,0,synthetic
2026-07-02,SKU017,LOC02,29,0,synthetic
2026-07-03,SKU017,LOC03,33,0,synthetic
2026-07-04,SKU017,LOC03,31,0,synthetic
2026-07-05,SKU017,LOC03,37,0,synthetic
2026-07-06,SKU017,LOC02,26,0,synthetic
2026-07-07,SKU017,LOC03,31,0,synthetic
2026-07-08,SKU017,LOC03,32,0,synthetic
2026-07-09,SKU017,LOC03,32,0,synthetic
2026-07-10,SKU017,LOC03,27,0,synthetic
2026-07-11,SKU017,LOC02,37,0,synthetic
2026-07-12,SKU017,LOC02,35,0,synthetic
2026-07-13,SKU017,LOC02,30,0,synthetic
2026-07-14,SKU017,LOC03,30,0,synthetic
2026-07-15,SKU017,LOC02,26,0,synthetic
2026-07-16,SKU017,LOC03,24,0,synthetic
2026-07-17,SKU017,LOC02,24,0,synthetic
2026-07-18,SKU017,LOC02,33,0,synthetic
2026-07-19,SKU017,LOC03,33,0,synthetic
2026-07-20,SKU017,LOC02,28,0,synthetic
2026-07-21,SKU017,LOC03,29,0,synthetic
2026-07-22,SKU017,LOC02,26,0,synthetic
2026-07-23,SKU017,LOC02,28,0,synthetic
2026-07-24,SKU017,LOC02,33,0,synthetic
2026-07-25,SKU017,LOC03,29,0,synthetic
2026-07-26,SKU017,LOC03,34,0,synthetic
2026-07-27,SKU017,LOC02,25,0,synthetic
2026-07-28,SKU017,LOC02,39,1,synthetic
2026-07-29,SKU017,LOC03,23,0,synthetic
2026-07-30,SKU017,LOC03,36,1,synthetic
2026-07-31,SKU017,LOC02,25,0,synthetic
2026-08-01,SKU017,LOC03,28,0,synthetic
2026-08-02,SKU017,LOC03,31,0,synthetic
2026-08-03,SKU017,LOC03,27,0,synthetic
2026-08-04,SKU017,LOC02,23,0,synthetic
2026-08-05,SKU017,LOC03,26,0,synthetic
2025-08-06,SKU018,LOC03,38,0,synthetic
2025-08-07,SKU018,LOC03,49,0,synthetic
2025-08-08,SKU018,LOC03,44,0,synthetic
2025-08-09,SKU018,LOC02,51,0,synthetic
2025-08-10,SKU018,LOC02,38,0,synthetic
2025-08-11,SKU018,LOC03,45,0,synthetic
2025-08-12,SKU018,LOC02,51,0,synthetic
2025-08-13,SKU018,LOC03,57,0,synthetic
2025-08-14,SKU018,LOC03,29,0,synthetic
2025-08-15,SKU018,LOC03,44,0,synthetic
2025-08-16,SKU018,LOC03,58,0,synthetic
2025-08-17,SKU018,LOC03,53,0,synthetic
2025-08-18,SKU018,LOC03,47,0,synthetic
2025-08-19,SKU018,LOC03,54,0,synthetic
2025-08-20,SKU018,LOC02,53,0,synthetic
2025-08-21,SKU018,LOC03,41,0,synthetic
2025-08-22,SKU018,LOC02,43,0,synthetic
2025-08-23,SKU018,LOC02,47,0,synthetic
2025-08-24,SKU018,LOC03,54,0,synthetic
2025-08-25,SKU018,LOC02,39,0,synthetic
2025-08-26,SKU018,LOC03,46,0,synthetic
2025-08-27,SKU018,LOC02,41,0,synthetic
2025-08-28,SKU018,LOC02,45,0,synthetic
2025-08-29,SKU018,LOC03,46,0,synthetic
2025-08-30,SKU018,LOC03,50,0,synthetic
2025-08-31,SKU018,LOC03,53,0,synthetic
2025-09-01,SKU018,LOC02,36,0,synthetic
2025-09-02,SKU018,LOC03,46,0,synthetic
2025-09-03,SKU018,LOC03,47,0,synthetic
2025-09-04,SKU018,LOC03,52,0,synthetic
2025-09-05,SKU018,LOC03,43,0,synthetic
2025-09-06,SKU018,LOC03,56,0,synthetic
2025-09-07,SKU018,LOC02,53,0,synthetic
2025-09-08,SKU018,LOC03,48,0,synthetic
2025-09-09,SKU018,LOC02,41,0,synthetic
2025-09-10,SKU018,LOC02,52,0,synthetic
2025-09-11,SKU018,LOC03,44,0,synthetic
2025-09-12,SKU018,LOC02,39,0,synthetic
2025-09-13,SKU018,LOC02,47,0,synthetic
2025-09-14,SKU018,LOC02,47,0,synthetic
2025-09-15,SKU018,LOC02,44,0,synthetic
2025-09-16,SKU018,LOC03,44,0,synthetic
2025-09-17,SKU018,LOC02,40,0,synthetic
2025-09-18,SKU018,LOC03,47,0,synthetic
2025-09-19,SKU018,LOC02,43,0,synthetic
2025-09-20,SKU018,LOC02,57,0,synthetic
2025-09-21,SKU018,LOC02,52,0,synthetic
2025-09-22,SKU018,LOC02,34,0,synthetic
2025-09-23,SKU018,LOC02,49,0,synthetic
2025-09-24,SKU018,LOC03,51,0,synthetic
2025-09-25,SKU018,LOC03,47,0,synthetic
2025-09-26,SKU018,LOC03,57,0,synthetic
2025-09-27,SKU018,LOC03,45,0,synthetic
2025-09-28,SKU018,LOC02,71,1,synthetic
2025-09-29,SKU018,LOC03,46,0,synthetic
2025-09-30,SKU018,LOC02,54,0,synthetic
2025-10-01,SKU018,LOC02,43,0,synthetic
2025-10-02,SKU018,LOC02,39,0,synthetic
2025-10-03,SKU018,LOC02,41,0,synthetic
2025-10-04,SKU018,LOC02,55,0,synthetic
2025-10-05,SKU018,LOC03,57,0,synthetic
2025-10-06,SKU018,LOC03,45,0,synthetic
2025-10-07,SKU018,LOC02,44,0,synthetic
2025-10-08,SKU018,LOC02,54,0,synthetic
2025-10-09,SKU018,LOC03,51,0,synthetic
2025-10-10,SKU018,LOC02,47,0,synthetic
2025-10-11,SKU018,LOC03,57,0,synthetic
2025-10-12,SKU018,LOC02,50,0,synthetic
2025-10-13,SKU018,LOC03,58,0,synthetic
2025-10-14,SKU018,LOC02,42,0,synthetic
2025-10-15,SKU018,LOC02,49,0,synthetic
2025-10-16,SKU018,LOC02,51,0,synthetic
2025-10-17,SKU018,LOC02,43,0,synthetic
2025-10-18,SKU018,LOC03,51,0,synthetic
2025-10-19,SKU018,LOC02,60,0,synthetic
2025-10-20,SKU018,LOC02,42,0,synthetic
2025-10-21,SKU018,LOC03,52,0,synthetic
2025-10-22,SKU018,LOC03,48,0,synthetic
2025-10-23,SKU018,LOC02,43,0,synthetic
2025-10-24,SKU018,LOC02,42,0,synthetic
2025-10-25,SKU018,LOC02,58,0,synthetic
2025-10-26,SKU018,LOC03,58,0,synthetic
2025-10-27,SKU018,LOC03,42,0,synthetic
2025-10-28,SKU018,LOC03,44,0,synthetic
2025-10-29,SKU018,LOC03,42,0,synthetic
2025-10-30,SKU018,LOC02,43,0,synthetic
2025-10-31,SKU018,LOC03,48,0,synthetic
2025-11-01,SKU018,LOC03,52,0,synthetic
2025-11-02,SKU018,LOC03,49,0,synthetic
2025-11-03,SKU018,LOC03,44,0,synthetic
2025-11-04,SKU018,LOC03,33,0,synthetic
2025-11-05,SKU018,LOC02,39,0,synthetic
2025-11-06,SKU018,LOC02,46,0,synthetic
2025-11-07,SKU018,LOC02,52,0,synthetic
2025-11-08,SKU018,LOC03,54,0,synthetic
2025-11-09,SKU018,LOC03,57,0,synthetic
2025-11-10,SKU018,LOC02,47,0,synthetic
2025-11-11,SKU018,LOC03,47,0,synthetic
2025-11-12,SKU018,LOC02,57,0,synthetic
2025-11-13,SKU018,LOC02,39,0,synthetic
2025-11-14,SKU018,LOC03,44,0,synthetic
2025-11-15,SKU018,LOC03,48,0,synthetic
2025-11-16,SKU018,LOC03,56,0,synthetic
2025-11-17,SKU018,LOC02,42,0,synthetic
2025-11-18,SKU018,LOC03,54,0,synthetic
2025-11-19,SKU018,LOC02,39,0,synthetic
2025-11-20,SKU018,LOC03,46,0,synthetic
2025-11-21,SKU018,LOC03,49,0,synthetic
2025-11-22,SKU018,LOC02,55,0,synthetic
2025-11-23,SKU018,LOC03,46,0,synthetic
2025-11-24,SKU018,LOC03,41,0,synthetic
2025-11-25,SKU018,LOC02,57,0,synthetic
2025-11-26,SKU018,LOC02,37,0,synthetic
2025-11-27,SKU018,LOC03,52,0,synthetic
2025-11-28,SKU018,LOC02,36,0,synthetic
2025-11-29,SKU018,LOC02,58,0,synthetic
2025-11-30,SKU018,LOC02,54,0,synthetic
2025-12-01,SKU018,LOC03,41,0,synthetic
2025-12-02,SKU018,LOC02,47,0,synthetic
2025-12-03,SKU018,LOC02,35,0,synthetic
2025-12-04,SKU018,LOC03,52,0,synthetic
2025-12-05,SKU018,LOC02,48,0,synthetic
2025-12-06,SKU018,LOC02,55,0,synthetic
2025-12-07,SKU018,LOC02,53,0,synthetic
2025-12-08,SKU018,LOC02,52,0,synthetic
2025-12-09,SKU018,LOC03,49,0,synthetic
2025-12-10,SKU018,LOC02,42,0,synthetic
2025-12-11,SKU018,LOC02,63,1,synthetic
2025-12-12,SKU018,LOC03,48,0,synthetic
2025-12-13,SKU018,LOC03,54,0,synthetic
2025-12-14,SKU018,LOC03,57,0,synthetic
2025-12-15,SKU018,LOC02,43,0,synthetic
2025-12-16,SKU018,LOC03,38,0,synthetic
2025-12-17,SKU018,LOC03,47,0,synthetic
2025-12-18,SKU018,LOC02,68,1,synthetic
2025-12-19,SKU018,LOC02,39,0,synthetic
2025-12-20,SKU018,LOC03,52,0,synthetic
2025-12-21,SKU018,LOC03,47,0,synthetic
2025-12-22,SKU018,LOC02,45,0,synthetic
2025-12-23,SKU018,LOC02,46,0,synthetic
2025-12-24,SKU018,LOC02,60,0,synthetic
2025-12-25,SKU018,LOC02,38,0,synthetic
2025-12-26,SKU018,LOC02,38,0,synthetic
2025-12-27,SKU018,LOC02,59,0,synthetic
2025-12-28,SKU018,LOC02,55,0,synthetic
2025-12-29,SKU018,LOC02,43,0,synthetic
2025-12-30,SKU018,LOC03,45,0,synthetic
2025-12-31,SKU018,LOC02,46,0,synthetic
2026-01-01,SKU018,LOC03,46,0,synthetic
2026-01-02,SKU018,LOC02,53,0,synthetic
2026-01-03,SKU018,LOC02,59,1,synthetic
2026-01-04,SKU018,LOC03,69,1,synthetic
2026-01-05,SKU018,LOC03,40,0,synthetic
2026-01-06,SKU018,LOC02,57,0,synthetic
2026-01-07,SKU018,LOC02,34,0,synthetic
2026-01-08,SKU018,LOC03,37,0,synthetic
2026-01-09,SKU018,LOC03,51,0,synthetic
2026-01-10,SKU018,LOC03,42,0,synthetic
2026-01-11,SKU018,LOC02,44,0,synthetic
2026-01-12,SKU018,LOC03,33,0,synthetic
2026-01-13,SKU018,LOC03,38,0,synthetic
2026-01-14,SKU018,LOC02,33,0,synthetic
2026-01-15,SKU018,LOC02,36,0,synthetic
2026-01-16,SKU018,LOC02,52,1,synthetic
2026-01-17,SKU018,LOC03,49,0,synthetic
2026-01-18,SKU018,LOC03,49,0,synthetic
2026-01-19,SKU018,LOC02,47,0,synthetic
2026-01-20,SKU018,LOC03,41,0,synthetic
2026-01-21,SKU018,LOC02,48,0,synthetic
2026-01-22,SKU018,LOC02,32,0,synthetic
2026-01-23,SKU018,LOC02,43,0,synthetic
2026-01-24,SKU018,LOC02,57,0,synthetic
2026-01-25,SKU018,LOC03,39,0,synthetic
2026-01-26,SKU018,LOC03,41,0,synthetic
2026-01-27,SKU018,LOC02,40,0,synthetic
2026-01-28,SKU018,LOC02,51,0,synthetic
2026-01-29,SKU018,LOC03,52,0,synthetic
2026-01-30,SKU018,LOC03,38,0,synthetic
2026-01-31,SKU018,LOC03,37,0,synthetic
2026-02-01,SKU018,LOC03,41,0,synthetic
2026-02-02,SKU018,LOC03,46,0,synthetic
2026-02-03,SKU018,LOC02,41,0,synthetic
2026-02-04,SKU018,LOC03,41,0,synthetic
2026-02-05,SKU018,LOC03,43,0,synthetic
2026-02-06,SKU018,LOC02,30,0,synthetic
2026-02-07,SKU018,LOC03,49,0,synthetic
2026-02-08,SKU018,LOC02,41,0,synthetic
2026-02-09,SKU018,LOC03,46,0,synthetic
2026-02-10,SKU018,LOC03,42,0,synthetic
2026-02-11,SKU018,LOC02,45,0,synthetic
2026-02-12,SKU018,LOC02,56,1,synthetic
2026-02-13,SKU018,LOC02,49,0,synthetic
2026-02-14,SKU018,LOC02,55,0,synthetic
2026-02-15,SKU018,LOC03,41,0,synthetic
2026-02-16,SKU018,LOC02,37,0,synthetic
2026-02-17,SKU018,LOC02,33,0,synthetic
2026-02-18,SKU018,LOC03,38,0,synthetic
2026-02-19,SKU018,LOC02,41,0,synthetic
2026-02-20,SKU018,LOC03,34,0,synthetic
2026-02-21,SKU018,LOC02,53,0,synthetic
2026-02-22,SKU018,LOC02,58,1,synthetic
2026-02-23,SKU018,LOC03,40,0,synthetic
2026-02-24,SKU018,LOC03,47,0,synthetic
2026-02-25,SKU018,LOC03,40,0,synthetic
2026-02-26,SKU018,LOC03,39,0,synthetic
2026-02-27,SKU018,LOC02,43,0,synthetic
2026-02-28,SKU018,LOC02,49,0,synthetic
2026-03-01,SKU018,LOC03,52,0,synthetic
2026-03-02,SKU018,LOC03,43,0,synthetic
2026-03-03,SKU018,LOC02,46,0,synthetic
2026-03-04,SKU018,LOC03,45,0,synthetic
2026-03-05,SKU018,LOC02,43,0,synthetic
2026-03-06,SKU018,LOC02,46,0,synthetic
2026-03-07,SKU018,LOC02,45,0,synthetic
2026-03-08,SKU018,LOC02,41,0,synthetic
2026-03-09,SKU018,LOC02,60,1,synthetic
2026-03-10,SKU018,LOC02,57,0,synthetic
2026-03-11,SKU018,LOC02,51,0,synthetic
2026-03-12,SKU018,LOC02,43,0,synthetic
2026-03-13,SKU018,LOC03,56,0,synthetic
2026-03-14,SKU018,LOC03,47,0,synthetic
2026-03-15,SKU018,LOC02,54,0,synthetic
2026-03-16,SKU018,LOC03,53,0,synthetic
2026-03-17,SKU018,LOC02,53,0,synthetic
2026-03-18,SKU018,LOC02,54,0,synthetic
2026-03-19,SKU018,LOC03,53,0,synthetic
2026-03-20,SKU018,LOC03,49,0,synthetic
2026-03-21,SKU018,LOC02,55,0,synthetic
2026-03-22,SKU018,LOC02,56,0,synthetic
2026-03-23,SKU018,LOC03,48,0,synthetic
2026-03-24,SKU018,LOC02,47,0,synthetic
2026-03-25,SKU018,LOC02,65,1,synthetic
2026-03-26,SKU018,LOC03,49,0,synthetic
2026-03-27,SKU018,LOC02,37,0,synthetic
2026-03-28,SKU018,LOC03,48,0,synthetic
2026-03-29,SKU018,LOC03,50,0,synthetic
2026-03-30,SKU018,LOC02,42,0,synthetic
2026-03-31,SKU018,LOC03,44,0,synthetic
2026-04-01,SKU018,LOC02,47,0,synthetic
2026-04-02,SKU018,LOC02,47,0,synthetic
2026-04-03,SKU018,LOC03,48,0,synthetic
2026-04-04,SKU018,LOC03,56,0,synthetic
2026-04-05,SKU018,LOC02,61,0,synthetic
2026-04-06,SKU018,LOC02,49,0,synthetic
2026-04-07,SKU018,LOC02,49,0,synthetic
2026-04-08,SKU018,LOC02,43,0,synthetic
2026-04-09,SKU018,LOC03,48,0,synthetic
2026-04-10,SKU018,LOC03,49,0,synthetic
2026-04-11,SKU018,LOC02,49,0,synthetic
2026-04-12,SKU018,LOC02,49,0,synthetic
2026-04-13,SKU018,LOC02,45,0,synthetic
2026-04-14,SKU018,LOC02,51,0,synthetic
2026-04-15,SKU018,LOC03,34,0,synthetic
2026-04-16,SKU018,LOC02,39,0,synthetic
2026-04-17,SKU018,LOC02,51,0,synthetic
2026-04-18,SKU018,LOC02,52,0,synthetic
2026-04-19,SKU018,LOC02,54,0,synthetic
2026-04-20,SKU018,LOC03,43,0,synthetic
2026-04-21,SKU018,LOC03,44,0,synthetic
2026-04-22,SKU018,LOC03,48,0,synthetic
2026-04-23,SKU018,LOC02,37,0,synthetic
2026-04-24,SKU018,LOC02,56,0,synthetic
2026-04-25,SKU018,LOC02,52,0,synthetic
2026-04-26,SKU018,LOC03,47,0,synthetic
2026-04-27,SKU018,LOC02,48,0,synthetic
2026-04-28,SKU018,LOC03,50,0,synthetic
2026-04-29,SKU018,LOC03,57,1,synthetic
2026-04-30,SKU018,LOC03,71,1,synthetic
2026-05-01,SKU018,LOC03,66,0,synthetic
2026-05-02,SKU018,LOC03,48,0,synthetic
2026-05-03,SKU018,LOC02,63,0,synthetic
2026-05-04,SKU018,LOC02,52,0,synthetic
2026-05-05,SKU018,LOC02,78,1,synthetic
2026-05-06,SKU018,LOC03,56,0,synthetic
2026-05-07,SKU018,LOC03,58,0,synthetic
2026-05-08,SKU018,LOC02,78,1,synthetic
2026-05-09,SKU018,LOC02,64,0,synthetic
2026-05-10,SKU018,LOC02,65,0,synthetic
2026-05-11,SKU018,LOC03,51,0,synthetic
2026-05-12,SKU018,LOC03,69,1,synthetic
2026-05-13,SKU018,LOC02,77,1,synthetic
2026-05-14,SKU018,LOC02,59,0,synthetic
2026-05-15,SKU018,LOC03,58,0,synthetic
2026-05-16,SKU018,LOC02,64,0,synthetic
2026-05-17,SKU018,LOC02,68,0,synthetic
2026-05-18,SKU018,LOC03,46,0,synthetic
2026-05-19,SKU018,LOC02,47,0,synthetic
2026-05-20,SKU018,LOC02,59,0,synthetic
2026-05-21,SKU018,LOC02,50,0,synthetic
2026-05-22,SKU018,LOC03,49,0,synthetic
2026-05-23,SKU018,LOC02,60,0,synthetic
2026-05-24,SKU018,LOC02,72,1,synthetic
2026-05-25,SKU018,LOC02,60,0,synthetic
2026-05-26,SKU018,LOC03,57,0,synthetic
2026-05-27,SKU018,LOC03,58,0,synthetic
2026-05-28,SKU018,LOC03,59,0,synthetic
2026-05-29,SKU018,LOC02,54,0,synthetic
2026-05-30,SKU018,LOC03,69,0,synthetic
2026-05-31,SKU018,LOC02,65,0,synthetic
2026-06-01,SKU018,LOC03,58,0,synthetic
2026-06-02,SKU018,LOC03,49,0,synthetic
2026-06-03,SKU018,LOC02,59,0,synthetic
2026-06-04,SKU018,LOC03,54,0,synthetic
2026-06-05,SKU018,LOC02,49,0,synthetic
2026-06-06,SKU018,LOC03,55,0,synthetic
2026-06-07,SKU018,LOC02,48,0,synthetic
2026-06-08,SKU018,LOC02,47,0,synthetic
2026-06-09,SKU018,LOC03,55,0,synthetic
2026-06-10,SKU018,LOC02,64,0,synthetic
2026-06-11,SKU018,LOC03,74,1,synthetic
2026-06-12,SKU018,LOC02,44,0,synthetic
2026-06-13,SKU018,LOC02,61,0,synthetic
2026-06-14,SKU018,LOC03,69,0,synthetic
2026-06-15,SKU018,LOC03,49,0,synthetic
2026-06-16,SKU018,LOC02,58,0,synthetic
2026-06-17,SKU018,LOC02,58,0,synthetic
2026-06-18,SKU018,LOC02,60,0,synthetic
2026-06-19,SKU018,LOC03,49,0,synthetic
2026-06-20,SKU018,LOC02,63,0,synthetic
2026-06-21,SKU018,LOC03,89,1,synthetic
2026-06-22,SKU018,LOC03,55,0,synthetic
2026-06-23,SKU018,LOC02,65,0,synthetic
2026-06-24,SKU018,LOC02,68,0,synthetic
2026-06-25,SKU018,LOC03,39,0,synthetic
2026-06-26,SKU018,LOC03,66,0,synthetic
2026-06-27,SKU018,LOC02,68,0,synthetic
2026-06-28,SKU018,LOC03,57,0,synthetic
2026-06-29,SKU018,LOC03,53,0,synthetic
2026-06-30,SKU018,LOC02,55,0,synthetic
2026-07-01,SKU018,LOC03,58,0,synthetic
2026-07-02,SKU018,LOC02,79,1,synthetic
2026-07-03,SKU018,LOC02,52,0,synthetic
2026-07-04,SKU018,LOC03,62,0,synthetic
2026-07-05,SKU018,LOC03,62,0,synthetic
2026-07-06,SKU018,LOC02,64,0,synthetic
2026-07-07,SKU018,LOC02,49,0,synthetic
2026-07-08,SKU018,LOC03,45,0,synthetic
2026-07-09,SKU018,LOC03,58,0,synthetic
2026-07-10,SKU018,LOC02,62,0,synthetic
2026-07-11,SKU018,LOC03,71,0,synthetic
2026-07-12,SKU018,LOC02,57,0,synthetic
2026-07-13,SKU018,LOC02,78,1,synthetic
2026-07-14,SKU018,LOC03,67,1,synthetic
2026-07-15,SKU018,LOC02,52,0,synthetic
2026-07-16,SKU018,LOC02,53,0,synthetic
2026-07-17,SKU018,LOC03,60,0,synthetic
2026-07-18,SKU018,LOC03,57,0,synthetic
2026-07-19,SKU018,LOC02,44,0,synthetic
2026-07-20,SKU018,LOC02,73,1,synthetic
2026-07-21,SKU018,LOC02,62,0,synthetic
2026-07-22,SKU018,LOC02,51,0,synthetic
2026-07-23,SKU018,LOC03,53,0,synthetic
2026-07-24,SKU018,LOC02,52,0,synthetic
2026-07-25,SKU018,LOC02,61,0,synthetic
2026-07-26,SKU018,LOC03,63,0,synthetic
2026-07-27,SKU018,LOC03,56,0,synthetic
2026-07-28,SKU018,LOC03,45,0,synthetic
2026-07-29,SKU018,LOC02,63,0,synthetic
2026-07-30,SKU018,LOC02,43,0,synthetic
2026-07-31,SKU018,LOC02,49,0,synthetic
2026-08-01,SKU018,LOC03,50,0,synthetic
2026-08-02,SKU018,LOC03,51,0,synthetic
2026-08-03,SKU018,LOC03,50,0,synthetic
2026-08-04,SKU018,LOC02,46,0,synthetic
2026-08-05,SKU018,LOC02,56,0,synthetic
2025-08-06,SKU019,LOC03,39,0,synthetic
2025-08-07,SKU019,LOC03,45,1,synthetic
2025-08-08,SKU019,LOC03,41,0,synthetic
2025-08-09,SKU019,LOC02,38,0,synthetic
2025-08-10,SKU019,LOC02,40,0,synthetic
2025-08-11,SKU019,LOC03,34,0,synthetic
2025-08-12,SKU019,LOC02,38,0,synthetic
2025-08-13,SKU019,LOC02,39,0,synthetic
2025-08-14,SKU019,LOC03,38,0,synthetic
2025-08-15,SKU019,LOC03,38,0,synthetic
2025-08-16,SKU019,LOC02,37,0,synthetic
2025-08-17,SKU019,LOC03,45,1,synthetic
2025-08-18,SKU019,LOC03,37,0,synthetic
2025-08-19,SKU019,LOC02,31,0,synthetic
2025-08-20,SKU019,LOC02,40,0,synthetic
2025-08-21,SKU019,LOC02,35,0,synthetic
2025-08-22,SKU019,LOC03,34,0,synthetic
2025-08-23,SKU019,LOC03,37,0,synthetic
2025-08-24,SKU019,LOC03,38,0,synthetic
2025-08-25,SKU019,LOC03,34,0,synthetic
2025-08-26,SKU019,LOC03,31,0,synthetic
2025-08-27,SKU019,LOC03,29,0,synthetic
2025-08-28,SKU019,LOC03,35,0,synthetic
2025-08-29,SKU019,LOC03,36,0,synthetic
2025-08-30,SKU019,LOC03,41,0,synthetic
2025-08-31,SKU019,LOC03,44,0,synthetic
2025-09-01,SKU019,LOC03,32,0,synthetic
2025-09-02,SKU019,LOC03,27,0,synthetic
2025-09-03,SKU019,LOC03,37,0,synthetic
2025-09-04,SKU019,LOC02,36,0,synthetic
2025-09-05,SKU019,LOC03,34,0,synthetic
2025-09-06,SKU019,LOC03,39,0,synthetic
2025-09-07,SKU019,LOC02,35,0,synthetic
2025-09-08,SKU019,LOC02,41,0,synthetic
2025-09-09,SKU019,LOC03,52,1,synthetic
2025-09-10,SKU019,LOC02,37,0,synthetic
2025-09-11,SKU019,LOC03,34,0,synthetic
2025-09-12,SKU019,LOC02,35,0,synthetic
2025-09-13,SKU019,LOC03,44,0,synthetic
2025-09-14,SKU019,LOC03,39,0,synthetic
2025-09-15,SKU019,LOC02,45,1,synthetic
2025-09-16,SKU019,LOC02,30,0,synthetic
2025-09-17,SKU019,LOC03,30,0,synthetic
2025-09-18,SKU019,LOC02,41,0,synthetic
2025-09-19,SKU019,LOC03,27,0,synthetic
2025-09-20,SKU019,LOC03,32,0,synthetic
2025-09-21,SKU019,LOC02,40,0,synthetic
2025-09-22,SKU019,LOC02,34,0,synthetic
2025-09-23,SKU019,LOC02,33,0,synthetic
2025-09-24,SKU019,LOC02,34,0,synthetic
2025-09-25,SKU019,LOC03,35,0,synthetic
2025-09-26,SKU019,LOC02,37,0,synthetic
2025-09-27,SKU019,LOC03,46,0,synthetic
2025-09-28,SKU019,LOC03,42,0,synthetic
2025-09-29,SKU019,LOC02,36,0,synthetic
2025-09-30,SKU019,LOC03,36,0,synthetic
2025-10-01,SKU019,LOC03,37,0,synthetic
2025-10-02,SKU019,LOC02,34,0,synthetic
2025-10-03,SKU019,LOC03,27,0,synthetic
2025-10-04,SKU019,LOC02,57,1,synthetic
2025-10-05,SKU019,LOC02,40,0,synthetic
2025-10-06,SKU019,LOC03,37,0,synthetic
2025-10-07,SKU019,LOC02,36,0,synthetic
2025-10-08,SKU019,LOC03,34,0,synthetic
2025-10-09,SKU019,LOC03,32,0,synthetic
2025-10-10,SKU019,LOC02,32,0,synthetic
2025-10-11,SKU019,LOC02,36,0,synthetic
2025-10-12,SKU019,LOC02,34,0,synthetic
2025-10-13,SKU019,LOC02,41,0,synthetic
2025-10-14,SKU019,LOC03,34,0,synthetic
2025-10-15,SKU019,LOC02,33,0,synthetic
2025-10-16,SKU019,LOC03,35,0,synthetic
2025-10-17,SKU019,LOC02,46,1,synthetic
2025-10-18,SKU019,LOC02,45,1,synthetic
2025-10-19,SKU019,LOC03,36,0,synthetic
2025-10-20,SKU019,LOC03,37,0,synthetic
2025-10-21,SKU019,LOC03,34,0,synthetic
2025-10-22,SKU019,LOC02,34,0,synthetic
2025-10-23,SKU019,LOC02,53,1,synthetic
2025-10-24,SKU019,LOC02,37,0,synthetic
2025-10-25,SKU019,LOC03,45,0,synthetic
2025-10-26,SKU019,LOC03,42,0,synthetic
2025-10-27,SKU019,LOC03,37,0,synthetic
2025-10-28,SKU019,LOC03,28,0,synthetic
2025-10-29,SKU019,LOC03,33,0,synthetic
2025-10-30,SKU019,LOC03,41,0,synthetic
2025-10-31,SKU019,LOC03,31,0,synthetic
2025-11-01,SKU019,LOC03,40,0,synthetic
2025-11-02,SKU019,LOC03,32,0,synthetic
2025-11-03,SKU019,LOC03,31,0,synthetic
2025-11-04,SKU019,LOC02,33,0,synthetic
2025-11-05,SKU019,LOC03,37,0,synthetic
2025-11-06,SKU019,LOC03,37,0,synthetic
2025-11-07,SKU019,LOC03,38,0,synthetic
2025-11-08,SKU019,LOC03,34,0,synthetic
2025-11-09,SKU019,LOC03,42,0,synthetic
2025-11-10,SKU019,LOC02,35,0,synthetic
2025-11-11,SKU019,LOC03,45,1,synthetic
2025-11-12,SKU019,LOC03,52,1,synthetic
2025-11-13,SKU019,LOC03,38,0,synthetic
2025-11-14,SKU019,LOC03,38,0,synthetic
2025-11-15,SKU019,LOC02,46,0,synthetic
2025-11-16,SKU019,LOC03,31,0,synthetic
2025-11-17,SKU019,LOC03,27,0,synthetic
2025-11-18,SKU019,LOC02,30,0,synthetic
2025-11-19,SKU019,LOC02,34,0,synthetic
2025-11-20,SKU019,LOC02,38,0,synthetic
2025-11-21,SKU019,LOC02,31,0,synthetic
2025-11-22,SKU019,LOC02,38,0,synthetic
2025-11-23,SKU019,LOC03,43,0,synthetic
2025-11-24,SKU019,LOC02,24,0,synthetic
2025-11-25,SKU019,LOC03,30,0,synthetic
2025-11-26,SKU019,LOC02,24,0,synthetic
2025-11-27,SKU019,LOC03,31,0,synthetic
2025-11-28,SKU019,LOC03,29,0,synthetic
2025-11-29,SKU019,LOC03,33,0,synthetic
2025-11-30,SKU019,LOC02,39,0,synthetic
2025-12-01,SKU019,LOC02,27,0,synthetic
2025-12-02,SKU019,LOC03,34,0,synthetic
2025-12-03,SKU019,LOC02,28,0,synthetic
2025-12-04,SKU019,LOC03,35,0,synthetic
2025-12-05,SKU019,LOC03,40,0,synthetic
2025-12-06,SKU019,LOC03,43,0,synthetic
2025-12-07,SKU019,LOC02,51,1,synthetic
2025-12-08,SKU019,LOC03,33,0,synthetic
2025-12-09,SKU019,LOC02,47,1,synthetic
2025-12-10,SKU019,LOC02,34,0,synthetic
2025-12-11,SKU019,LOC02,34,0,synthetic
2025-12-12,SKU019,LOC03,36,0,synthetic
2025-12-13,SKU019,LOC03,33,0,synthetic
2025-12-14,SKU019,LOC03,43,0,synthetic
2025-12-15,SKU019,LOC03,41,0,synthetic
2025-12-16,SKU019,LOC02,24,0,synthetic
2025-12-17,SKU019,LOC03,29,0,synthetic
2025-12-18,SKU019,LOC02,36,0,synthetic
2025-12-19,SKU019,LOC03,36,0,synthetic
2025-12-20,SKU019,LOC03,36,0,synthetic
2025-12-21,SKU019,LOC02,28,0,synthetic
2025-12-22,SKU019,LOC03,33,0,synthetic
2025-12-23,SKU019,LOC03,33,0,synthetic
2025-12-24,SKU019,LOC03,38,0,synthetic
2025-12-25,SKU019,LOC02,35,0,synthetic
2025-12-26,SKU019,LOC02,32,0,synthetic
2025-12-27,SKU019,LOC03,33,0,synthetic
2025-12-28,SKU019,LOC03,33,0,synthetic
2025-12-29,SKU019,LOC03,33,0,synthetic
2025-12-30,SKU019,LOC02,31,0,synthetic
2025-12-31,SKU019,LOC03,32,0,synthetic
2026-01-01,SKU019,LOC02,32,0,synthetic
2026-01-02,SKU019,LOC02,24,0,synthetic
2026-01-03,SKU019,LOC03,34,0,synthetic
2026-01-04,SKU019,LOC03,32,0,synthetic
2026-01-05,SKU019,LOC03,41,0,synthetic
2026-01-06,SKU019,LOC02,28,0,synthetic
2026-01-07,SKU019,LOC02,36,0,synthetic
2026-01-08,SKU019,LOC03,37,0,synthetic
2026-01-09,SKU019,LOC02,37,0,synthetic
2026-01-10,SKU019,LOC03,37,0,synthetic
2026-01-11,SKU019,LOC02,38,0,synthetic
2026-01-12,SKU019,LOC02,42,1,synthetic
2026-01-13,SKU019,LOC03,28,0,synthetic
2026-01-14,SKU019,LOC02,41,1,synthetic
2026-01-15,SKU019,LOC03,22,0,synthetic
2026-01-16,SKU019,LOC02,38,0,synthetic
2026-01-17,SKU019,LOC02,39,0,synthetic
2026-01-18,SKU019,LOC02,40,0,synthetic
2026-01-19,SKU019,LOC03,22,0,synthetic
2026-01-20,SKU019,LOC03,30,0,synthetic
2026-01-21,SKU019,LOC02,38,1,synthetic
2026-01-22,SKU019,LOC02,33,0,synthetic
2026-01-23,SKU019,LOC03,34,0,synthetic
2026-01-24,SKU019,LOC03,38,0,synthetic
2026-01-25,SKU019,LOC03,28,0,synthetic
2026-01-26,SKU019,LOC02,33,0,synthetic
2026-01-27,SKU019,LOC02,30,0,synthetic
2026-01-28,SKU019,LOC03,30,0,synthetic
2026-01-29,SKU019,LOC02,24,0,synthetic
2026-01-30,SKU019,LOC03,41,0,synthetic
2026-01-31,SKU019,LOC02,31,0,synthetic
2026-02-01,SKU019,LOC03,36,0,synthetic
2026-02-02,SKU019,LOC03,26,0,synthetic
2026-02-03,SKU019,LOC02,29,0,synthetic
2026-02-04,SKU019,LOC03,38,0,synthetic
2026-02-05,SKU019,LOC03,30,0,synthetic
2026-02-06,SKU019,LOC03,31,0,synthetic
2026-02-07,SKU019,LOC03,31,0,synthetic
2026-02-08,SKU019,LOC02,36,0,synthetic
2026-02-09,SKU019,LOC02,33,0,synthetic
2026-02-10,SKU019,LOC03,25,0,synthetic
2026-02-11,SKU019,LOC03,25,0,synthetic
2026-02-12,SKU019,LOC02,28,0,synthetic
2026-02-13,SKU019,LOC03,29,0,synthetic
2026-02-14,SKU019,LOC03,37,0,synthetic
2026-02-15,SKU019,LOC02,25,0,synthetic
2026-02-16,SKU019,LOC02,33,0,synthetic
2026-02-17,SKU019,LOC03,31,0,synthetic
2026-02-18,SKU019,LOC02,31,0,synthetic
2026-02-19,SKU019,LOC03,38,1,synthetic
2026-02-20,SKU019,LOC03,43,0,synthetic
2026-02-21,SKU019,LOC02,40,0,synthetic
2026-02-22,SKU019,LOC02,39,0,synthetic
2026-02-23,SKU019,LOC02,28,0,synthetic
2026-02-24,SKU019,LOC03,28,0,synthetic
2026-02-25,SKU019,LOC03,24,0,synthetic
2026-02-26,SKU019,LOC02,35,0,synthetic
2026-02-27,SKU019,LOC03,26,0,synthetic
2026-02-28,SKU019,LOC03,39,0,synthetic
2026-03-01,SKU019,LOC02,31,0,synthetic
2026-03-02,SKU019,LOC02,37,0,synthetic
2026-03-03,SKU019,LOC03,32,0,synthetic
2026-03-04,SKU019,LOC02,28,0,synthetic
2026-03-05,SKU019,LOC03,36,0,synthetic
2026-03-06,SKU019,LOC02,32,0,synthetic
2026-03-07,SKU019,LOC03,43,0,synthetic
2026-03-08,SKU019,LOC02,41,0,synthetic
2026-03-09,SKU019,LOC03,40,0,synthetic
2026-03-10,SKU019,LOC02,28,0,synthetic
2026-03-11,SKU019,LOC03,32,0,synthetic
2026-03-12,SKU019,LOC03,29,0,synthetic
2026-03-13,SKU019,LOC03,32,0,synthetic
2026-03-14,SKU019,LOC03,46,0,synthetic
2026-03-15,SKU019,LOC03,34,0,synthetic
2026-03-16,SKU019,LOC02,40,0,synthetic
2026-03-17,SKU019,LOC02,33,0,synthetic
2026-03-18,SKU019,LOC03,34,0,synthetic
2026-03-19,SKU019,LOC02,30,0,synthetic
2026-03-20,SKU019,LOC03,35,0,synthetic
2026-03-21,SKU019,LOC03,46,0,synthetic
2026-03-22,SKU019,LOC02,35,0,synthetic
2026-03-23,SKU019,LOC02,33,0,synthetic
2026-03-24,SKU019,LOC02,34,0,synthetic
2026-03-25,SKU019,LOC02,34,0,synthetic
2026-03-26,SKU019,LOC02,34,0,synthetic
2026-03-27,SKU019,LOC02,32,0,synthetic
2026-03-28,SKU019,LOC03,40,0,synthetic
2026-03-29,SKU019,LOC02,33,0,synthetic
2026-03-30,SKU019,LOC02,40,0,synthetic
2026-03-31,SKU019,LOC02,36,0,synthetic
2026-04-01,SKU019,LOC03,39,0,synthetic
2026-04-02,SKU019,LOC02,38,0,synthetic
2026-04-03,SKU019,LOC03,30,0,synthetic
2026-04-04,SKU019,LOC02,43,0,synthetic
2026-04-05,SKU019,LOC03,44,0,synthetic
2026-04-06,SKU019,LOC03,38,0,synthetic
2026-04-07,SKU019,LOC03,29,0,synthetic
2026-04-08,SKU019,LOC03,33,0,synthetic
2026-04-09,SKU019,LOC03,39,0,synthetic
2026-04-10,SKU019,LOC02,35,0,synthetic
2026-04-11,SKU019,LOC02,39,0,synthetic
2026-04-12,SKU019,LOC03,39,0,synthetic
2026-04-13,SKU019,LOC02,38,0,synthetic
2026-04-14,SKU019,LOC03,29,0,synthetic
2026-04-15,SKU019,LOC02,28,0,synthetic
2026-04-16,SKU019,LOC02,33,0,synthetic
2026-04-17,SKU019,LOC03,32,0,synthetic
2026-04-18,SKU019,LOC02,36,0,synthetic
2026-04-19,SKU019,LOC02,41,0,synthetic
2026-04-20,SKU019,LOC02,54,1,synthetic
2026-04-21,SKU019,LOC02,36,0,synthetic
2026-04-22,SKU019,LOC03,33,0,synthetic
2026-04-23,SKU019,LOC03,30,0,synthetic
2026-04-24,SKU019,LOC02,36,0,synthetic
2026-04-25,SKU019,LOC03,51,1,synthetic
2026-04-26,SKU019,LOC02,36,0,synthetic
2026-04-27,SKU019,LOC03,29,0,synthetic
2026-04-28,SKU019,LOC02,40,0,synthetic
2026-04-29,SKU019,LOC03,34,0,synthetic
2026-04-30,SKU019,LOC02,37,0,synthetic
2026-05-01,SKU019,LOC02,39,0,synthetic
2026-05-02,SKU019,LOC03,48,0,synthetic
2026-05-03,SKU019,LOC03,46,0,synthetic
2026-05-04,SKU019,LOC02,38,0,synthetic
2026-05-05,SKU019,LOC03,43,0,synthetic
2026-05-06,SKU019,LOC03,36,0,synthetic
2026-05-07,SKU019,LOC03,31,0,synthetic
2026-05-08,SKU019,LOC02,43,0,synthetic
2026-05-09,SKU019,LOC02,44,0,synthetic
2026-05-10,SKU019,LOC02,51,0,synthetic
2026-05-11,SKU019,LOC02,33,0,synthetic
2026-05-12,SKU019,LOC03,40,0,synthetic
2026-05-13,SKU019,LOC02,41,0,synthetic
2026-05-14,SKU019,LOC02,47,0,synthetic
2026-05-15,SKU019,LOC03,39,0,synthetic
2026-05-16,SKU019,LOC02,44,0,synthetic
2026-05-17,SKU019,LOC03,53,0,synthetic
2026-05-18,SKU019,LOC02,41,0,synthetic
2026-05-19,SKU019,LOC02,40,0,synthetic
2026-05-20,SKU019,LOC02,35,0,synthetic
2026-05-21,SKU019,LOC02,42,0,synthetic
2026-05-22,SKU019,LOC02,50,0,synthetic
2026-05-23,SKU019,LOC03,51,0,synthetic
2026-05-24,SKU019,LOC03,42,0,synthetic
2026-05-25,SKU019,LOC02,50,0,synthetic
2026-05-26,SKU019,LOC03,34,0,synthetic
2026-05-27,SKU019,LOC03,39,0,synthetic
2026-05-28,SKU019,LOC02,45,0,synthetic
2026-05-29,SKU019,LOC02,35,0,synthetic
2026-05-30,SKU019,LOC03,52,0,synthetic
2026-05-31,SKU019,LOC02,47,0,synthetic
2026-06-01,SKU019,LOC03,37,0,synthetic
2026-06-02,SKU019,LOC03,45,0,synthetic
2026-06-03,SKU019,LOC03,39,0,synthetic
2026-06-04,SKU019,LOC03,40,0,synthetic
2026-06-05,SKU019,LOC03,40,0,synthetic
2026-06-06,SKU019,LOC02,40,0,synthetic
2026-06-07,SKU019,LOC03,51,0,synthetic
2026-06-08,SKU019,LOC02,44,0,synthetic
2026-06-09,SKU019,LOC02,41,0,synthetic
2026-06-10,SKU019,LOC03,36,0,synthetic
2026-06-11,SKU019,LOC02,35,0,synthetic
2026-06-12,SKU019,LOC02,38,0,synthetic
2026-06-13,SKU019,LOC02,40,0,synthetic
2026-06-14,SKU019,LOC03,47,0,synthetic
2026-06-15,SKU019,LOC03,35,0,synthetic
2026-06-16,SKU019,LOC02,43,0,synthetic
2026-06-17,SKU019,LOC02,41,0,synthetic
2026-06-18,SKU019,LOC02,42,0,synthetic
2026-06-19,SKU019,LOC03,58,1,synthetic
2026-06-20,SKU019,LOC03,44,0,synthetic
2026-06-21,SKU019,LOC03,50,0,synthetic
2026-06-22,SKU019,LOC03,43,0,synthetic
2026-06-23,SKU019,LOC02,38,0,synthetic
2026-06-24,SKU019,LOC02,42,0,synthetic
2026-06-25,SKU019,LOC02,38,0,synthetic
2026-06-26,SKU019,LOC02,37,0,synthetic
2026-06-27,SKU019,LOC02,47,0,synthetic
2026-06-28,SKU019,LOC03,43,0,synthetic
2026-06-29,SKU019,LOC02,41,0,synthetic
2026-06-30,SKU019,LOC03,49,1,synthetic
2026-07-01,SKU019,LOC02,41,0,synthetic
2026-07-02,SKU019,LOC02,44,0,synthetic
2026-07-03,SKU019,LOC03,39,0,synthetic
2026-07-04,SKU019,LOC02,47,0,synthetic
2026-07-05,SKU019,LOC02,39,0,synthetic
2026-07-06,SKU019,LOC02,40,0,synthetic
2026-07-07,SKU019,LOC02,39,0,synthetic
2026-07-08,SKU019,LOC02,38,0,synthetic
2026-07-09,SKU019,LOC02,45,0,synthetic
2026-07-10,SKU019,LOC02,45,0,synthetic
2026-07-11,SKU019,LOC02,49,0,synthetic
2026-07-12,SKU019,LOC03,55,1,synthetic
2026-07-13,SKU019,LOC03,37,0,synthetic
2026-07-14,SKU019,LOC02,33,0,synthetic
2026-07-15,SKU019,LOC03,41,0,synthetic
2026-07-16,SKU019,LOC03,36,0,synthetic
2026-07-17,SKU019,LOC02,40,0,synthetic
2026-07-18,SKU019,LOC03,45,0,synthetic
2026-07-19,SKU019,LOC02,50,0,synthetic
2026-07-20,SKU019,LOC03,42,0,synthetic
2026-07-21,SKU019,LOC03,54,0,synthetic
2026-07-22,SKU019,LOC03,40,0,synthetic
2026-07-23,SKU019,LOC02,59,1,synthetic
2026-07-24,SKU019,LOC03,39,0,synthetic
2026-07-25,SKU019,LOC02,48,0,synthetic
2026-07-26,SKU019,LOC03,52,0,synthetic
2026-07-27,SKU019,LOC03,43,0,synthetic
2026-07-28,SKU019,LOC02,40,0,synthetic
2026-07-29,SKU019,LOC03,43,0,synthetic
2026-07-30,SKU019,LOC03,44,0,synthetic
2026-07-31,SKU019,LOC02,35,0,synthetic
2026-08-01,SKU019,LOC02,40,0,synthetic
2026-08-02,SKU019,LOC02,42,0,synthetic
2026-08-03,SKU019,LOC02,37,0,synthetic
2026-08-04,SKU019,LOC02,28,0,synthetic
2026-08-05,SKU019,LOC02,32,0,synthetic
2025-08-06,SKU020,LOC03,27,0,synthetic
2025-08-07,SKU020,LOC03,29,0,synthetic
2025-08-08,SKU020,LOC03,29,0,synthetic
2025-08-09,SKU020,LOC02,33,0,synthetic
2025-08-10,SKU020,LOC03,31,0,synthetic
2025-08-11,SKU020,LOC02,21,0,synthetic
2025-08-12,SKU020,LOC02,27,0,synthetic
2025-08-13,SKU020,LOC02,27,0,synthetic
2025-08-14,SKU020,LOC03,24,0,synthetic
2025-08-15,SKU020,LOC02,25,0,synthetic
2025-08-16,SKU020,LOC03,45,1,synthetic
2025-08-17,SKU020,LOC02,33,0,synthetic
2025-08-18,SKU020,LOC03,34,0,synthetic
2025-08-19,SKU020,LOC02,22,0,synthetic
2025-08-20,SKU020,LOC03,31,0,synthetic
2025-08-21,SKU020,LOC03,29,0,synthetic
2025-08-22,SKU020,LOC03,26,0,synthetic
2025-08-23,SKU020,LOC03,30,0,synthetic
2025-08-24,SKU020,LOC03,34,0,synthetic
2025-08-25,SKU020,LOC03,31,0,synthetic
2025-08-26,SKU020,LOC02,24,0,synthetic
2025-08-27,SKU020,LOC02,30,0,synthetic
2025-08-28,SKU020,LOC03,36,0,synthetic
2025-08-29,SKU020,LOC02,33,0,synthetic
2025-08-30,SKU020,LOC03,27,0,synthetic
2025-08-31,SKU020,LOC02,37,0,synthetic
2025-09-01,SKU020,LOC03,30,0,synthetic
2025-09-02,SKU020,LOC02,36,0,synthetic
2025-09-03,SKU020,LOC02,35,0,synthetic
2025-09-04,SKU020,LOC02,27,0,synthetic
2025-09-05,SKU020,LOC02,29,0,synthetic
2025-09-06,SKU020,LOC03,36,0,synthetic
2025-09-07,SKU020,LOC02,36,1,synthetic
2025-09-08,SKU020,LOC02,26,0,synthetic
2025-09-09,SKU020,LOC03,29,0,synthetic
2025-09-10,SKU020,LOC03,34,0,synthetic
2025-09-11,SKU020,LOC03,28,0,synthetic
2025-09-12,SKU020,LOC02,27,0,synthetic
2025-09-13,SKU020,LOC03,31,0,synthetic
2025-09-14,SKU020,LOC03,33,0,synthetic
2025-09-15,SKU020,LOC02,32,0,synthetic
2025-09-16,SKU020,LOC02,31,0,synthetic
2025-09-17,SKU020,LOC02,35,0,synthetic
2025-09-18,SKU020,LOC02,31,0,synthetic
2025-09-19,SKU020,LOC02,33,0,synthetic
2025-09-20,SKU020,LOC03,36,0,synthetic
2025-09-21,SKU020,LOC03,38,0,synthetic
2025-09-22,SKU020,LOC03,39,1,synthetic
2025-09-23,SKU020,LOC03,29,0,synthetic
2025-09-24,SKU020,LOC02,27,0,synthetic
2025-09-25,SKU020,LOC02,24,0,synthetic
2025-09-26,SKU020,LOC02,31,0,synthetic
2025-09-27,SKU020,LOC02,29,0,synthetic
2025-09-28,SKU020,LOC03,31,0,synthetic
2025-09-29,SKU020,LOC03,26,0,synthetic
2025-09-30,SKU020,LOC03,23,0,synthetic
2025-10-01,SKU020,LOC02,24,0,synthetic
2025-10-02,SKU020,LOC03,31,0,synthetic
2025-10-03,SKU020,LOC03,32,0,synthetic
2025-10-04,SKU020,LOC03,36,0,synthetic
2025-10-05,SKU020,LOC03,24,0,synthetic
2025-10-06,SKU020,LOC03,36,0,synthetic
2025-10-07,SKU020,LOC02,26,0,synthetic
2025-10-08,SKU020,LOC02,24,0,synthetic
2025-10-09,SKU020,LOC02,35,0,synthetic
2025-10-10,SKU020,LOC03,30,0,synthetic
2025-10-11,SKU020,LOC02,32,0,synthetic
2025-10-12,SKU020,LOC03,37,0,synthetic
2025-10-13,SKU020,LOC02,23,0,synthetic
2025-10-14,SKU020,LOC02,32,0,synthetic
2025-10-15,SKU020,LOC02,24,0,synthetic
2025-10-16,SKU020,LOC03,24,0,synthetic
2025-10-17,SKU020,LOC02,32,0,synthetic
2025-10-18,SKU020,LOC02,33,0,synthetic
2025-10-19,SKU020,LOC02,29,0,synthetic
2025-10-20,SKU020,LOC03,31,0,synthetic
2025-10-21,SKU020,LOC03,26,0,synthetic
2025-10-22,SKU020,LOC02,33,0,synthetic
2025-10-23,SKU020,LOC03,32,0,synthetic
2025-10-24,SKU020,LOC03,23,0,synthetic
2025-10-25,SKU020,LOC02,39,0,synthetic
2025-10-26,SKU020,LOC03,31,0,synthetic
2025-10-27,SKU020,LOC02,34,0,synthetic
2025-10-28,SKU020,LOC03,28,0,synthetic
2025-10-29,SKU020,LOC03,26,0,synthetic
2025-10-30,SKU020,LOC03,36,0,synthetic
2025-10-31,SKU020,LOC02,32,0,synthetic
2025-11-01,SKU020,LOC03,27,0,synthetic
2025-11-02,SKU020,LOC03,36,0,synthetic
2025-11-03,SKU020,LOC02,39,1,synthetic
2025-11-04,SKU020,LOC03,29,0,synthetic
2025-11-05,SKU020,LOC03,31,0,synthetic
2025-11-06,SKU020,LOC03,29,0,synthetic
2025-11-07,SKU020,LOC03,30,0,synthetic
2025-11-08,SKU020,LOC02,32,0,synthetic
2025-11-09,SKU020,LOC03,35,0,synthetic
2025-11-10,SKU020,LOC02,26,0,synthetic
2025-11-11,SKU020,LOC02,25,0,synthetic
2025-11-12,SKU020,LOC03,25,0,synthetic
2025-11-13,SKU020,LOC02,28,0,synthetic
2025-11-14,SKU020,LOC02,30,0,synthetic
2025-11-15,SKU020,LOC03,35,0,synthetic
2025-11-16,SKU020,LOC03,36,0,synthetic
2025-11-17,SKU020,LOC03,27,0,synthetic
2025-11-18,SKU020,LOC02,38,1,synthetic
2025-11-19,SKU020,LOC02,26,0,synthetic
2025-11-20,SKU020,LOC03,36,0,synthetic
2025-11-21,SKU020,LOC02,31,0,synthetic
2025-11-22,SKU020,LOC03,36,0,synthetic
2025-11-23,SKU020,LOC03,34,0,synthetic
2025-11-24,SKU020,LOC02,30,0,synthetic
2025-11-25,SKU020,LOC02,24,0,synthetic
2025-11-26,SKU020,LOC03,16,0,synthetic
2025-11-27,SKU020,LOC02,25,0,synthetic
2025-11-28,SKU020,LOC03,24,0,synthetic
2025-11-29,SKU020,LOC03,41,0,synthetic
2025-11-30,SKU020,LOC03,31,0,synthetic
2025-12-01,SKU020,LOC02,29,0,synthetic
2025-12-02,SKU020,LOC02,31,0,synthetic
2025-12-03,SKU020,LOC02,27,0,synthetic
2025-12-04,SKU020,LOC03,30,0,synthetic
2025-12-05,SKU020,LOC03,27,0,synthetic
2025-12-06,SKU020,LOC02,42,1,synthetic
2025-12-07,SKU020,LOC03,32,0,synthetic
2025-12-08,SKU020,LOC02,29,0,synthetic
2025-12-09,SKU020,LOC02,24,0,synthetic
2025-12-10,SKU020,LOC03,24,0,synthetic
2025-12-11,SKU020,LOC03,24,0,synthetic
2025-12-12,SKU020,LOC02,23,0,synthetic
2025-12-13,SKU020,LOC03,29,0,synthetic
2025-12-14,SKU020,LOC02,29,0,synthetic
2025-12-15,SKU020,LOC03,27,0,synthetic
2025-12-16,SKU020,LOC02,26,0,synthetic
2025-12-17,SKU020,LOC02,30,0,synthetic
2025-12-18,SKU020,LOC02,29,0,synthetic
2025-12-19,SKU020,LOC02,29,0,synthetic
2025-12-20,SKU020,LOC03,33,0,synthetic
2025-12-21,SKU020,LOC02,32,0,synthetic
2025-12-22,SKU020,LOC03,32,0,synthetic
2025-12-23,SKU020,LOC02,33,0,synthetic
2025-12-24,SKU020,LOC02,28,0,synthetic
2025-12-25,SKU020,LOC03,27,0,synthetic
2025-12-26,SKU020,LOC03,36,0,synthetic
2025-12-27,SKU020,LOC02,33,0,synthetic
2025-12-28,SKU020,LOC03,35,0,synthetic
2025-12-29,SKU020,LOC02,24,0,synthetic
2025-12-30,SKU020,LOC03,26,0,synthetic
2025-12-31,SKU020,LOC02,30,0,synthetic
2026-01-01,SKU020,LOC03,29,0,synthetic
2026-01-02,SKU020,LOC03,28,0,synthetic
2026-01-03,SKU020,LOC02,28,0,synthetic
2026-01-04,SKU020,LOC02,22,0,synthetic
2026-01-05,SKU020,LOC03,24,0,synthetic
2026-01-06,SKU020,LOC02,25,0,synthetic
2026-01-07,SKU020,LOC02,26,0,synthetic
2026-01-08,SKU020,LOC03,31,0,synthetic
2026-01-09,SKU020,LOC03,27,0,synthetic
2026-01-10,SKU020,LOC02,30,0,synthetic
2026-01-11,SKU020,LOC02,31,0,synthetic
2026-01-12,SKU020,LOC02,26,0,synthetic
2026-01-13,SKU020,LOC02,29,0,synthetic
2026-01-14,SKU020,LOC03,31,0,synthetic
2026-01-15,SKU020,LOC02,25,0,synthetic
2026-01-16,SKU020,LOC03,26,0,synthetic
2026-01-17,SKU020,LOC03,33,0,synthetic
2026-01-18,SKU020,LOC02,35,0,synthetic
2026-01-19,SKU020,LOC03,32,0,synthetic
2026-01-20,SKU020,LOC02,33,1,synthetic
2026-01-21,SKU020,LOC02,31,0,synthetic
2026-01-22,SKU020,LOC03,29,0,synthetic
2026-01-23,SKU020,LOC03,23,0,synthetic
2026-01-24,SKU020,LOC02,25,0,synthetic
2026-01-25,SKU020,LOC03,31,0,synthetic
2026-01-26,SKU020,LOC03,28,0,synthetic
2026-01-27,SKU020,LOC02,25,0,synthetic
2026-01-28,SKU020,LOC02,27,0,synthetic
2026-01-29,SKU020,LOC03,29,0,synthetic
2026-01-30,SKU020,LOC02,25,0,synthetic
2026-01-31,SKU020,LOC02,23,0,synthetic
2026-02-01,SKU020,LOC03,35,0,synthetic
2026-02-02,SKU020,LOC03,23,0,synthetic
2026-02-03,SKU020,LOC02,24,0,synthetic
2026-02-04,SKU020,LOC03,19,0,synthetic
2026-02-05,SKU020,LOC03,39,1,synthetic
2026-02-06,SKU020,LOC02,24,0,synthetic
2026-02-07,SKU020,LOC02,26,0,synthetic
2026-02-08,SKU020,LOC03,29,0,synthetic
2026-02-09,SKU020,LOC03,26,0,synthetic
2026-02-10,SKU020,LOC03,19,0,synthetic
2026-02-11,SKU020,LOC02,26,0,synthetic
2026-02-12,SKU020,LOC03,24,0,synthetic
2026-02-13,SKU020,LOC02,21,0,synthetic
2026-02-14,SKU020,LOC02,28,0,synthetic
2026-02-15,SKU020,LOC03,34,0,synthetic
2026-02-16,SKU020,LOC03,27,0,synthetic
2026-02-17,SKU020,LOC03,30,0,synthetic
2026-02-18,SKU020,LOC03,26,0,synthetic
2026-02-19,SKU020,LOC03,23,0,synthetic
2026-02-20,SKU020,LOC03,27,0,synthetic
2026-02-21,SKU020,LOC02,32,0,synthetic
2026-02-22,SKU020,LOC03,31,0,synthetic
2026-02-23,SKU020,LOC02,27,0,synthetic
2026-02-24,SKU020,LOC02,20,0,synthetic
2026-02-25,SKU020,LOC03,26,0,synthetic
2026-02-26,SKU020,LOC03,17,0,synthetic
2026-02-27,SKU020,LOC03,28,0,synthetic
2026-02-28,SKU020,LOC02,32,0,synthetic
2026-03-01,SKU020,LOC02,32,0,synthetic
2026-03-02,SKU020,LOC03,27,0,synthetic
2026-03-03,SKU020,LOC03,28,0,synthetic
2026-03-04,SKU020,LOC02,34,0,synthetic
2026-03-05,SKU020,LOC02,32,0,synthetic
2026-03-06,SKU020,LOC02,29,0,synthetic
2026-03-07,SKU020,LOC02,31,0,synthetic
2026-03-08,SKU020,LOC03,33,0,synthetic
2026-03-09,SKU020,LOC02,24,0,synthetic
2026-03-10,SKU020,LOC03,26,0,synthetic
2026-03-11,SKU020,LOC03,35,0,synthetic
2026-03-12,SKU020,LOC03,28,0,synthetic
2026-03-13,SKU020,LOC03,26,0,synthetic
2026-03-14,SKU020,LOC03,26,0,synthetic
2026-03-15,SKU020,LOC03,38,0,synthetic
2026-03-16,SKU020,LOC02,30,0,synthetic
2026-03-17,SKU020,LOC02,24,0,synthetic
2026-03-18,SKU020,LOC03,32,0,synthetic
2026-03-19,SKU020,LOC02,28,0,synthetic
2026-03-20,SKU020,LOC02,23,0,synthetic
2026-03-21,SKU020,LOC03,31,0,synthetic
2026-03-22,SKU020,LOC02,35,0,synthetic
2026-03-23,SKU020,LOC03,25,0,synthetic
2026-03-24,SKU020,LOC03,30,0,synthetic
2026-03-25,SKU020,LOC02,35,0,synthetic
2026-03-26,SKU020,LOC03,29,0,synthetic
2026-03-27,SKU020,LOC03,26,0,synthetic
2026-03-28,SKU020,LOC02,32,0,synthetic
2026-03-29,SKU020,LOC02,33,0,synthetic
2026-03-30,SKU020,LOC02,30,0,synthetic
2026-03-31,SKU020,LOC02,28,0,synthetic
2026-04-01,SKU020,LOC03,30,0,synthetic
2026-04-02,SKU020,LOC03,25,0,synthetic
2026-04-03,SKU020,LOC02,36,0,synthetic
2026-04-04,SKU020,LOC02,36,0,synthetic
2026-04-05,SKU020,LOC03,29,0,synthetic
2026-04-06,SKU020,LOC02,30,0,synthetic
2026-04-07,SKU020,LOC03,31,0,synthetic
2026-04-08,SKU020,LOC02,23,0,synthetic
2026-04-09,SKU020,LOC03,29,0,synthetic
2026-04-10,SKU020,LOC03,26,0,synthetic
2026-04-11,SKU020,LOC03,33,0,synthetic
2026-04-12,SKU020,LOC03,33,0,synthetic
2026-04-13,SKU020,LOC03,30,0,synthetic
2026-04-14,SKU020,LOC02,32,0,synthetic
2026-04-15,SKU020,LOC02,30,0,synthetic
2026-04-16,SKU020,LOC03,27,0,synthetic
2026-04-17,SKU020,LOC03,32,0,synthetic
2026-04-18,SKU020,LOC02,27,0,synthetic
2026-04-19,SKU020,LOC02,37,0,synthetic
2026-04-20,SKU020,LOC03,40,1,synthetic
2026-04-21,SKU020,LOC03,33,0,synthetic
2026-04-22,SKU020,LOC03,26,0,synthetic
2026-04-23,SKU020,LOC03,34,1,synthetic
2026-04-24,SKU020,LOC02,25,0,synthetic
2026-04-25,SKU020,LOC02,32,0,synthetic
2026-04-26,SKU020,LOC03,30,0,synthetic
2026-04-27,SKU020,LOC03,31,0,synthetic
2026-04-28,SKU020,LOC03,28,0,synthetic
2026-04-29,SKU020,LOC03,33,0,synthetic
2026-04-30,SKU020,LOC03,28,0,synthetic
2026-05-01,SKU020,LOC03,29,0,synthetic
2026-05-02,SKU020,LOC02,38,0,synthetic
2026-05-03,SKU020,LOC03,39,0,synthetic
2026-05-04,SKU020,LOC03,45,1,synthetic
2026-05-05,SKU020,LOC03,36,0,synthetic
2026-05-06,SKU020,LOC03,39,0,synthetic
2026-05-07,SKU020,LOC02,25,0,synthetic
2026-05-08,SKU020,LOC03,36,0,synthetic
2026-05-09,SKU020,LOC03,36,0,synthetic
2026-05-10,SKU020,LOC03,35,0,synthetic
2026-05-11,SKU020,LOC02,29,0,synthetic
2026-05-12,SKU020,LOC03,34,0,synthetic
2026-05-13,SKU020,LOC03,37,0,synthetic
2026-05-14,SKU020,LOC02,38,0,synthetic
2026-05-15,SKU020,LOC03,44,0,synthetic
2026-05-16,SKU020,LOC03,38,0,synthetic
2026-05-17,SKU020,LOC03,40,0,synthetic
2026-05-18,SKU020,LOC02,41,0,synthetic
2026-05-19,SKU020,LOC02,36,0,synthetic
2026-05-20,SKU020,LOC02,38,0,synthetic
2026-05-21,SKU020,LOC03,37,0,synthetic
2026-05-22,SKU020,LOC03,31,0,synthetic
2026-05-23,SKU020,LOC03,39,0,synthetic
2026-05-24,SKU020,LOC02,38,0,synthetic
2026-05-25,SKU020,LOC02,33,0,synthetic
2026-05-26,SKU020,LOC03,28,0,synthetic
2026-05-27,SKU020,LOC02,31,0,synthetic
2026-05-28,SKU020,LOC03,34,0,synthetic
2026-05-29,SKU020,LOC02,34,0,synthetic
2026-05-30,SKU020,LOC02,36,0,synthetic
2026-05-31,SKU020,LOC02,37,0,synthetic
2026-06-01,SKU020,LOC03,37,0,synthetic
2026-06-02,SKU020,LOC02,31,0,synthetic
2026-06-03,SKU020,LOC02,40,0,synthetic
2026-06-04,SKU020,LOC02,37,0,synthetic
2026-06-05,SKU020,LOC02,31,0,synthetic
2026-06-06,SKU020,LOC03,40,0,synthetic
2026-06-07,SKU020,LOC03,37,0,synthetic
2026-06-08,SKU020,LOC02,34,0,synthetic
2026-06-09,SKU020,LOC02,31,0,synthetic
2026-06-10,SKU020,LOC02,34,0,synthetic
2026-06-11,SKU020,LOC03,45,1,synthetic
2026-06-12,SKU020,LOC03,30,0,synthetic
2026-06-13,SKU020,LOC03,42,0,synthetic
2026-06-14,SKU020,LOC02,33,0,synthetic
2026-06-15,SKU020,LOC02,36,0,synthetic
2026-06-16,SKU020,LOC03,35,0,synthetic
2026-06-17,SKU020,LOC03,32,0,synthetic
2026-06-18,SKU020,LOC02,32,0,synthetic
2026-06-19,SKU020,LOC03,32,0,synthetic
2026-06-20,SKU020,LOC02,35,0,synthetic
2026-06-21,SKU020,LOC02,46,0,synthetic
2026-06-22,SKU020,LOC03,32,0,synthetic
2026-06-23,SKU020,LOC03,40,0,synthetic
2026-06-24,SKU020,LOC03,34,0,synthetic
2026-06-25,SKU020,LOC02,31,0,synthetic
2026-06-26,SKU020,LOC03,32,0,synthetic
2026-06-27,SKU020,LOC03,36,0,synthetic
2026-06-28,SKU020,LOC02,38,0,synthetic
2026-06-29,SKU020,LOC02,35,0,synthetic
2026-06-30,SKU020,LOC03,39,0,synthetic
2026-07-01,SKU020,LOC03,36,0,synthetic
2026-07-02,SKU020,LOC03,35,0,synthetic
2026-07-03,SKU020,LOC03,34,0,synthetic
2026-07-04,SKU020,LOC03,39,0,synthetic
2026-07-05,SKU020,LOC03,47,1,synthetic
2026-07-06,SKU020,LOC02,34,0,synthetic
2026-07-07,SKU020,LOC02,29,0,synthetic
2026-07-08,SKU020,LOC02,32,0,synthetic
2026-07-09,SKU020,LOC03,34,0,synthetic
2026-07-10,SKU020,LOC03,33,0,synthetic
2026-07-11,SKU020,LOC02,41,0,synthetic
2026-07-12,SKU020,LOC03,34,0,synthetic
2026-07-13,SKU020,LOC02,32,0,synthetic
2026-07-14,SKU020,LOC03,34,0,synthetic
2026-07-15,SKU020,LOC02,28,0,synthetic
2026-07-16,SKU020,LOC03,34,0,synthetic
2026-07-17,SKU020,LOC03,44,1,synthetic
2026-07-18,SKU020,LOC03,40,0,synthetic
2026-07-19,SKU020,LOC03,43,0,synthetic
2026-07-20,SKU020,LOC03,29,0,synthetic
2026-07-21,SKU020,LOC03,31,0,synthetic
2026-07-22,SKU020,LOC02,33,0,synthetic
2026-07-23,SKU020,LOC03,35,0,synthetic
2026-07-24,SKU020,LOC02,31,0,synthetic
2026-07-25,SKU020,LOC02,39,0,synthetic
2026-07-26,SKU020,LOC02,38,0,synthetic
2026-07-27,SKU020,LOC02,32,0,synthetic
2026-07-28,SKU020,LOC03,32,0,synthetic
2026-07-29,SKU020,LOC03,32,0,synthetic
2026-07-30,SKU020,LOC02,36,0,synthetic
2026-07-31,SKU020,LOC03,40,0,synthetic
2026-08-01,SKU020,LOC02,41,0,synthetic
2026-08-02,SKU020,LOC03,34,0,synthetic
2026-08-03,SKU020,LOC03,27,0,synthetic
2026-08-04,SKU020,LOC03,37,0,synthetic
2026-08-05,SKU020,LOC02,25,0,synthetic
2025-08-06,SKU021,LOC02,18,0,synthetic
2025-08-07,SKU021,LOC03,20,0,synthetic
2025-08-08,SKU021,LOC03,24,0,synthetic
2025-08-09,SKU021,LOC03,28,0,synthetic
2025-08-10,SKU021,LOC03,28,0,synthetic
2025-08-11,SKU021,LOC02,24,0,synthetic
2025-08-12,SKU021,LOC03,32,0,synthetic
2025-08-13,SKU021,LOC02,23,0,synthetic
2025-08-14,SKU021,LOC03,31,0,synthetic
2025-08-15,SKU021,LOC03,22,0,synthetic
2025-08-16,SKU021,LOC02,24,0,synthetic
2025-08-17,SKU021,LOC03,32,1,synthetic
2025-08-18,SKU021,LOC03,27,0,synthetic
2025-08-19,SKU021,LOC02,21,0,synthetic
2025-08-20,SKU021,LOC02,19,0,synthetic
2025-08-21,SKU021,LOC02,24,0,synthetic
2025-08-22,SKU021,LOC02,21,0,synthetic
2025-08-23,SKU021,LOC03,27,0,synthetic
2025-08-24,SKU021,LOC03,24,0,synthetic
2025-08-25,SKU021,LOC03,24,0,synthetic
2025-08-26,SKU021,LOC02,26,0,synthetic
2025-08-27,SKU021,LOC03,20,0,synthetic
2025-08-28,SKU021,LOC02,26,0,synthetic
2025-08-29,SKU021,LOC03,25,0,synthetic
2025-08-30,SKU021,LOC03,23,0,synthetic
2025-08-31,SKU021,LOC02,25,0,synthetic
2025-09-01,SKU021,LOC02,18,0,synthetic
2025-09-02,SKU021,LOC02,30,0,synthetic
2025-09-03,SKU021,LOC03,24,0,synthetic
2025-09-04,SKU021,LOC02,18,0,synthetic
2025-09-05,SKU021,LOC03,33,1,synthetic
2025-09-06,SKU021,LOC02,25,0,synthetic
2025-09-07,SKU021,LOC03,35,1,synthetic
2025-09-08,SKU021,LOC03,24,0,synthetic
2025-09-09,SKU021,LOC03,26,0,synthetic
2025-09-10,SKU021,LOC02,26,0,synthetic
2025-09-11,SKU021,LOC03,27,0,synthetic
2025-09-12,SKU021,LOC03,23,0,synthetic
2025-09-13,SKU021,LOC03,27,0,synthetic
2025-09-14,SKU021,LOC03,26,0,synthetic
2025-09-15,SKU021,LOC02,28,0,synthetic
2025-09-16,SKU021,LOC03,24,0,synthetic
2025-09-17,SKU021,LOC03,25,0,synthetic
2025-09-18,SKU021,LOC03,21,0,synthetic
2025-09-19,SKU021,LOC03,24,0,synthetic
2025-09-20,SKU021,LOC03,32,0,synthetic
2025-09-21,SKU021,LOC02,27,0,synthetic
2025-09-22,SKU021,LOC02,25,0,synthetic
2025-09-23,SKU021,LOC03,22,0,synthetic
2025-09-24,SKU021,LOC02,26,0,synthetic
2025-09-25,SKU021,LOC03,22,0,synthetic
2025-09-26,SKU021,LOC02,20,0,synthetic
2025-09-27,SKU021,LOC02,26,0,synthetic
2025-09-28,SKU021,LOC02,23,0,synthetic
2025-09-29,SKU021,LOC02,23,0,synthetic
2025-09-30,SKU021,LOC02,23,0,synthetic
2025-10-01,SKU021,LOC03,24,0,synthetic
2025-10-02,SKU021,LOC03,26,0,synthetic
2025-10-03,SKU021,LOC02,28,0,synthetic
2025-10-04,SKU021,LOC02,24,0,synthetic
2025-10-05,SKU021,LOC03,22,0,synthetic
2025-10-06,SKU021,LOC03,26,0,synthetic
2025-10-07,SKU021,LOC03,21,0,synthetic
2025-10-08,SKU021,LOC02,25,0,synthetic
2025-10-09,SKU021,LOC02,25,0,synthetic
2025-10-10,SKU021,LOC02,24,0,synthetic
2025-10-11,SKU021,LOC02,25,0,synthetic
2025-10-12,SKU021,LOC03,26,0,synthetic
2025-10-13,SKU021,LOC02,23,0,synthetic
2025-10-14,SKU021,LOC02,25,0,synthetic
2025-10-15,SKU021,LOC02,20,0,synthetic
2025-10-16,SKU021,LOC02,32,1,synthetic
2025-10-17,SKU021,LOC02,16,0,synthetic
2025-10-18,SKU021,LOC02,30,0,synthetic
2025-10-19,SKU021,LOC02,21,0,synthetic
2025-10-20,SKU021,LOC03,23,0,synthetic
2025-10-21,SKU021,LOC02,27,0,synthetic
2025-10-22,SKU021,LOC03,24,0,synthetic
2025-10-23,SKU021,LOC03,20,0,synthetic
2025-10-24,SKU021,LOC02,20,0,synthetic
2025-10-25,SKU021,LOC02,21,0,synthetic
2025-10-26,SKU021,LOC03,27,0,synthetic
2025-10-27,SKU021,LOC03,28,0,synthetic
2025-10-28,SKU021,LOC02,29,0,synthetic
2025-10-29,SKU021,LOC03,26,0,synthetic
2025-10-30,SKU021,LOC02,30,0,synthetic
2025-10-31,SKU021,LOC02,22,0,synthetic
2025-11-01,SKU021,LOC02,27,0,synthetic
2025-11-02,SKU021,LOC02,26,0,synthetic
2025-11-03,SKU021,LOC02,22,0,synthetic
2025-11-04,SKU021,LOC03,26,0,synthetic
2025-11-05,SKU021,LOC02,24,0,synthetic
2025-11-06,SKU021,LOC02,23,0,synthetic
2025-11-07,SKU021,LOC02,21,0,synthetic
2025-11-08,SKU021,LOC02,30,0,synthetic
2025-11-09,SKU021,LOC03,26,0,synthetic
2025-11-10,SKU021,LOC02,33,1,synthetic
2025-11-11,SKU021,LOC03,27,0,synthetic
2025-11-12,SKU021,LOC03,21,0,synthetic
2025-11-13,SKU021,LOC02,20,0,synthetic
2025-11-14,SKU021,LOC02,28,0,synthetic
2025-11-15,SKU021,LOC03,30,0,synthetic
2025-11-16,SKU021,LOC03,37,1,synthetic
2025-11-17,SKU021,LOC03,19,0,synthetic
2025-11-18,SKU021,LOC02,20,0,synthetic
2025-11-19,SKU021,LOC03,24,0,synthetic
2025-11-20,SKU021,LOC02,25,0,synthetic
2025-11-21,SKU021,LOC03,18,0,synthetic
2025-11-22,SKU021,LOC03,27,0,synthetic
2025-11-23,SKU021,LOC02,27,0,synthetic
2025-11-24,SKU021,LOC02,26,0,synthetic
2025-11-25,SKU021,LOC03,25,0,synthetic
2025-11-26,SKU021,LOC02,30,0,synthetic
2025-11-27,SKU021,LOC02,23,0,synthetic
2025-11-28,SKU021,LOC03,19,0,synthetic
2025-11-29,SKU021,LOC03,25,0,synthetic
2025-11-30,SKU021,LOC02,23,0,synthetic
2025-12-01,SKU021,LOC02,20,0,synthetic
2025-12-02,SKU021,LOC02,28,0,synthetic
2025-12-03,SKU021,LOC02,25,0,synthetic
2025-12-04,SKU021,LOC03,23,0,synthetic
2025-12-05,SKU021,LOC03,23,0,synthetic
2025-12-06,SKU021,LOC03,37,1,synthetic
2025-12-07,SKU021,LOC02,29,0,synthetic
2025-12-08,SKU021,LOC03,20,0,synthetic
2025-12-09,SKU021,LOC03,26,0,synthetic
2025-12-10,SKU021,LOC02,23,0,synthetic
2025-12-11,SKU021,LOC03,25,0,synthetic
2025-12-12,SKU021,LOC02,21,0,synthetic
2025-12-13,SKU021,LOC02,30,0,synthetic
2025-12-14,SKU021,LOC02,26,0,synthetic
2025-12-15,SKU021,LOC03,20,0,synthetic
2025-12-16,SKU021,LOC02,26,0,synthetic
2025-12-17,SKU021,LOC02,22,0,synthetic
2025-12-18,SKU021,LOC02,24,0,synthetic
2025-12-19,SKU021,LOC03,20,0,synthetic
2025-12-20,SKU021,LOC03,21,0,synthetic
2025-12-21,SKU021,LOC02,28,0,synthetic
2025-12-22,SKU021,LOC03,21,0,synthetic
2025-12-23,SKU021,LOC03,27,0,synthetic
2025-12-24,SKU021,LOC02,21,0,synthetic
2025-12-25,SKU021,LOC03,22,0,synthetic
2025-12-26,SKU021,LOC02,22,0,synthetic
2025-12-27,SKU021,LOC02,29,0,synthetic
2025-12-28,SKU021,LOC02,22,0,synthetic
2025-12-29,SKU021,LOC02,19,0,synthetic
2025-12-30,SKU021,LOC03,24,0,synthetic
2025-12-31,SKU021,LOC02,24,0,synthetic
2026-01-01,SKU021,LOC02,21,0,synthetic
2026-01-02,SKU021,LOC02,24,0,synthetic
2026-01-03,SKU021,LOC03,22,0,synthetic
2026-01-04,SKU021,LOC03,24,0,synthetic
2026-01-05,SKU021,LOC03,16,0,synthetic
2026-01-06,SKU021,LOC03,24,0,synthetic
2026-01-07,SKU021,LOC02,25,0,synthetic
2026-01-08,SKU021,LOC02,22,0,synthetic
2026-01-09,SKU021,LOC02,23,0,synthetic
2026-01-10,SKU021,LOC02,28,0,synthetic
2026-01-11,SKU021,LOC02,32,1,synthetic
2026-01-12,SKU021,LOC02,25,0,synthetic
2026-01-13,SKU021,LOC03,20,0,synthetic
2026-01-14,SKU021,LOC02,23,0,synthetic
2026-01-15,SKU021,LOC03,23,0,synthetic
2026-01-16,SKU021,LOC02,24,0,synthetic
2026-01-17,SKU021,LOC03,19,0,synthetic
2026-01-18,SKU021,LOC02,23,0,synthetic
2026-01-19,SKU021,LOC03,22,0,synthetic
2026-01-20,SKU021,LOC02,18,0,synthetic
2026-01-21,SKU021,LOC03,24,0,synthetic
2026-01-22,SKU021,LOC02,22,0,synthetic
2026-01-23,SKU021,LOC03,23,0,synthetic
2026-01-24,SKU021,LOC03,23,0,synthetic
2026-01-25,SKU021,LOC03,22,0,synthetic
2026-01-26,SKU021,LOC02,18,0,synthetic
2026-01-27,SKU021,LOC03,20,0,synthetic
2026-01-28,SKU021,LOC03,22,0,synthetic
2026-01-29,SKU021,LOC03,25,0,synthetic
2026-01-30,SKU021,LOC03,23,0,synthetic
2026-01-31,SKU021,LOC02,23,0,synthetic
2026-02-01,SKU021,LOC02,25,0,synthetic
2026-02-02,SKU021,LOC03,19,0,synthetic
2026-02-03,SKU021,LOC03,24,0,synthetic
2026-02-04,SKU021,LOC02,17,0,synthetic
2026-02-05,SKU021,LOC02,24,0,synthetic
2026-02-06,SKU021,LOC02,26,0,synthetic
2026-02-07,SKU021,LOC03,26,0,synthetic
2026-02-08,SKU021,LOC02,24,0,synthetic
2026-02-09,SKU021,LOC02,17,0,synthetic
2026-02-10,SKU021,LOC02,21,0,synthetic
2026-02-11,SKU021,LOC02,16,0,synthetic
2026-02-12,SKU021,LOC02,22,0,synthetic
2026-02-13,SKU021,LOC02,24,0,synthetic
2026-02-14,SKU021,LOC03,23,0,synthetic
2026-02-15,SKU021,LOC02,21,0,synthetic
2026-02-16,SKU021,LOC03,24,0,synthetic
2026-02-17,SKU021,LOC02,18,0,synthetic
2026-02-18,SKU021,LOC02,22,0,synthetic
2026-02-19,SKU021,LOC03,30,1,synthetic
2026-02-20,SKU021,LOC02,15,0,synthetic
2026-02-21,SKU021,LOC03,23,0,synthetic
2026-02-22,SKU021,LOC02,37,1,synthetic
2026-02-23,SKU021,LOC03,25,0,synthetic
2026-02-24,SKU021,LOC03,18,0,synthetic
2026-02-25,SKU021,LOC03,25,0,synthetic
2026-02-26,SKU021,LOC03,20,0,synthetic
2026-02-27,SKU021,LOC03,23,0,synthetic
2026-02-28,SKU021,LOC03,25,0,synthetic
2026-03-01,SKU021,LOC03,29,0,synthetic
2026-03-02,SKU021,LOC03,22,0,synthetic
2026-03-03,SKU021,LOC03,21,0,synthetic
2026-03-04,SKU021,LOC02,27,0,synthetic
2026-03-05,SKU021,LOC02,25,0,synthetic
2026-03-06,SKU021,LOC03,19,0,synthetic
2026-03-07,SKU021,LOC03,28,0,synthetic
2026-03-08,SKU021,LOC02,28,0,synthetic
2026-03-09,SKU021,LOC02,21,0,synthetic
2026-03-10,SKU021,LOC02,17,0,synthetic
2026-03-11,SKU021,LOC03,26,0,synthetic
2026-03-12,SKU021,LOC02,23,0,synthetic
2026-03-13,SKU021,LOC03,23,0,synthetic
2026-03-14,SKU021,LOC02,30,0,synthetic
2026-03-15,SKU021,LOC03,28,0,synthetic
2026-03-16,SKU021,LOC02,20,0,synthetic
2026-03-17,SKU021,LOC02,27,0,synthetic
2026-03-18,SKU021,LOC03,20,0,synthetic
2026-03-19,SKU021,LOC03,25,0,synthetic
2026-03-20,SKU021,LOC02,21,0,synthetic
2026-03-21,SKU021,LOC03,26,0,synthetic
2026-03-22,SKU021,LOC02,22,0,synthetic
2026-03-23,SKU021,LOC03,18,0,synthetic
2026-03-24,SKU021,LOC02,21,0,synthetic
2026-03-25,SKU021,LOC03,22,0,synthetic
2026-03-26,SKU021,LOC03,36,1,synthetic
2026-03-27,SKU021,LOC02,25,0,synthetic
2026-03-28,SKU021,LOC02,37,1,synthetic
2026-03-29,SKU021,LOC02,26,0,synthetic
2026-03-30,SKU021,LOC02,25,0,synthetic
2026-03-31,SKU021,LOC03,22,0,synthetic
2026-04-01,SKU021,LOC02,23,0,synthetic
2026-04-02,SKU021,LOC02,20,0,synthetic
2026-04-03,SKU021,LOC03,32,1,synthetic
2026-04-04,SKU021,LOC02,25,0,synthetic
2026-04-05,SKU021,LOC03,28,0,synthetic
2026-04-06,SKU021,LOC02,25,0,synthetic
2026-04-07,SKU021,LOC03,25,0,synthetic
2026-04-08,SKU021,LOC02,22,0,synthetic
2026-04-09,SKU021,LOC03,22,0,synthetic
2026-04-10,SKU021,LOC02,24,0,synthetic
2026-04-11,SKU021,LOC02,27,0,synthetic
2026-04-12,SKU021,LOC03,25,0,synthetic
2026-04-13,SKU021,LOC03,25,0,synthetic
2026-04-14,SKU021,LOC02,24,0,synthetic
2026-04-15,SKU021,LOC03,21,0,synthetic
2026-04-16,SKU021,LOC03,27,0,synthetic
2026-04-17,SKU021,LOC03,17,0,synthetic
2026-04-18,SKU021,LOC03,26,0,synthetic
2026-04-19,SKU021,LOC03,24,0,synthetic
2026-04-20,SKU021,LOC03,27,0,synthetic
2026-04-21,SKU021,LOC02,24,0,synthetic
2026-04-22,SKU021,LOC03,17,0,synthetic
2026-04-23,SKU021,LOC03,24,0,synthetic
2026-04-24,SKU021,LOC02,29,0,synthetic
2026-04-25,SKU021,LOC02,21,0,synthetic
2026-04-26,SKU021,LOC02,24,0,synthetic
2026-04-27,SKU021,LOC02,23,0,synthetic
2026-04-28,SKU021,LOC02,24,0,synthetic
2026-04-29,SKU021,LOC03,17,0,synthetic
2026-04-30,SKU021,LOC03,26,0,synthetic
2026-05-01,SKU021,LOC02,27,0,synthetic
2026-05-02,SKU021,LOC02,30,0,synthetic
2026-05-03,SKU021,LOC03,29,0,synthetic
2026-05-04,SKU021,LOC03,25,0,synthetic
2026-05-05,SKU021,LOC03,24,0,synthetic
2026-05-06,SKU021,LOC02,23,0,synthetic
2026-05-07,SKU021,LOC02,44,1,synthetic
2026-05-08,SKU021,LOC02,24,0,synthetic
2026-05-09,SKU021,LOC03,29,0,synthetic
2026-05-10,SKU021,LOC03,30,0,synthetic
2026-05-11,SKU021,LOC02,23,0,synthetic
2026-05-12,SKU021,LOC02,24,0,synthetic
2026-05-13,SKU021,LOC03,26,0,synthetic
2026-05-14,SKU021,LOC02,30,0,synthetic
2026-05-15,SKU021,LOC03,28,0,synthetic
2026-05-16,SKU021,LOC03,33,0,synthetic
2026-05-17,SKU021,LOC03,31,0,synthetic
2026-05-18,SKU021,LOC02,29,0,synthetic
2026-05-19,SKU021,LOC03,32,0,synthetic
2026-05-20,SKU021,LOC02,28,0,synthetic
2026-05-21,SKU021,LOC02,32,0,synthetic
2026-05-22,SKU021,LOC02,28,0,synthetic
2026-05-23,SKU021,LOC03,29,0,synthetic
2026-05-24,SKU021,LOC03,29,0,synthetic
2026-05-25,SKU021,LOC03,29,0,synthetic
2026-05-26,SKU021,LOC02,25,0,synthetic
2026-05-27,SKU021,LOC02,28,0,synthetic
2026-05-28,SKU021,LOC03,32,0,synthetic
2026-05-29,SKU021,LOC02,28,0,synthetic
2026-05-30,SKU021,LOC02,32,0,synthetic
2026-05-31,SKU021,LOC02,42,1,synthetic
2026-06-01,SKU021,LOC02,26,0,synthetic
2026-06-02,SKU021,LOC02,27,0,synthetic
2026-06-03,SKU021,LOC03,29,0,synthetic
2026-06-04,SKU021,LOC02,27,0,synthetic
2026-06-05,SKU021,LOC03,24,0,synthetic
2026-06-06,SKU021,LOC02,29,0,synthetic
2026-06-07,SKU021,LOC03,33,0,synthetic
2026-06-08,SKU021,LOC02,23,0,synthetic
2026-06-09,SKU021,LOC03,31,0,synthetic
2026-06-10,SKU021,LOC03,38,1,synthetic
2026-06-11,SKU021,LOC03,27,0,synthetic
2026-06-12,SKU021,LOC03,26,0,synthetic
2026-06-13,SKU021,LOC02,27,0,synthetic
2026-06-14,SKU021,LOC02,27,0,synthetic
2026-06-15,SKU021,LOC02,27,0,synthetic
2026-06-16,SKU021,LOC03,24,0,synthetic
2026-06-17,SKU021,LOC03,25,0,synthetic
2026-06-18,SKU021,LOC02,34,1,synthetic
2026-06-19,SKU021,LOC03,23,0,synthetic
2026-06-20,SKU021,LOC03,35,0,synthetic
2026-06-21,SKU021,LOC02,35,0,synthetic
2026-06-22,SKU021,LOC03,25,0,synthetic
2026-06-23,SKU021,LOC03,30,0,synthetic
2026-06-24,SKU021,LOC03,31,0,synthetic
2026-06-25,SKU021,LOC03,24,0,synthetic
2026-06-26,SKU021,LOC03,28,0,synthetic
2026-06-27,SKU021,LOC03,26,0,synthetic
2026-06-28,SKU021,LOC03,30,0,synthetic
2026-06-29,SKU021,LOC03,23,0,synthetic
2026-06-30,SKU021,LOC02,23,0,synthetic
2026-07-01,SKU021,LOC02,29,0,synthetic
2026-07-02,SKU021,LOC03,30,0,synthetic
2026-07-03,SKU021,LOC03,25,0,synthetic
2026-07-04,SKU021,LOC02,33,0,synthetic
2026-07-05,SKU021,LOC02,28,0,synthetic
2026-07-06,SKU021,LOC03,31,0,synthetic
2026-07-07,SKU021,LOC03,34,0,synthetic
2026-07-08,SKU021,LOC03,26,0,synthetic
2026-07-09,SKU021,LOC02,31,0,synthetic
2026-07-10,SKU021,LOC02,22,0,synthetic
2026-07-11,SKU021,LOC02,38,0,synthetic
2026-07-12,SKU021,LOC03,26,0,synthetic
2026-07-13,SKU021,LOC03,25,0,synthetic
2026-07-14,SKU021,LOC02,26,0,synthetic
2026-07-15,SKU021,LOC03,27,0,synthetic
2026-07-16,SKU021,LOC02,25,0,synthetic
2026-07-17,SKU021,LOC02,28,0,synthetic
2026-07-18,SKU021,LOC03,33,0,synthetic
2026-07-19,SKU021,LOC02,33,0,synthetic
2026-07-20,SKU021,LOC03,31,0,synthetic
2026-07-21,SKU021,LOC02,22,0,synthetic
2026-07-22,SKU021,LOC02,22,0,synthetic
2026-07-23,SKU021,LOC02,25,0,synthetic
2026-07-24,SKU021,LOC02,23,0,synthetic
2026-07-25,SKU021,LOC03,29,0,synthetic
2026-07-26,SKU021,LOC03,31,0,synthetic
2026-07-27,SKU021,LOC03,21,0,synthetic
2026-07-28,SKU021,LOC03,27,0,synthetic
2026-07-29,SKU021,LOC03,28,0,synthetic
2026-07-30,SKU021,LOC02,27,0,synthetic
2026-07-31,SKU021,LOC03,33,0,synthetic
2026-08-01,SKU021,LOC03,28,0,synthetic
2026-08-02,SKU021,LOC03,26,0,synthetic
2026-08-03,SKU021,LOC02,27,0,synthetic
2026-08-04,SKU021,LOC03,25,0,synthetic
2026-08-05,SKU021,LOC03,17,0,synthetic
2025-08-06,SKU022,LOC03,29,0,synthetic
2025-08-07,SKU022,LOC02,33,0,synthetic
2025-08-08,SKU022,LOC02,38,0,synthetic
2025-08-09,SKU022,LOC03,47,0,synthetic
2025-08-10,SKU022,LOC02,46,0,synthetic
2025-08-11,SKU022,LOC03,40,0,synthetic
2025-08-12,SKU022,LOC02,30,0,synthetic
2025-08-13,SKU022,LOC03,33,0,synthetic
2025-08-14,SKU022,LOC03,43,0,synthetic
2025-08-15,SKU022,LOC03,33,0,synthetic
2025-08-16,SKU022,LOC02,43,0,synthetic
2025-08-17,SKU022,LOC03,49,0,synthetic
2025-08-18,SKU022,LOC03,43,0,synthetic
2025-08-19,SKU022,LOC03,37,0,synthetic
2025-08-20,SKU022,LOC03,33,0,synthetic
2025-08-21,SKU022,LOC03,34,0,synthetic
2025-08-22,SKU022,LOC03,35,0,synthetic
2025-08-23,SKU022,LOC02,37,0,synthetic
2025-08-24,SKU022,LOC02,49,0,synthetic
2025-08-25,SKU022,LOC02,33,0,synthetic
2025-08-26,SKU022,LOC03,39,0,synthetic
2025-08-27,SKU022,LOC02,43,1,synthetic
2025-08-28,SKU022,LOC02,37,0,synthetic
2025-08-29,SKU022,LOC03,37,0,synthetic
2025-08-30,SKU022,LOC02,40,0,synthetic
2025-08-31,SKU022,LOC02,46,0,synthetic
2025-09-01,SKU022,LOC02,32,0,synthetic
2025-09-02,SKU022,LOC02,27,0,synthetic
2025-09-03,SKU022,LOC03,46,0,synthetic
2025-09-04,SKU022,LOC03,38,0,synthetic
2025-09-05,SKU022,LOC02,38,0,synthetic
2025-09-06,SKU022,LOC03,31,0,synthetic
2025-09-07,SKU022,LOC02,34,0,synthetic
2025-09-08,SKU022,LOC03,40,0,synthetic
2025-09-09,SKU022,LOC02,36,0,synthetic
2025-09-10,SKU022,LOC02,39,0,synthetic
2025-09-11,SKU022,LOC02,34,0,synthetic
2025-09-12,SKU022,LOC03,34,0,synthetic
2025-09-13,SKU022,LOC02,39,0,synthetic
2025-09-14,SKU022,LOC03,44,0,synthetic
2025-09-15,SKU022,LOC02,36,0,synthetic
2025-09-16,SKU022,LOC03,38,0,synthetic
2025-09-17,SKU022,LOC02,38,0,synthetic
2025-09-18,SKU022,LOC02,48,1,synthetic
2025-09-19,SKU022,LOC02,35,0,synthetic
2025-09-20,SKU022,LOC03,54,1,synthetic
2025-09-21,SKU022,LOC03,32,0,synthetic
2025-09-22,SKU022,LOC02,28,0,synthetic
2025-09-23,SKU022,LOC03,31,0,synthetic
2025-09-24,SKU022,LOC03,40,0,synthetic
2025-09-25,SKU022,LOC02,60,1,synthetic
2025-09-26,SKU022,LOC03,36,0,synthetic
2025-09-27,SKU022,LOC03,43,0,synthetic
2025-09-28,SKU022,LOC03,45,0,synthetic
2025-09-29,SKU022,LOC03,57,1,synthetic
2025-09-30,SKU022,LOC03,45,0,synthetic
2025-10-01,SKU022,LOC03,28,0,synthetic
2025-10-02,SKU022,LOC02,39,0,synthetic
2025-10-03,SKU022,LOC03,36,0,synthetic
2025-10-04,SKU022,LOC02,50,1,synthetic
2025-10-05,SKU022,LOC02,39,0,synthetic
2025-10-06,SKU022,LOC02,39,0,synthetic
2025-10-07,SKU022,LOC02,38,0,synthetic
2025-10-08,SKU022,LOC03,35,0,synthetic
2025-10-09,SKU022,LOC02,34,0,synthetic
2025-10-10,SKU022,LOC03,37,0,synthetic
2025-10-11,SKU022,LOC03,44,0,synthetic
2025-10-12,SKU022,LOC03,35,0,synthetic
2025-10-13,SKU022,LOC02,33,0,synthetic
2025-10-14,SKU022,LOC03,34,0,synthetic
2025-10-15,SKU022,LOC03,33,0,synthetic
2025-10-16,SKU022,LOC03,34,0,synthetic
2025-10-17,SKU022,LOC02,36,0,synthetic
2025-10-18,SKU022,LOC02,47,0,synthetic
2025-10-19,SKU022,LOC03,56,1,synthetic
2025-10-20,SKU022,LOC02,40,0,synthetic
2025-10-21,SKU022,LOC02,45,0,synthetic
2025-10-22,SKU022,LOC03,40,0,synthetic
2025-10-23,SKU022,LOC02,34,0,synthetic
2025-10-24,SKU022,LOC02,43,0,synthetic
2025-10-25,SKU022,LOC02,43,0,synthetic
2025-10-26,SKU022,LOC02,43,0,synthetic
2025-10-27,SKU022,LOC03,43,0,synthetic
2025-10-28,SKU022,LOC03,32,0,synthetic
2025-10-29,SKU022,LOC02,34,0,synthetic
2025-10-30,SKU022,LOC02,50,1,synthetic
2025-10-31,SKU022,LOC02,43,0,synthetic
2025-11-01,SKU022,LOC02,41,0,synthetic
2025-11-02,SKU022,LOC02,43,0,synthetic
2025-11-03,SKU022,LOC03,35,0,synthetic
2025-11-04,SKU022,LOC03,41,0,synthetic
2025-11-05,SKU022,LOC03,34,0,synthetic
2025-11-06,SKU022,LOC03,34,0,synthetic
2025-11-07,SKU022,LOC02,34,0,synthetic
2025-11-08,SKU022,LOC03,47,0,synthetic
2025-11-09,SKU022,LOC03,38,0,synthetic
2025-11-10,SKU022,LOC02,38,0,synthetic
2025-11-11,SKU022,LOC02,39,0,synthetic
2025-11-12,SKU022,LOC02,27,0,synthetic
2025-11-13,SKU022,LOC02,30,0,synthetic
2025-11-14,SKU022,LOC03,36,0,synthetic
2025-11-15,SKU022,LOC02,34,0,synthetic
2025-11-16,SKU022,LOC03,43,0,synthetic
2025-11-17,SKU022,LOC02,45,0,synthetic
2025-11-18,SKU022,LOC03,49,1,synthetic
2025-11-19,SKU022,LOC02,36,0,synthetic
2025-11-20,SKU022,LOC02,36,0,synthetic
2025-11-21,SKU022,LOC02,36,0,synthetic
2025-11-22,SKU022,LOC03,39,0,synthetic
2025-11-23,SKU022,LOC02,37,0,synthetic
2025-11-24,SKU022,LOC02,43,0,synthetic
2025-11-25,SKU022,LOC03,41,0,synthetic
2025-11-26,SKU022,LOC02,46,0,synthetic
2025-11-27,SKU022,LOC02,33,0,synthetic
2025-11-28,SKU022,LOC02,36,0,synthetic
2025-11-29,SKU022,LOC02,44,0,synthetic
2025-11-30,SKU022,LOC03,31,0,synthetic
2025-12-01,SKU022,LOC02,39,0,synthetic
2025-12-02,SKU022,LOC03,34,0,synthetic
2025-12-03,SKU022,LOC02,37,0,synthetic
2025-12-04,SKU022,LOC02,41,0,synthetic
2025-12-05,SKU022,LOC03,33,0,synthetic
2025-12-06,SKU022,LOC03,38,0,synthetic
2025-12-07,SKU022,LOC02,40,0,synthetic
2025-12-08,SKU022,LOC02,42,0,synthetic
2025-12-09,SKU022,LOC02,33,0,synthetic
2025-12-10,SKU022,LOC03,39,0,synthetic
2025-12-11,SKU022,LOC03,40,0,synthetic
2025-12-12,SKU022,LOC03,36,0,synthetic
2025-12-13,SKU022,LOC02,32,0,synthetic
2025-12-14,SKU022,LOC03,41,0,synthetic
2025-12-15,SKU022,LOC02,34,0,synthetic
2025-12-16,SKU022,LOC02,46,0,synthetic
2025-12-17,SKU022,LOC03,40,0,synthetic
2025-12-18,SKU022,LOC02,38,0,synthetic
2025-12-19,SKU022,LOC03,40,0,synthetic
2025-12-20,SKU022,LOC03,35,0,synthetic
2025-12-21,SKU022,LOC03,27,0,synthetic
2025-12-22,SKU022,LOC02,35,0,synthetic
2025-12-23,SKU022,LOC03,52,1,synthetic
2025-12-24,SKU022,LOC03,33,0,synthetic
2025-12-25,SKU022,LOC03,39,0,synthetic
2025-12-26,SKU022,LOC02,40,0,synthetic
2025-12-27,SKU022,LOC03,38,0,synthetic
2025-12-28,SKU022,LOC02,47,0,synthetic
2025-12-29,SKU022,LOC02,32,0,synthetic
2025-12-30,SKU022,LOC03,36,0,synthetic
2025-12-31,SKU022,LOC02,33,0,synthetic
2026-01-01,SKU022,LOC02,38,0,synthetic
2026-01-02,SKU022,LOC03,35,0,synthetic
2026-01-03,SKU022,LOC02,41,0,synthetic
2026-01-04,SKU022,LOC02,38,0,synthetic
2026-01-05,SKU022,LOC02,32,0,synthetic
2026-01-06,SKU022,LOC02,24,0,synthetic
2026-01-07,SKU022,LOC03,31,0,synthetic
2026-01-08,SKU022,LOC02,36,0,synthetic
2026-01-09,SKU022,LOC03,36,0,synthetic
2026-01-10,SKU022,LOC03,28,0,synthetic
2026-01-11,SKU022,LOC02,58,1,synthetic
2026-01-12,SKU022,LOC03,30,0,synthetic
2026-01-13,SKU022,LOC02,34,0,synthetic
2026-01-14,SKU022,LOC03,30,0,synthetic
2026-01-15,SKU022,LOC02,34,0,synthetic
2026-01-16,SKU022,LOC03,37,0,synthetic
2026-01-17,SKU022,LOC03,42,0,synthetic
2026-01-18,SKU022,LOC02,32,0,synthetic
2026-01-19,SKU022,LOC02,31,0,synthetic
2026-01-20,SKU022,LOC03,33,0,synthetic
2026-01-21,SKU022,LOC03,36,0,synthetic
2026-01-22,SKU022,LOC02,31,0,synthetic
2026-01-23,SKU022,LOC03,37,0,synthetic
2026-01-24,SKU022,LOC02,42,0,synthetic
2026-01-25,SKU022,LOC03,37,0,synthetic
2026-01-26,SKU022,LOC03,33,0,synthetic
2026-01-27,SKU022,LOC03,39,0,synthetic
2026-01-28,SKU022,LOC02,32,0,synthetic
2026-01-29,SKU022,LOC02,28,0,synthetic
2026-01-30,SKU022,LOC03,30,0,synthetic
2026-01-31,SKU022,LOC03,43,0,synthetic
2026-02-01,SKU022,LOC02,37,0,synthetic
2026-02-02,SKU022,LOC03,37,0,synthetic
2026-02-03,SKU022,LOC02,32,0,synthetic
2026-02-04,SKU022,LOC03,47,0,synthetic
2026-02-05,SKU022,LOC03,37,0,synthetic
2026-02-06,SKU022,LOC02,32,0,synthetic
2026-02-07,SKU022,LOC03,37,0,synthetic
2026-02-08,SKU022,LOC02,33,0,synthetic
2026-02-09,SKU022,LOC02,31,0,synthetic
2026-02-10,SKU022,LOC02,30,0,synthetic
2026-02-11,SKU022,LOC02,33,0,synthetic
2026-02-12,SKU022,LOC03,30,0,synthetic
2026-02-13,SKU022,LOC02,25,0,synthetic
2026-02-14,SKU022,LOC03,37,0,synthetic
2026-02-15,SKU022,LOC02,52,1,synthetic
2026-02-16,SKU022,LOC03,30,0,synthetic
2026-02-17,SKU022,LOC02,37,0,synthetic
2026-02-18,SKU022,LOC03,29,0,synthetic
2026-02-19,SKU022,LOC03,32,0,synthetic
2026-02-20,SKU022,LOC03,45,0,synthetic
2026-02-21,SKU022,LOC02,45,0,synthetic
2026-02-22,SKU022,LOC03,36,0,synthetic
2026-02-23,SKU022,LOC03,30,0,synthetic
2026-02-24,SKU022,LOC02,38,0,synthetic
2026-02-25,SKU022,LOC02,33,0,synthetic
2026-02-26,SKU022,LOC02,36,0,synthetic
2026-02-27,SKU022,LOC03,44,0,synthetic
2026-02-28,SKU022,LOC03,34,0,synthetic
2026-03-01,SKU022,LOC03,36,0,synthetic
2026-03-02,SKU022,LOC03,35,0,synthetic
2026-03-03,SKU022,LOC02,35,0,synthetic
2026-03-04,SKU022,LOC03,38,0,synthetic
2026-03-05,SKU022,LOC03,37,0,synthetic
2026-03-06,SKU022,LOC02,50,0,synthetic
2026-03-07,SKU022,LOC02,45,0,synthetic
2026-03-08,SKU022,LOC02,45,0,synthetic
2026-03-09,SKU022,LOC02,35,0,synthetic
2026-03-10,SKU022,LOC03,43,0,synthetic
2026-03-11,SKU022,LOC03,56,1,synthetic
2026-03-12,SKU022,LOC02,31,0,synthetic
2026-03-13,SKU022,LOC03,35,0,synthetic
2026-03-14,SKU022,LOC03,39,0,synthetic
2026-03-15,SKU022,LOC02,35,0,synthetic
2026-03-16,SKU022,LOC02,37,0,synthetic
2026-03-17,SKU022,LOC03,41,0,synthetic
2026-03-18,SKU022,LOC03,42,0,synthetic
2026-03-19,SKU022,LOC02,42,0,synthetic
2026-03-20,SKU022,LOC03,36,0,synthetic
2026-03-21,SKU022,LOC02,45,0,synthetic
2026-03-22,SKU022,LOC03,43,0,synthetic
2026-03-23,SKU022,LOC02,32,0,synthetic
2026-03-24,SKU022,LOC02,40,0,synthetic
2026-03-25,SKU022,LOC03,41,0,synthetic
2026-03-26,SKU022,LOC03,37,0,synthetic
2026-03-27,SKU022,LOC02,37,0,synthetic
2026-03-28,SKU022,LOC02,38,0,synthetic
2026-03-29,SKU022,LOC03,34,0,synthetic
2026-03-30,SKU022,LOC02,34,0,synthetic
2026-03-31,SKU022,LOC02,38,0,synthetic
2026-04-01,SKU022,LOC03,40,0,synthetic
2026-04-02,SKU022,LOC02,42,0,synthetic
2026-04-03,SKU022,LOC02,37,0,synthetic
2026-04-04,SKU022,LOC03,41,0,synthetic
2026-04-05,SKU022,LOC02,40,0,synthetic
2026-04-06,SKU022,LOC03,35,0,synthetic
2026-04-07,SKU022,LOC03,42,0,synthetic
2026-04-08,SKU022,LOC03,39,0,synthetic
2026-04-09,SKU022,LOC03,42,0,synthetic
2026-04-10,SKU022,LOC02,35,0,synthetic
2026-04-11,SKU022,LOC03,45,0,synthetic
2026-04-12,SKU022,LOC03,49,0,synthetic
2026-04-13,SKU022,LOC03,41,0,synthetic
2026-04-14,SKU022,LOC03,47,1,synthetic
2026-04-15,SKU022,LOC03,32,0,synthetic
2026-04-16,SKU022,LOC02,38,0,synthetic
2026-04-17,SKU022,LOC03,23,0,synthetic
2026-04-18,SKU022,LOC03,40,0,synthetic
2026-04-19,SKU022,LOC02,43,0,synthetic
2026-04-20,SKU022,LOC02,32,0,synthetic
2026-04-21,SKU022,LOC02,38,0,synthetic
2026-04-22,SKU022,LOC03,35,0,synthetic
2026-04-23,SKU022,LOC02,43,0,synthetic
2026-04-24,SKU022,LOC03,44,0,synthetic
2026-04-25,SKU022,LOC02,41,0,synthetic
2026-04-26,SKU022,LOC02,40,0,synthetic
2026-04-27,SKU022,LOC03,44,0,synthetic
2026-04-28,SKU022,LOC03,42,0,synthetic
2026-04-29,SKU022,LOC03,40,0,synthetic
2026-04-30,SKU022,LOC02,38,0,synthetic
2026-05-01,SKU022,LOC03,42,0,synthetic
2026-05-02,SKU022,LOC03,51,0,synthetic
2026-05-03,SKU022,LOC02,70,1,synthetic
2026-05-04,SKU022,LOC03,37,0,synthetic
2026-05-05,SKU022,LOC02,44,0,synthetic
2026-05-06,SKU022,LOC03,44,0,synthetic
2026-05-07,SKU022,LOC02,39,0,synthetic
2026-05-08,SKU022,LOC02,43,0,synthetic
2026-05-09,SKU022,LOC03,48,0,synthetic
2026-05-10,SKU022,LOC03,50,0,synthetic
2026-05-11,SKU022,LOC03,43,0,synthetic
2026-05-12,SKU022,LOC02,40,0,synthetic
2026-05-13,SKU022,LOC02,41,0,synthetic
2026-05-14,SKU022,LOC03,45,0,synthetic
2026-05-15,SKU022,LOC03,48,0,synthetic
2026-05-16,SKU022,LOC02,49,0,synthetic
2026-05-17,SKU022,LOC03,45,0,synthetic
2026-05-18,SKU022,LOC03,37,0,synthetic
2026-05-19,SKU022,LOC03,35,0,synthetic
2026-05-20,SKU022,LOC02,50,0,synthetic
2026-05-21,SKU022,LOC02,45,0,synthetic
2026-05-22,SKU022,LOC03,43,0,synthetic
2026-05-23,SKU022,LOC02,44,0,synthetic
2026-05-24,SKU022,LOC02,49,0,synthetic
2026-05-25,SKU022,LOC02,57,1,synthetic
2026-05-26,SKU022,LOC03,44,0,synthetic
2026-05-27,SKU022,LOC02,42,0,synthetic
2026-05-28,SKU022,LOC02,43,0,synthetic
2026-05-29,SKU022,LOC02,43,0,synthetic
2026-05-30,SKU022,LOC03,46,0,synthetic
2026-05-31,SKU022,LOC02,61,1,synthetic
2026-06-01,SKU022,LOC03,49,0,synthetic
2026-06-02,SKU022,LOC03,46,0,synthetic
2026-06-03,SKU022,LOC02,39,0,synthetic
2026-06-04,SKU022,LOC02,47,0,synthetic
2026-06-05,SKU022,LOC03,42,0,synthetic
2026-06-06,SKU022,LOC03,50,0,synthetic
2026-06-07,SKU022,LOC02,47,0,synthetic
2026-06-08,SKU022,LOC03,52,0,synthetic
2026-06-09,SKU022,LOC03,46,0,synthetic
2026-06-10,SKU022,LOC02,37,0,synthetic
2026-06-11,SKU022,LOC03,43,0,synthetic
2026-06-12,SKU022,LOC03,42,0,synthetic
2026-06-13,SKU022,LOC03,52,0,synthetic
2026-06-14,SKU022,LOC02,57,0,synthetic
2026-06-15,SKU022,LOC02,55,1,synthetic
2026-06-16,SKU022,LOC03,46,0,synthetic
2026-06-17,SKU022,LOC03,42,0,synthetic
2026-06-18,SKU022,LOC02,41,0,synthetic
2026-06-19,SKU022,LOC02,44,0,synthetic
2026-06-20,SKU022,LOC02,60,1,synthetic
2026-06-21,SKU022,LOC02,49,0,synthetic
2026-06-22,SKU022,LOC02,42,0,synthetic
2026-06-23,SKU022,LOC02,46,0,synthetic
2026-06-24,SKU022,LOC03,47,0,synthetic
2026-06-25,SKU022,LOC02,49,0,synthetic
2026-06-26,SKU022,LOC02,42,0,synthetic
2026-06-27,SKU022,LOC03,50,0,synthetic
2026-06-28,SKU022,LOC02,50,0,synthetic
2026-06-29,SKU022,LOC02,37,0,synthetic
2026-06-30,SKU022,LOC03,44,0,synthetic
2026-07-01,SKU022,LOC02,46,0,synthetic
2026-07-02,SKU022,LOC02,50,0,synthetic
2026-07-03,SKU022,LOC03,44,0,synthetic
2026-07-04,SKU022,LOC03,52,0,synthetic
2026-07-05,SKU022,LOC03,54,0,synthetic
2026-07-06,SKU022,LOC02,50,0,synthetic
2026-07-07,SKU022,LOC02,50,0,synthetic
2026-07-08,SKU022,LOC03,37,0,synthetic
2026-07-09,SKU022,LOC03,47,0,synthetic
2026-07-10,SKU022,LOC02,39,0,synthetic
2026-07-11,SKU022,LOC03,43,0,synthetic
2026-07-12,SKU022,LOC03,60,0,synthetic
2026-07-13,SKU022,LOC02,45,0,synthetic
2026-07-14,SKU022,LOC02,43,0,synthetic
2026-07-15,SKU022,LOC02,44,0,synthetic
2026-07-16,SKU022,LOC03,42,0,synthetic
2026-07-17,SKU022,LOC03,41,0,synthetic
2026-07-18,SKU022,LOC03,48,0,synthetic
2026-07-19,SKU022,LOC03,57,0,synthetic
2026-07-20,SKU022,LOC02,37,0,synthetic
2026-07-21,SKU022,LOC02,44,0,synthetic
2026-07-22,SKU022,LOC02,48,0,synthetic
2026-07-23,SKU022,LOC03,60,1,synthetic
2026-07-24,SKU022,LOC03,47,0,synthetic
2026-07-25,SKU022,LOC02,43,0,synthetic
2026-07-26,SKU022,LOC02,52,0,synthetic
2026-07-27,SKU022,LOC03,44,0,synthetic
2026-07-28,SKU022,LOC03,45,0,synthetic
2026-07-29,SKU022,LOC03,44,0,synthetic
2026-07-30,SKU022,LOC03,39,0,synthetic
2026-07-31,SKU022,LOC03,46,0,synthetic
2026-08-01,SKU022,LOC02,39,0,synthetic
2026-08-02,SKU022,LOC03,48,0,synthetic
2026-08-03,SKU022,LOC03,48,0,synthetic
2026-08-04,SKU022,LOC03,38,0,synthetic
2026-08-05,SKU022,LOC03,39,0,synthetic
2025-08-06,SKU023,LOC02,35,0,synthetic
2025-08-07,SKU023,LOC03,42,0,synthetic
2025-08-08,SKU023,LOC03,27,0,synthetic
2025-08-09,SKU023,LOC02,36,0,synthetic
2025-08-10,SKU023,LOC03,42,0,synthetic
2025-08-11,SKU023,LOC02,32,0,synthetic
2025-08-12,SKU023,LOC02,49,0,synthetic
2025-08-13,SKU023,LOC02,41,0,synthetic
2025-08-14,SKU023,LOC02,37,0,synthetic
2025-08-15,SKU023,LOC03,39,0,synthetic
2025-08-16,SKU023,LOC03,39,0,synthetic
2025-08-17,SKU023,LOC02,38,0,synthetic
2025-08-18,SKU023,LOC03,27,0,synthetic
2025-08-19,SKU023,LOC03,34,0,synthetic
2025-08-20,SKU023,LOC02,40,0,synthetic
2025-08-21,SKU023,LOC03,42,0,synthetic
2025-08-22,SKU023,LOC03,39,0,synthetic
2025-08-23,SKU023,LOC02,39,0,synthetic
2025-08-24,SKU023,LOC03,37,0,synthetic
2025-08-25,SKU023,LOC02,38,0,synthetic
2025-08-26,SKU023,LOC02,29,0,synthetic
2025-08-27,SKU023,LOC02,40,0,synthetic
2025-08-28,SKU023,LOC02,33,0,synthetic
2025-08-29,SKU023,LOC02,32,0,synthetic
2025-08-30,SKU023,LOC03,53,0,synthetic
2025-08-31,SKU023,LOC02,39,0,synthetic
2025-09-01,SKU023,LOC03,25,0,synthetic
2025-09-02,SKU023,LOC02,42,0,synthetic
2025-09-03,SKU023,LOC03,40,0,synthetic
2025-09-04,SKU023,LOC02,37,0,synthetic
2025-09-05,SKU023,LOC03,30,0,synthetic
2025-09-06,SKU023,LOC03,39,0,synthetic
2025-09-07,SKU023,LOC02,42,0,synthetic
2025-09-08,SKU023,LOC03,48,0,synthetic
2025-09-09,SKU023,LOC02,34,0,synthetic
2025-09-10,SKU023,LOC03,30,0,synthetic
2025-09-11,SKU023,LOC03,51,1,synthetic
2025-09-12,SKU023,LOC03,38,0,synthetic
2025-09-13,SKU023,LOC02,44,0,synthetic
2025-09-14,SKU023,LOC03,52,1,synthetic
2025-09-15,SKU023,LOC03,40,0,synthetic
2025-09-16,SKU023,LOC03,34,0,synthetic
2025-09-17,SKU023,LOC03,45,1,synthetic
2025-09-18,SKU023,LOC03,33,0,synthetic
2025-09-19,SKU023,LOC03,46,0,synthetic
2025-09-20,SKU023,LOC03,43,0,synthetic
2025-09-21,SKU023,LOC02,42,0,synthetic
2025-09-22,SKU023,LOC02,35,0,synthetic
2025-09-23,SKU023,LOC02,41,0,synthetic
2025-09-24,SKU023,LOC02,33,0,synthetic
2025-09-25,SKU023,LOC03,30,0,synthetic
2025-09-26,SKU023,LOC02,43,0,synthetic
2025-09-27,SKU023,LOC02,33,0,synthetic
2025-09-28,SKU023,LOC03,43,0,synthetic
2025-09-29,SKU023,LOC02,33,0,synthetic
2025-09-30,SKU023,LOC03,33,0,synthetic
2025-10-01,SKU023,LOC02,33,0,synthetic
2025-10-02,SKU023,LOC02,39,0,synthetic
2025-10-03,SKU023,LOC02,31,0,synthetic
2025-10-04,SKU023,LOC03,36,0,synthetic
2025-10-05,SKU023,LOC03,43,0,synthetic
2025-10-06,SKU023,LOC03,33,0,synthetic
2025-10-07,SKU023,LOC03,38,0,synthetic
2025-10-08,SKU023,LOC03,32,0,synthetic
2025-10-09,SKU023,LOC02,28,0,synthetic
2025-10-10,SKU023,LOC03,29,0,synthetic
2025-10-11,SKU023,LOC02,36,0,synthetic
2025-10-12,SKU023,LOC03,30,0,synthetic
2025-10-13,SKU023,LOC02,33,0,synthetic
2025-10-14,SKU023,LOC02,25,0,synthetic
2025-10-15,SKU023,LOC02,43,0,synthetic
2025-10-16,SKU023,LOC03,44,0,synthetic
2025-10-17,SKU023,LOC02,33,0,synthetic
2025-10-18,SKU023,LOC02,45,0,synthetic
2025-10-19,SKU023,LOC02,33,0,synthetic
2025-10-20,SKU023,LOC03,32,0,synthetic
2025-10-21,SKU023,LOC02,42,0,synthetic
2025-10-22,SKU023,LOC03,29,0,synthetic
2025-10-23,SKU023,LOC02,40,0,synthetic
2025-10-24,SKU023,LOC02,41,0,synthetic
2025-10-25,SKU023,LOC02,33,0,synthetic
2025-10-26,SKU023,LOC03,33,0,synthetic
2025-10-27,SKU023,LOC02,31,0,synthetic
2025-10-28,SKU023,LOC02,33,0,synthetic
2025-10-29,SKU023,LOC02,38,0,synthetic
2025-10-30,SKU023,LOC03,33,0,synthetic
2025-10-31,SKU023,LOC02,36,0,synthetic
2025-11-01,SKU023,LOC02,35,0,synthetic
2025-11-02,SKU023,LOC02,38,0,synthetic
2025-11-03,SKU023,LOC03,31,0,synthetic
2025-11-04,SKU023,LOC02,33,0,synthetic
2025-11-05,SKU023,LOC03,35,0,synthetic
2025-11-06,SKU023,LOC03,40,0,synthetic
2025-11-07,SKU023,LOC02,32,0,synthetic
2025-11-08,SKU023,LOC02,40,0,synthetic
2025-11-09,SKU023,LOC02,54,1,synthetic
2025-11-10,SKU023,LOC02,36,0,synthetic
2025-11-11,SKU023,LOC02,32,0,synthetic
2025-11-12,SKU023,LOC03,39,0,synthetic
2025-11-13,SKU023,LOC02,40,0,synthetic
2025-11-14,SKU023,LOC02,36,0,synthetic
2025-11-15,SKU023,LOC02,40,0,synthetic
2025-11-16,SKU023,LOC03,37,0,synthetic
2025-11-17,SKU023,LOC02,29,0,synthetic
2025-11-18,SKU023,LOC02,22,0,synthetic
2025-11-19,SKU023,LOC03,29,0,synthetic
2025-11-20,SKU023,LOC03,35,0,synthetic
2025-11-21,SKU023,LOC02,34,0,synthetic
2025-11-22,SKU023,LOC03,42,0,synthetic
2025-11-23,SKU023,LOC02,41,0,synthetic
2025-11-24,SKU023,LOC03,42,0,synthetic
2025-11-25,SKU023,LOC03,32,0,synthetic
2025-11-26,SKU023,LOC02,37,0,synthetic
2025-11-27,SKU023,LOC02,39,0,synthetic
2025-11-28,SKU023,LOC03,34,0,synthetic
2025-11-29,SKU023,LOC03,48,0,synthetic
2025-11-30,SKU023,LOC02,35,0,synthetic
2025-12-01,SKU023,LOC03,33,0,synthetic
2025-12-02,SKU023,LOC03,38,0,synthetic
2025-12-03,SKU023,LOC03,32,0,synthetic
2025-12-04,SKU023,LOC03,33,0,synthetic
2025-12-05,SKU023,LOC02,26,0,synthetic
2025-12-06,SKU023,LOC02,50,1,synthetic
2025-12-07,SKU023,LOC03,55,1,synthetic
2025-12-08,SKU023,LOC03,32,0,synthetic
2025-12-09,SKU023,LOC02,41,0,synthetic
2025-12-10,SKU023,LOC03,31,0,synthetic
2025-12-11,SKU023,LOC02,33,0,synthetic
2025-12-12,SKU023,LOC02,33,0,synthetic
2025-12-13,SKU023,LOC02,45,0,synthetic
2025-12-14,SKU023,LOC02,40,0,synthetic
2025-12-15,SKU023,LOC03,36,0,synthetic
2025-12-16,SKU023,LOC02,31,0,synthetic
2025-12-17,SKU023,LOC03,36,0,synthetic
2025-12-18,SKU023,LOC02,54,1,synthetic
2025-12-19,SKU023,LOC03,43,0,synthetic
2025-12-20,SKU023,LOC03,39,0,synthetic
2025-12-21,SKU023,LOC02,42,0,synthetic
2025-12-22,SKU023,LOC02,27,0,synthetic
2025-12-23,SKU023,LOC02,34,0,synthetic
2025-12-24,SKU023,LOC03,31,0,synthetic
2025-12-25,SKU023,LOC03,37,0,synthetic
2025-12-26,SKU023,LOC02,40,0,synthetic
2025-12-27,SKU023,LOC02,35,0,synthetic
2025-12-28,SKU023,LOC02,34,0,synthetic
2025-12-29,SKU023,LOC03,37,0,synthetic
2025-12-30,SKU023,LOC02,28,0,synthetic
2025-12-31,SKU023,LOC03,37,0,synthetic
2026-01-01,SKU023,LOC02,37,0,synthetic
2026-01-02,SKU023,LOC02,29,0,synthetic
2026-01-03,SKU023,LOC03,35,0,synthetic
2026-01-04,SKU023,LOC03,40,0,synthetic
2026-01-05,SKU023,LOC02,34,0,synthetic
2026-01-06,SKU023,LOC02,34,0,synthetic
2026-01-07,SKU023,LOC02,22,0,synthetic
2026-01-08,SKU023,LOC03,33,0,synthetic
2026-01-09,SKU023,LOC02,31,0,synthetic
2026-01-10,SKU023,LOC03,28,0,synthetic
2026-01-11,SKU023,LOC03,36,0,synthetic
2026-01-12,SKU023,LOC02,41,1,synthetic
2026-01-13,SKU023,LOC03,34,0,synthetic
2026-01-14,SKU023,LOC02,28,0,synthetic
2026-01-15,SKU023,LOC02,35,0,synthetic
2026-01-16,SKU023,LOC03,31,0,synthetic
2026-01-17,SKU023,LOC03,40,0,synthetic
2026-01-18,SKU023,LOC03,50,1,synthetic
2026-01-19,SKU023,LOC03,37,0,synthetic
2026-01-20,SKU023,LOC03,34,0,synthetic
2026-01-21,SKU023,LOC03,38,0,synthetic
2026-01-22,SKU023,LOC03,38,1,synthetic
2026-01-23,SKU023,LOC02,30,0,synthetic
2026-01-24,SKU023,LOC03,33,0,synthetic
2026-01-25,SKU023,LOC02,36,0,synthetic
2026-01-26,SKU023,LOC02,41,0,synthetic
2026-01-27,SKU023,LOC02,32,0,synthetic
2026-01-28,SKU023,LOC02,30,0,synthetic
2026-01-29,SKU023,LOC02,35,0,synthetic
2026-01-30,SKU023,LOC02,26,0,synthetic
2026-01-31,SKU023,LOC02,38,0,synthetic
2026-02-01,SKU023,LOC03,36,0,synthetic
2026-02-02,SKU023,LOC02,30,0,synthetic
2026-02-03,SKU023,LOC02,29,0,synthetic
2026-02-04,SKU023,LOC03,31,0,synthetic
2026-02-05,SKU023,LOC02,27,0,synthetic
2026-02-06,SKU023,LOC03,43,1,synthetic
2026-02-07,SKU023,LOC03,35,0,synthetic
2026-02-08,SKU023,LOC02,37,0,synthetic
2026-02-09,SKU023,LOC02,32,0,synthetic
2026-02-10,SKU023,LOC03,32,0,synthetic
2026-02-11,SKU023,LOC02,36,0,synthetic
2026-02-12,SKU023,LOC02,36,0,synthetic
2026-02-13,SKU023,LOC03,31,0,synthetic
2026-02-14,SKU023,LOC03,40,0,synthetic
2026-02-15,SKU023,LOC02,53,1,synthetic
2026-02-16,SKU023,LOC03,36,0,synthetic
2026-02-17,SKU023,LOC03,28,0,synthetic
2026-02-18,SKU023,LOC03,29,0,synthetic
2026-02-19,SKU023,LOC03,32,0,synthetic
2026-02-20,SKU023,LOC03,32,0,synthetic
2026-02-21,SKU023,LOC03,40,0,synthetic
2026-02-22,SKU023,LOC03,47,1,synthetic
2026-02-23,SKU023,LOC02,36,0,synthetic
2026-02-24,SKU023,LOC03,35,0,synthetic
2026-02-25,SKU023,LOC03,33,0,synthetic
2026-02-26,SKU023,LOC03,30,0,synthetic
2026-02-27,SKU023,LOC03,28,0,synthetic
2026-02-28,SKU023,LOC03,38,0,synthetic
2026-03-01,SKU023,LOC03,43,0,synthetic
2026-03-02,SKU023,LOC02,32,0,synthetic
2026-03-03,SKU023,LOC03,32,0,synthetic
2026-03-04,SKU023,LOC02,40,0,synthetic
2026-03-05,SKU023,LOC03,38,0,synthetic
2026-03-06,SKU023,LOC02,46,0,synthetic
2026-03-07,SKU023,LOC03,34,0,synthetic
2026-03-08,SKU023,LOC03,40,0,synthetic
2026-03-09,SKU023,LOC02,40,0,synthetic
2026-03-10,SKU023,LOC03,42,0,synthetic
2026-03-11,SKU023,LOC03,36,0,synthetic
2026-03-12,SKU023,LOC02,52,1,synthetic
2026-03-13,SKU023,LOC03,39,0,synthetic
2026-03-14,SKU023,LOC02,32,0,synthetic
2026-03-15,SKU023,LOC02,40,0,synthetic
2026-03-16,SKU023,LOC02,26,0,synthetic
2026-03-17,SKU023,LOC03,38,0,synthetic
2026-03-18,SKU023,LOC02,35,0,synthetic
2026-03-19,SKU023,LOC03,29,0,synthetic
2026-03-20,SKU023,LOC03,21,0,synthetic
2026-03-21,SKU023,LOC02,48,0,synthetic
2026-03-22,SKU023,LOC02,41,0,synthetic
2026-03-23,SKU023,LOC02,33,0,synthetic
2026-03-24,SKU023,LOC03,25,0,synthetic
2026-03-25,SKU023,LOC02,33,0,synthetic
2026-03-26,SKU023,LOC02,36,0,synthetic
2026-03-27,SKU023,LOC02,30,0,synthetic
2026-03-28,SKU023,LOC02,51,0,synthetic
2026-03-29,SKU023,LOC02,36,0,synthetic
2026-03-30,SKU023,LOC02,39,0,synthetic
2026-03-31,SKU023,LOC03,43,0,synthetic
2026-04-01,SKU023,LOC02,33,0,synthetic
2026-04-02,SKU023,LOC02,37,0,synthetic
2026-04-03,SKU023,LOC03,38,0,synthetic
2026-04-04,SKU023,LOC03,46,0,synthetic
2026-04-05,SKU023,LOC03,44,0,synthetic
2026-04-06,SKU023,LOC02,39,0,synthetic
2026-04-07,SKU023,LOC02,37,0,synthetic
2026-04-08,SKU023,LOC02,28,0,synthetic
2026-04-09,SKU023,LOC02,35,0,synthetic
2026-04-10,SKU023,LOC03,34,0,synthetic
2026-04-11,SKU023,LOC03,34,0,synthetic
2026-04-12,SKU023,LOC03,34,0,synthetic
2026-04-13,SKU023,LOC03,30,0,synthetic
2026-04-14,SKU023,LOC03,32,0,synthetic
2026-04-15,SKU023,LOC03,35,0,synthetic
2026-04-16,SKU023,LOC03,30,0,synthetic
2026-04-17,SKU023,LOC02,31,0,synthetic
2026-04-18,SKU023,LOC03,38,0,synthetic
2026-04-19,SKU023,LOC03,41,0,synthetic
2026-04-20,SKU023,LOC03,37,0,synthetic
2026-04-21,SKU023,LOC03,40,0,synthetic
2026-04-22,SKU023,LOC03,29,0,synthetic
2026-04-23,SKU023,LOC02,36,0,synthetic
2026-04-24,SKU023,LOC03,30,0,synthetic
2026-04-25,SKU023,LOC02,46,1,synthetic
2026-04-26,SKU023,LOC02,41,0,synthetic
2026-04-27,SKU023,LOC03,27,0,synthetic
2026-04-28,SKU023,LOC02,28,0,synthetic
2026-04-29,SKU023,LOC02,29,0,synthetic
2026-04-30,SKU023,LOC03,33,0,synthetic
2026-05-01,SKU023,LOC03,37,0,synthetic
2026-05-02,SKU023,LOC03,47,0,synthetic
2026-05-03,SKU023,LOC03,66,1,synthetic
2026-05-04,SKU023,LOC03,36,0,synthetic
2026-05-05,SKU023,LOC03,39,0,synthetic
2026-05-06,SKU023,LOC02,43,0,synthetic
2026-05-07,SKU023,LOC03,45,0,synthetic
2026-05-08,SKU023,LOC02,48,0,synthetic
2026-05-09,SKU023,LOC03,47,0,synthetic
2026-05-10,SKU023,LOC02,52,0,synthetic
2026-05-11,SKU023,LOC02,47,0,synthetic
2026-05-12,SKU023,LOC02,40,0,synthetic
2026-05-13,SKU023,LOC03,41,0,synthetic
2026-05-14,SKU023,LOC03,40,0,synthetic
2026-05-15,SKU023,LOC03,41,0,synthetic
2026-05-16,SKU023,LOC02,53,0,synthetic
2026-05-17,SKU023,LOC02,44,0,synthetic
2026-05-18,SKU023,LOC02,46,0,synthetic
2026-05-19,SKU023,LOC02,30,0,synthetic
2026-05-20,SKU023,LOC02,41,0,synthetic
2026-05-21,SKU023,LOC03,58,1,synthetic
2026-05-22,SKU023,LOC03,45,0,synthetic
2026-05-23,SKU023,LOC02,40,0,synthetic
2026-05-24,SKU023,LOC02,54,0,synthetic
2026-05-25,SKU023,LOC02,41,0,synthetic
2026-05-26,SKU023,LOC02,42,0,synthetic
2026-05-27,SKU023,LOC02,42,0,synthetic
2026-05-28,SKU023,LOC03,49,0,synthetic
2026-05-29,SKU023,LOC03,36,0,synthetic
2026-05-30,SKU023,LOC02,49,0,synthetic
2026-05-31,SKU023,LOC02,40,0,synthetic
2026-06-01,SKU023,LOC03,39,0,synthetic
2026-06-02,SKU023,LOC03,46,0,synthetic
2026-06-03,SKU023,LOC03,43,0,synthetic
2026-06-04,SKU023,LOC03,46,0,synthetic
2026-06-05,SKU023,LOC03,35,0,synthetic
2026-06-06,SKU023,LOC02,48,0,synthetic
2026-06-07,SKU023,LOC03,42,0,synthetic
2026-06-08,SKU023,LOC02,39,0,synthetic
2026-06-09,SKU023,LOC02,39,0,synthetic
2026-06-10,SKU023,LOC03,42,0,synthetic
2026-06-11,SKU023,LOC03,40,0,synthetic
2026-06-12,SKU023,LOC03,41,0,synthetic
2026-06-13,SKU023,LOC02,47,0,synthetic
2026-06-14,SKU023,LOC02,42,0,synthetic
2026-06-15,SKU023,LOC03,41,0,synthetic
2026-06-16,SKU023,LOC03,42,0,synthetic
2026-06-17,SKU023,LOC02,37,0,synthetic
2026-06-18,SKU023,LOC02,34,0,synthetic
2026-06-19,SKU023,LOC03,36,0,synthetic
2026-06-20,SKU023,LOC03,47,0,synthetic
2026-06-21,SKU023,LOC02,39,0,synthetic
2026-06-22,SKU023,LOC02,38,0,synthetic
2026-06-23,SKU023,LOC03,34,0,synthetic
2026-06-24,SKU023,LOC02,35,0,synthetic
2026-06-25,SKU023,LOC03,36,0,synthetic
2026-06-26,SKU023,LOC02,36,0,synthetic
2026-06-27,SKU023,LOC03,43,0,synthetic
2026-06-28,SKU023,LOC02,39,0,synthetic
2026-06-29,SKU023,LOC02,44,0,synthetic
2026-06-30,SKU023,LOC03,37,0,synthetic
2026-07-01,SKU023,LOC03,43,0,synthetic
2026-07-02,SKU023,LOC02,31,0,synthetic
2026-07-03,SKU023,LOC03,48,0,synthetic
2026-07-04,SKU023,LOC03,40,0,synthetic
2026-07-05,SKU023,LOC03,49,0,synthetic
2026-07-06,SKU023,LOC02,46,0,synthetic
2026-07-07,SKU023,LOC02,44,0,synthetic
2026-07-08,SKU023,LOC02,46,0,synthetic
2026-07-09,SKU023,LOC02,45,0,synthetic
2026-07-10,SKU023,LOC03,41,0,synthetic
2026-07-11,SKU023,LOC03,50,0,synthetic
2026-07-12,SKU023,LOC03,42,0,synthetic
2026-07-13,SKU023,LOC03,45,0,synthetic
2026-07-14,SKU023,LOC03,35,0,synthetic
2026-07-15,SKU023,LOC02,47,0,synthetic
2026-07-16,SKU023,LOC03,46,0,synthetic
2026-07-17,SKU023,LOC02,51,0,synthetic
2026-07-18,SKU023,LOC03,50,0,synthetic
2026-07-19,SKU023,LOC03,48,0,synthetic
2026-07-20,SKU023,LOC03,52,0,synthetic
2026-07-21,SKU023,LOC03,31,0,synthetic
2026-07-22,SKU023,LOC03,44,0,synthetic
2026-07-23,SKU023,LOC02,44,0,synthetic
2026-07-24,SKU023,LOC02,43,0,synthetic
2026-07-25,SKU023,LOC02,46,0,synthetic
2026-07-26,SKU023,LOC02,39,0,synthetic
2026-07-27,SKU023,LOC02,43,0,synthetic
2026-07-28,SKU023,LOC03,42,0,synthetic
2026-07-29,SKU023,LOC02,47,0,synthetic
2026-07-30,SKU023,LOC03,47,0,synthetic
2026-07-31,SKU023,LOC03,41,0,synthetic
2026-08-01,SKU023,LOC02,41,0,synthetic
2026-08-02,SKU023,LOC02,44,0,synthetic
2026-08-03,SKU023,LOC02,33,0,synthetic
2026-08-04,SKU023,LOC03,33,0,synthetic
2026-08-05,SKU023,LOC02,29,0,synthetic
2025-08-06,SKU024,LOC03,28,0,synthetic
2025-08-07,SKU024,LOC03,35,0,synthetic
2025-08-08,SKU024,LOC02,37,0,synthetic
2025-08-09,SKU024,LOC03,34,0,synthetic
2025-08-10,SKU024,LOC03,42,0,synthetic
2025-08-11,SKU024,LOC03,25,0,synthetic
2025-08-12,SKU024,LOC03,35,0,synthetic
2025-08-13,SKU024,LOC03,35,0,synthetic
2025-08-14,SKU024,LOC03,39,0,synthetic
2025-08-15,SKU024,LOC03,32,0,synthetic
2025-08-16,SKU024,LOC03,30,0,synthetic
2025-08-17,SKU024,LOC02,40,0,synthetic
2025-08-18,SKU024,LOC03,40,0,synthetic
2025-08-19,SKU024,LOC02,34,0,synthetic
2025-08-20,SKU024,LOC03,34,0,synthetic
2025-08-21,SKU024,LOC02,29,0,synthetic
2025-08-22,SKU024,LOC02,33,0,synthetic
2025-08-23,SKU024,LOC03,34,0,synthetic
2025-08-24,SKU024,LOC03,43,0,synthetic
2025-08-25,SKU024,LOC02,30,0,synthetic
2025-08-26,SKU024,LOC02,44,0,synthetic
2025-08-27,SKU024,LOC03,38,0,synthetic
2025-08-28,SKU024,LOC02,35,0,synthetic
2025-08-29,SKU024,LOC02,30,0,synthetic
2025-08-30,SKU024,LOC02,46,0,synthetic
2025-08-31,SKU024,LOC02,40,0,synthetic
2025-09-01,SKU024,LOC02,40,0,synthetic
2025-09-02,SKU024,LOC03,45,1,synthetic
2025-09-03,SKU024,LOC03,29,0,synthetic
2025-09-04,SKU024,LOC02,45,0,synthetic
2025-09-05,SKU024,LOC03,31,0,synthetic
2025-09-06,SKU024,LOC02,35,0,synthetic
2025-09-07,SKU024,LOC02,45,0,synthetic
2025-09-08,SKU024,LOC03,44,1,synthetic
2025-09-09,SKU024,LOC03,29,0,synthetic
2025-09-10,SKU024,LOC02,30,0,synthetic
2025-09-11,SKU024,LOC02,30,0,synthetic
2025-09-12,SKU024,LOC03,38,0,synthetic
2025-09-13,SKU024,LOC02,37,0,synthetic
2025-09-14,SKU024,LOC02,34,0,synthetic
2025-09-15,SKU024,LOC03,35,0,synthetic
2025-09-16,SKU024,LOC03,43,0,synthetic
2025-09-17,SKU024,LOC03,30,0,synthetic
2025-09-18,SKU024,LOC03,44,0,synthetic
2025-09-19,SKU024,LOC02,31,0,synthetic
2025-09-20,SKU024,LOC03,41,0,synthetic
2025-09-21,SKU024,LOC03,39,0,synthetic
2025-09-22,SKU024,LOC03,42,0,synthetic
2025-09-23,SKU024,LOC03,37,0,synthetic
2025-09-24,SKU024,LOC03,29,0,synthetic
2025-09-25,SKU024,LOC03,35,0,synthetic
2025-09-26,SKU024,LOC02,39,0,synthetic
2025-09-27,SKU024,LOC03,42,0,synthetic
2025-09-28,SKU024,LOC03,40,0,synthetic
2025-09-29,SKU024,LOC03,40,0,synthetic
2025-09-30,SKU024,LOC02,35,0,synthetic
2025-10-01,SKU024,LOC02,52,1,synthetic
2025-10-02,SKU024,LOC02,28,0,synthetic
2025-10-03,SKU024,LOC03,33,0,synthetic
2025-10-04,SKU024,LOC03,48,0,synthetic
2025-10-05,SKU024,LOC02,32,0,synthetic
2025-10-06,SKU024,LOC03,31,0,synthetic
2025-10-07,SKU024,LOC02,33,0,synthetic
2025-10-08,SKU024,LOC02,34,0,synthetic
2025-10-09,SKU024,LOC02,36,0,synthetic
2025-10-10,SKU024,LOC02,38,0,synthetic
2025-10-11,SKU024,LOC03,48,0,synthetic
2025-10-12,SKU024,LOC02,41,0,synthetic
2025-10-13,SKU024,LOC02,39,0,synthetic
2025-10-14,SKU024,LOC02,40,0,synthetic
2025-10-15,SKU024,LOC02,35,0,synthetic
2025-10-16,SKU024,LOC02,37,0,synthetic
2025-10-17,SKU024,LOC03,43,0,synthetic
2025-10-18,SKU024,LOC02,48,0,synthetic
2025-10-19,SKU024,LOC02,38,0,synthetic
2025-10-20,SKU024,LOC03,37,0,synthetic
2025-10-21,SKU024,LOC03,43,0,synthetic
2025-10-22,SKU024,LOC02,36,0,synthetic
2025-10-23,SKU024,LOC03,38,0,synthetic
2025-10-24,SKU024,LOC02,47,1,synthetic
2025-10-25,SKU024,LOC02,45,0,synthetic
2025-10-26,SKU024,LOC03,44,0,synthetic
2025-10-27,SKU024,LOC03,36,0,synthetic
2025-10-28,SKU024,LOC03,31,0,synthetic
2025-10-29,SKU024,LOC03,44,0,synthetic
2025-10-30,SKU024,LOC03,41,0,synthetic
2025-10-31,SKU024,LOC02,35,0,synthetic
2025-11-01,SKU024,LOC03,44,0,synthetic
2025-11-02,SKU024,LOC03,38,0,synthetic
2025-11-03,SKU024,LOC02,38,0,synthetic
2025-11-04,SKU024,LOC02,42,0,synthetic
2025-11-05,SKU024,LOC03,42,1,synthetic
2025-11-06,SKU024,LOC03,37,0,synthetic
2025-11-07,SKU024,LOC03,44,0,synthetic
2025-11-08,SKU024,LOC03,49,0,synthetic
2025-11-09,SKU024,LOC02,53,1,synthetic
2025-11-10,SKU024,LOC02,42,0,synthetic
2025-11-11,SKU024,LOC02,32,0,synthetic
2025-11-12,SKU024,LOC03,37,0,synthetic
2025-11-13,SKU024,LOC03,40,0,synthetic
2025-11-14,SKU024,LOC03,36,0,synthetic
2025-11-15,SKU024,LOC02,30,0,synthetic
2025-11-16,SKU024,LOC03,39,0,synthetic
2025-11-17,SKU024,LOC03,37,0,synthetic
2025-11-18,SKU024,LOC02,32,0,synthetic
2025-11-19,SKU024,LOC02,40,0,synthetic
2025-11-20,SKU024,LOC03,41,0,synthetic
2025-11-21,SKU024,LOC03,37,0,synthetic
2025-11-22,SKU024,LOC02,37,0,synthetic
2025-11-23,SKU024,LOC03,41,0,synthetic
2025-11-24,SKU024,LOC02,38,0,synthetic
2025-11-25,SKU024,LOC03,29,0,synthetic
2025-11-26,SKU024,LOC03,46,1,synthetic
2025-11-27,SKU024,LOC03,40,0,synthetic
2025-11-28,SKU024,LOC03,28,0,synthetic
2025-11-29,SKU024,LOC02,34,0,synthetic
2025-11-30,SKU024,LOC02,39,0,synthetic
2025-12-01,SKU024,LOC02,21,0,synthetic
2025-12-02,SKU024,LOC03,35,0,synthetic
2025-12-03,SKU024,LOC03,36,0,synthetic
2025-12-04,SKU024,LOC03,48,1,synthetic
2025-12-05,SKU024,LOC02,33,0,synthetic
2025-12-06,SKU024,LOC02,43,0,synthetic
2025-12-07,SKU024,LOC03,46,0,synthetic
2025-12-08,SKU024,LOC03,36,0,synthetic
2025-12-09,SKU024,LOC02,37,0,synthetic
2025-12-10,SKU024,LOC02,31,0,synthetic
2025-12-11,SKU024,LOC02,47,1,synthetic
2025-12-12,SKU024,LOC03,36,0,synthetic
2025-12-13,SKU024,LOC02,41,0,synthetic
2025-12-14,SKU024,LOC02,54,0,synthetic
2025-12-15,SKU024,LOC03,30,0,synthetic
2025-12-16,SKU024,LOC03,32,0,synthetic
2025-12-17,SKU024,LOC02,33,0,synthetic
2025-12-18,SKU024,LOC02,34,0,synthetic
2025-12-19,SKU024,LOC02,37,0,synthetic
2025-12-20,SKU024,LOC02,45,0,synthetic
2025-12-21,SKU024,LOC03,39,0,synthetic
2025-12-22,SKU024,LOC02,35,0,synthetic
2025-12-23,SKU024,LOC03,43,0,synthetic
2025-12-24,SKU024,LOC02,39,0,synthetic
2025-12-25,SKU024,LOC03,36,0,synthetic
2025-12-26,SKU024,LOC03,30,0,synthetic
2025-12-27,SKU024,LOC03,32,0,synthetic
2025-12-28,SKU024,LOC02,40,0,synthetic
2025-12-29,SKU024,LOC03,31,0,synthetic
2025-12-30,SKU024,LOC03,35,0,synthetic
2025-12-31,SKU024,LOC03,45,0,synthetic
2026-01-01,SKU024,LOC03,32,0,synthetic
2026-01-02,SKU024,LOC02,28,0,synthetic
2026-01-03,SKU024,LOC03,38,0,synthetic
2026-01-04,SKU024,LOC02,40,0,synthetic
2026-01-05,SKU024,LOC02,32,0,synthetic
2026-01-06,SKU024,LOC03,35,0,synthetic
2026-01-07,SKU024,LOC02,35,0,synthetic
2026-01-08,SKU024,LOC03,37,0,synthetic
2026-01-09,SKU024,LOC03,45,1,synthetic
2026-01-10,SKU024,LOC02,38,0,synthetic
2026-01-11,SKU024,LOC02,28,0,synthetic
2026-01-12,SKU024,LOC03,28,0,synthetic
2026-01-13,SKU024,LOC03,38,0,synthetic
2026-01-14,SKU024,LOC02,36,0,synthetic
2026-01-15,SKU024,LOC02,23,0,synthetic
2026-01-16,SKU024,LOC03,33,0,synthetic
2026-01-17,SKU024,LOC03,27,0,synthetic
2026-01-18,SKU024,LOC03,29,0,synthetic
2026-01-19,SKU024,LOC03,32,0,synthetic
2026-01-20,SKU024,LOC02,44,0,synthetic
2026-01-21,SKU024,LOC03,31,0,synthetic
2026-01-22,SKU024,LOC02,42,0,synthetic
2026-01-23,SKU024,LOC03,34,0,synthetic
2026-01-24,SKU024,LOC02,34,0,synthetic
2026-01-25,SKU024,LOC03,36,0,synthetic
2026-01-26,SKU024,LOC02,27,0,synthetic
2026-01-27,SKU024,LOC02,28,0,synthetic
2026-01-28,SKU024,LOC02,35,0,synthetic
2026-01-29,SKU024,LOC02,37,0,synthetic
2026-01-30,SKU024,LOC03,34,0,synthetic
2026-01-31,SKU024,LOC02,42,0,synthetic
2026-02-01,SKU024,LOC03,28,0,synthetic
2026-02-02,SKU024,LOC03,39,0,synthetic
2026-02-03,SKU024,LOC03,37,0,synthetic
2026-02-04,SKU024,LOC02,31,0,synthetic
2026-02-05,SKU024,LOC03,27,0,synthetic
2026-02-06,SKU024,LOC02,30,0,synthetic
2026-02-07,SKU024,LOC02,41,0,synthetic
2026-02-08,SKU024,LOC02,39,0,synthetic
2026-02-09,SKU024,LOC03,29,0,synthetic
2026-02-10,SKU024,LOC02,42,0,synthetic
2026-02-11,SKU024,LOC03,38,0,synthetic
2026-02-12,SKU024,LOC02,30,0,synthetic
2026-02-13,SKU024,LOC03,29,0,synthetic
2026-02-14,SKU024,LOC03,44,0,synthetic
2026-02-15,SKU024,LOC03,37,0,synthetic
2026-02-16,SKU024,LOC03,38,0,synthetic
2026-02-17,SKU024,LOC02,32,0,synthetic
2026-02-18,SKU024,LOC02,34,0,synthetic
2026-02-19,SKU024,LOC03,30,0,synthetic
2026-02-20,SKU024,LOC03,37,0,synthetic
2026-02-21,SKU024,LOC02,35,0,synthetic
2026-02-22,SKU024,LOC02,36,0,synthetic
2026-02-23,SKU024,LOC03,30,0,synthetic
2026-02-24,SKU024,LOC02,28,0,synthetic
2026-02-25,SKU024,LOC02,33,0,synthetic
2026-02-26,SKU024,LOC03,27,0,synthetic
2026-02-27,SKU024,LOC02,35,0,synthetic
2026-02-28,SKU024,LOC02,36,0,synthetic
2026-03-01,SKU024,LOC02,42,0,synthetic
2026-03-02,SKU024,LOC02,47,1,synthetic
2026-03-03,SKU024,LOC03,37,0,synthetic
2026-03-04,SKU024,LOC03,34,0,synthetic
2026-03-05,SKU024,LOC02,35,0,synthetic
2026-03-06,SKU024,LOC02,36,0,synthetic
2026-03-07,SKU024,LOC02,55,0,synthetic
2026-03-08,SKU024,LOC02,48,1,synthetic
2026-03-09,SKU024,LOC03,27,0,synthetic
2026-03-10,SKU024,LOC03,31,0,synthetic
2026-03-11,SKU024,LOC02,47,1,synthetic
2026-03-12,SKU024,LOC03,54,1,synthetic
2026-03-13,SKU024,LOC03,46,0,synthetic
2026-03-14,SKU024,LOC03,38,0,synthetic
2026-03-15,SKU024,LOC02,39,0,synthetic
2026-03-16,SKU024,LOC02,31,0,synthetic
2026-03-17,SKU024,LOC02,35,0,synthetic
2026-03-18,SKU024,LOC03,40,0,synthetic
2026-03-19,SKU024,LOC03,30,0,synthetic
2026-03-20,SKU024,LOC03,50,0,synthetic
2026-03-21,SKU024,LOC03,47,1,synthetic
2026-03-22,SKU024,LOC02,36,0,synthetic
2026-03-23,SKU024,LOC03,35,0,synthetic
2026-03-24,SKU024,LOC02,41,0,synthetic
2026-03-25,SKU024,LOC03,41,0,synthetic
2026-03-26,SKU024,LOC03,33,0,synthetic
2026-03-27,SKU024,LOC03,33,0,synthetic
2026-03-28,SKU024,LOC02,41,0,synthetic
2026-03-29,SKU024,LOC03,42,0,synthetic
2026-03-30,SKU024,LOC02,34,0,synthetic
2026-03-31,SKU024,LOC03,36,0,synthetic
2026-04-01,SKU024,LOC02,34,0,synthetic
2026-04-02,SKU024,LOC02,38,0,synthetic
2026-04-03,SKU024,LOC03,29,0,synthetic
2026-04-04,SKU024,LOC03,37,0,synthetic
2026-04-05,SKU024,LOC02,40,0,synthetic
2026-04-06,SKU024,LOC02,48,1,synthetic
2026-04-07,SKU024,LOC03,31,0,synthetic
2026-04-08,SKU024,LOC03,30,0,synthetic
2026-04-09,SKU024,LOC02,42,0,synthetic
2026-04-10,SKU024,LOC02,37,0,synthetic
2026-04-11,SKU024,LOC03,44,0,synthetic
2026-04-12,SKU024,LOC02,43,0,synthetic
2026-04-13,SKU024,LOC03,35,0,synthetic
2026-04-14,SKU024,LOC03,38,0,synthetic
2026-04-15,SKU024,LOC02,38,0,synthetic
2026-04-16,SKU024,LOC02,36,0,synthetic
2026-04-17,SKU024,LOC03,34,0,synthetic
2026-04-18,SKU024,LOC02,34,0,synthetic
2026-04-19,SKU024,LOC02,42,0,synthetic
2026-04-20,SKU024,LOC02,31,0,synthetic
2026-04-21,SKU024,LOC03,44,0,synthetic
2026-04-22,SKU024,LOC02,36,0,synthetic
2026-04-23,SKU024,LOC02,34,0,synthetic
2026-04-24,SKU024,LOC03,31,0,synthetic
2026-04-25,SKU024,LOC02,35,0,synthetic
2026-04-26,SKU024,LOC03,32,0,synthetic
2026-04-27,SKU024,LOC02,39,0,synthetic
2026-04-28,SKU024,LOC03,28,0,synthetic
2026-04-29,SKU024,LOC02,32,0,synthetic
2026-04-30,SKU024,LOC02,40,0,synthetic
2026-05-01,SKU024,LOC03,50,0,synthetic
2026-05-02,SKU024,LOC03,54,0,synthetic
2026-05-03,SKU024,LOC03,49,0,synthetic
2026-05-04,SKU024,LOC02,45,0,synthetic
2026-05-05,SKU024,LOC03,39,0,synthetic
2026-05-06,SKU024,LOC02,46,0,synthetic
2026-05-07,SKU024,LOC03,54,0,synthetic
2026-05-08,SKU024,LOC03,42,0,synthetic
2026-05-09,SKU024,LOC02,48,0,synthetic
2026-05-10,SKU024,LOC03,42,0,synthetic
2026-05-11,SKU024,LOC02,42,0,synthetic
2026-05-12,SKU024,LOC02,42,0,synthetic
2026-05-13,SKU024,LOC02,39,0,synthetic
2026-05-14,SKU024,LOC03,46,0,synthetic
2026-05-15,SKU024,LOC02,43,0,synthetic
2026-05-16,SKU024,LOC03,46,0,synthetic
2026-05-17,SKU024,LOC02,54,0,synthetic
2026-05-18,SKU024,LOC02,42,0,synthetic
2026-05-19,SKU024,LOC03,40,0,synthetic
2026-05-20,SKU024,LOC03,49,0,synthetic
2026-05-21,SKU024,LOC02,46,0,synthetic
2026-05-22,SKU024,LOC02,44,0,synthetic
2026-05-23,SKU024,LOC03,47,0,synthetic
2026-05-24,SKU024,LOC03,48,0,synthetic
2026-05-25,SKU024,LOC02,43,0,synthetic
2026-05-26,SKU024,LOC02,42,0,synthetic
2026-05-27,SKU024,LOC03,46,0,synthetic
2026-05-28,SKU024,LOC02,42,0,synthetic
2026-05-29,SKU024,LOC02,40,0,synthetic
2026-05-30,SKU024,LOC03,45,0,synthetic
2026-05-31,SKU024,LOC03,46,0,synthetic
2026-06-01,SKU024,LOC03,56,1,synthetic
2026-06-02,SKU024,LOC02,37,0,synthetic
2026-06-03,SKU024,LOC02,51,1,synthetic
2026-06-04,SKU024,LOC03,47,0,synthetic
2026-06-05,SKU024,LOC02,38,0,synthetic
2026-06-06,SKU024,LOC02,48,0,synthetic
2026-06-07,SKU024,LOC03,49,0,synthetic
2026-06-08,SKU024,LOC02,62,1,synthetic
2026-06-09,SKU024,LOC02,42,0,synthetic
2026-06-10,SKU024,LOC02,43,0,synthetic
2026-06-11,SKU024,LOC03,39,0,synthetic
2026-06-12,SKU024,LOC03,43,0,synthetic
2026-06-13,SKU024,LOC03,54,0,synthetic
2026-06-14,SKU024,LOC03,44,0,synthetic
2026-06-15,SKU024,LOC02,35,0,synthetic
2026-06-16,SKU024,LOC02,37,0,synthetic
2026-06-17,SKU024,LOC02,41,0,synthetic
2026-06-18,SKU024,LOC03,44,0,synthetic
2026-06-19,SKU024,LOC03,36,0,synthetic
2026-06-20,SKU024,LOC02,46,0,synthetic
2026-06-21,SKU024,LOC02,50,0,synthetic
2026-06-22,SKU024,LOC02,35,0,synthetic
2026-06-23,SKU024,LOC02,55,1,synthetic
2026-06-24,SKU024,LOC02,39,0,synthetic
2026-06-25,SKU024,LOC03,59,1,synthetic
2026-06-26,SKU024,LOC02,60,1,synthetic
2026-06-27,SKU024,LOC02,50,0,synthetic
2026-06-28,SKU024,LOC02,48,0,synthetic
2026-06-29,SKU024,LOC02,44,0,synthetic
2026-06-30,SKU024,LOC02,45,0,synthetic
2026-07-01,SKU024,LOC02,49,0,synthetic
2026-07-02,SKU024,LOC02,41,0,synthetic
2026-07-03,SKU024,LOC03,44,0,synthetic
2026-07-04,SKU024,LOC03,47,0,synthetic
2026-07-05,SKU024,LOC02,45,0,synthetic
2026-07-06,SKU024,LOC02,38,0,synthetic
2026-07-07,SKU024,LOC03,39,0,synthetic
2026-07-08,SKU024,LOC03,42,0,synthetic
2026-07-09,SKU024,LOC03,44,0,synthetic
2026-07-10,SKU024,LOC03,46,0,synthetic
2026-07-11,SKU024,LOC02,47,0,synthetic
2026-07-12,SKU024,LOC03,52,0,synthetic
2026-07-13,SKU024,LOC02,37,0,synthetic
2026-07-14,SKU024,LOC03,40,0,synthetic
2026-07-15,SKU024,LOC02,52,1,synthetic
2026-07-16,SKU024,LOC03,45,0,synthetic
2026-07-17,SKU024,LOC02,40,0,synthetic
2026-07-18,SKU024,LOC03,48,0,synthetic
2026-07-19,SKU024,LOC03,53,0,synthetic
2026-07-20,SKU024,LOC03,46,0,synthetic
2026-07-21,SKU024,LOC03,57,1,synthetic
2026-07-22,SKU024,LOC03,48,0,synthetic
2026-07-23,SKU024,LOC02,43,0,synthetic
2026-07-24,SKU024,LOC02,41,0,synthetic
2026-07-25,SKU024,LOC02,48,0,synthetic
2026-07-26,SKU024,LOC02,38,0,synthetic
2026-07-27,SKU024,LOC03,52,0,synthetic
2026-07-28,SKU024,LOC03,42,0,synthetic
2026-07-29,SKU024,LOC02,47,0,synthetic
2026-07-30,SKU024,LOC02,45,0,synthetic
2026-07-31,SKU024,LOC02,36,0,synthetic
2026-08-01,SKU024,LOC02,40,0,synthetic
2026-08-02,SKU024,LOC02,33,0,synthetic
2026-08-03,SKU024,LOC03,33,0,synthetic
2026-08-04,SKU024,LOC02,30,0,synthetic
2026-08-05,SKU024,LOC03,38,0,synthetic
2025-08-06,SKU025,LOC02,61,0,synthetic
2025-08-07,SKU025,LOC03,52,0,synthetic
2025-08-08,SKU025,LOC03,48,0,synthetic
2025-08-09,SKU025,LOC02,62,0,synthetic
2025-08-10,SKU025,LOC02,78,0,synthetic
2025-08-11,SKU025,LOC03,63,0,synthetic
2025-08-12,SKU025,LOC03,49,0,synthetic
2025-08-13,SKU025,LOC03,62,0,synthetic
2025-08-14,SKU025,LOC02,75,0,synthetic
2025-08-15,SKU025,LOC03,63,0,synthetic
2025-08-16,SKU025,LOC02,82,0,synthetic
2025-08-17,SKU025,LOC02,56,0,synthetic
2025-08-18,SKU025,LOC02,48,0,synthetic
2025-08-19,SKU025,LOC03,56,0,synthetic
2025-08-20,SKU025,LOC03,64,0,synthetic
2025-08-21,SKU025,LOC02,66,0,synthetic
2025-08-22,SKU025,LOC03,49,0,synthetic
2025-08-23,SKU025,LOC02,55,0,synthetic
2025-08-24,SKU025,LOC03,64,0,synthetic
2025-08-25,SKU025,LOC02,72,0,synthetic
2025-08-26,SKU025,LOC03,66,0,synthetic
2025-08-27,SKU025,LOC02,70,0,synthetic
2025-08-28,SKU025,LOC02,60,0,synthetic
2025-08-29,SKU025,LOC03,53,0,synthetic
2025-08-30,SKU025,LOC03,68,0,synthetic
2025-08-31,SKU025,LOC03,69,0,synthetic
2025-09-01,SKU025,LOC02,75,0,synthetic
2025-09-02,SKU025,LOC03,45,0,synthetic
2025-09-03,SKU025,LOC03,58,0,synthetic
2025-09-04,SKU025,LOC02,60,0,synthetic
2025-09-05,SKU025,LOC02,62,0,synthetic
2025-09-06,SKU025,LOC03,59,0,synthetic
2025-09-07,SKU025,LOC03,78,0,synthetic
2025-09-08,SKU025,LOC02,55,0,synthetic
2025-09-09,SKU025,LOC03,58,0,synthetic
2025-09-10,SKU025,LOC02,65,0,synthetic
2025-09-11,SKU025,LOC02,64,0,synthetic
2025-09-12,SKU025,LOC03,57,0,synthetic
2025-09-13,SKU025,LOC03,71,0,synthetic
2025-09-14,SKU025,LOC03,61,0,synthetic
2025-09-15,SKU025,LOC02,51,0,synthetic
2025-09-16,SKU025,LOC02,59,0,synthetic
2025-09-17,SKU025,LOC02,67,0,synthetic
2025-09-18,SKU025,LOC03,52,0,synthetic
2025-09-19,SKU025,LOC02,48,0,synthetic
2025-09-20,SKU025,LOC02,72,0,synthetic
2025-09-21,SKU025,LOC03,69,0,synthetic
2025-09-22,SKU025,LOC02,56,0,synthetic
2025-09-23,SKU025,LOC03,69,0,synthetic
2025-09-24,SKU025,LOC02,69,0,synthetic
2025-09-25,SKU025,LOC03,52,0,synthetic
2025-09-26,SKU025,LOC03,54,0,synthetic
2025-09-27,SKU025,LOC02,56,0,synthetic
2025-09-28,SKU025,LOC02,65,0,synthetic
2025-09-29,SKU025,LOC02,61,0,synthetic
2025-09-30,SKU025,LOC03,70,0,synthetic
2025-10-01,SKU025,LOC03,65,0,synthetic
2025-10-02,SKU025,LOC03,52,0,synthetic
2025-10-03,SKU025,LOC03,76,0,synthetic
2025-10-04,SKU025,LOC02,81,0,synthetic
2025-10-05,SKU025,LOC02,61,0,synthetic
2025-10-06,SKU025,LOC03,52,0,synthetic
2025-10-07,SKU025,LOC03,61,0,synthetic
2025-10-08,SKU025,LOC03,59,0,synthetic
2025-10-09,SKU025,LOC02,54,0,synthetic
2025-10-10,SKU025,LOC03,60,0,synthetic
2025-10-11,SKU025,LOC02,73,0,synthetic
2025-10-12,SKU025,LOC03,65,0,synthetic
2025-10-13,SKU025,LOC02,50,0,synthetic
2025-10-14,SKU025,LOC03,65,0,synthetic
2025-10-15,SKU025,LOC02,83,0,synthetic
2025-10-16,SKU025,LOC02,68,0,synthetic
2025-10-17,SKU025,LOC03,61,0,synthetic
2025-10-18,SKU025,LOC03,68,0,synthetic
2025-10-19,SKU025,LOC02,63,0,synthetic
2025-10-20,SKU025,LOC03,71,0,synthetic
2025-10-21,SKU025,LOC03,61,0,synthetic
2025-10-22,SKU025,LOC03,54,0,synthetic
2025-10-23,SKU025,LOC02,49,0,synthetic
2025-10-24,SKU025,LOC03,54,0,synthetic
2025-10-25,SKU025,LOC03,60,0,synthetic
2025-10-26,SKU025,LOC02,72,0,synthetic
2025-10-27,SKU025,LOC02,70,0,synthetic
2025-10-28,SKU025,LOC03,66,0,synthetic
2025-10-29,SKU025,LOC02,70,0,synthetic
2025-10-30,SKU025,LOC02,49,0,synthetic
2025-10-31,SKU025,LOC03,87,1,synthetic
2025-11-01,SKU025,LOC02,68,0,synthetic
2025-11-02,SKU025,LOC02,78,0,synthetic
2025-11-03,SKU025,LOC02,53,0,synthetic
2025-11-04,SKU025,LOC02,57,0,synthetic
2025-11-05,SKU025,LOC03,67,0,synthetic
2025-11-06,SKU025,LOC03,60,0,synthetic
2025-11-07,SKU025,LOC03,51,0,synthetic
2025-11-08,SKU025,LOC02,65,0,synthetic
2025-11-09,SKU025,LOC02,66,0,synthetic
2025-11-10,SKU025,LOC02,59,0,synthetic
2025-11-11,SKU025,LOC02,74,0,synthetic
2025-11-12,SKU025,LOC03,63,0,synthetic
2025-11-13,SKU025,LOC02,55,0,synthetic
2025-11-14,SKU025,LOC03,59,0,synthetic
2025-11-15,SKU025,LOC03,81,0,synthetic
2025-11-16,SKU025,LOC03,62,0,synthetic
2025-11-17,SKU025,LOC02,51,0,synthetic
2025-11-18,SKU025,LOC03,63,0,synthetic
2025-11-19,SKU025,LOC03,57,0,synthetic
2025-11-20,SKU025,LOC02,58,0,synthetic
2025-11-21,SKU025,LOC02,76,0,synthetic
2025-11-22,SKU025,LOC03,72,0,synthetic
2025-11-23,SKU025,LOC03,76,0,synthetic
2025-11-24,SKU025,LOC03,68,0,synthetic
2025-11-25,SKU025,LOC03,53,0,synthetic
2025-11-26,SKU025,LOC03,61,0,synthetic
2025-11-27,SKU025,LOC03,61,0,synthetic
2025-11-28,SKU025,LOC03,57,0,synthetic
2025-11-29,SKU025,LOC02,72,0,synthetic
2025-11-30,SKU025,LOC02,58,0,synthetic
2025-12-01,SKU025,LOC03,72,0,synthetic
2025-12-02,SKU025,LOC02,59,0,synthetic
2025-12-03,SKU025,LOC03,44,0,synthetic
2025-12-04,SKU025,LOC02,69,0,synthetic
2025-12-05,SKU025,LOC02,67,0,synthetic
2025-12-06,SKU025,LOC03,53,0,synthetic
2025-12-07,SKU025,LOC03,63,0,synthetic
2025-12-08,SKU025,LOC02,61,0,synthetic
2025-12-09,SKU025,LOC02,58,0,synthetic
2025-12-10,SKU025,LOC02,68,0,synthetic
2025-12-11,SKU025,LOC02,55,0,synthetic
2025-12-12,SKU025,LOC02,65,0,synthetic
2025-12-13,SKU025,LOC02,87,0,synthetic
2025-12-14,SKU025,LOC03,80,0,synthetic
2025-12-15,SKU025,LOC02,75,0,synthetic
2025-12-16,SKU025,LOC02,81,1,synthetic
2025-12-17,SKU025,LOC02,65,0,synthetic
2025-12-18,SKU025,LOC03,60,0,synthetic
2025-12-19,SKU025,LOC02,67,0,synthetic
2025-12-20,SKU025,LOC02,67,0,synthetic
2025-12-21,SKU025,LOC03,75,0,synthetic
2025-12-22,SKU025,LOC03,59,0,synthetic
2025-12-23,SKU025,LOC03,78,1,synthetic
2025-12-24,SKU025,LOC03,35,0,synthetic
2025-12-25,SKU025,LOC03,50,0,synthetic
2025-12-26,SKU025,LOC03,66,0,synthetic
2025-12-27,SKU025,LOC02,81,0,synthetic
2025-12-28,SKU025,LOC03,74,0,synthetic
2025-12-29,SKU025,LOC03,68,0,synthetic
2025-12-30,SKU025,LOC03,56,0,synthetic
2025-12-31,SKU025,LOC03,63,0,synthetic
2026-01-01,SKU025,LOC03,62,0,synthetic
2026-01-02,SKU025,LOC02,59,0,synthetic
2026-01-03,SKU025,LOC03,61,0,synthetic
2026-01-04,SKU025,LOC02,60,0,synthetic
2026-01-05,SKU025,LOC02,50,0,synthetic
2026-01-06,SKU025,LOC02,59,0,synthetic
2026-01-07,SKU025,LOC03,56,0,synthetic
2026-01-08,SKU025,LOC03,60,0,synthetic
2026-01-09,SKU025,LOC03,65,0,synthetic
2026-01-10,SKU025,LOC03,57,0,synthetic
2026-01-11,SKU025,LOC03,53,0,synthetic
2026-01-12,SKU025,LOC03,62,0,synthetic
2026-01-13,SKU025,LOC02,56,0,synthetic
2026-01-14,SKU025,LOC03,61,0,synthetic
2026-01-15,SKU025,LOC02,58,0,synthetic
2026-01-16,SKU025,LOC03,55,0,synthetic
2026-01-17,SKU025,LOC02,57,0,synthetic
2026-01-18,SKU025,LOC03,71,0,synthetic
2026-01-19,SKU025,LOC02,58,0,synthetic
2026-01-20,SKU025,LOC03,50,0,synthetic
2026-01-21,SKU025,LOC03,39,0,synthetic
2026-01-22,SKU025,LOC02,56,0,synthetic
2026-01-23,SKU025,LOC02,49,0,synthetic
2026-01-24,SKU025,LOC03,70,0,synthetic
2026-01-25,SKU025,LOC02,67,0,synthetic
2026-01-26,SKU025,LOC02,53,0,synthetic
2026-01-27,SKU025,LOC02,54,0,synthetic
2026-01-28,SKU025,LOC02,53,0,synthetic
2026-01-29,SKU025,LOC03,61,0,synthetic
2026-01-30,SKU025,LOC02,47,0,synthetic
2026-01-31,SKU025,LOC02,60,0,synthetic
2026-02-01,SKU025,LOC03,62,0,synthetic
2026-02-02,SKU025,LOC03,53,0,synthetic
2026-02-03,SKU025,LOC02,54,0,synthetic
2026-02-04,SKU025,LOC02,60,0,synthetic
2026-02-05,SKU025,LOC03,42,0,synthetic
2026-02-06,SKU025,LOC03,58,0,synthetic
2026-02-07,SKU025,LOC03,77,0,synthetic
2026-02-08,SKU025,LOC03,57,0,synthetic
2026-02-09,SKU025,LOC03,73,0,synthetic
2026-02-10,SKU025,LOC02,58,0,synthetic
2026-02-11,SKU025,LOC03,68,0,synthetic
2026-02-12,SKU025,LOC03,73,1,synthetic
2026-02-13,SKU025,LOC02,56,0,synthetic
2026-02-14,SKU025,LOC02,58,0,synthetic
2026-02-15,SKU025,LOC03,74,0,synthetic
2026-02-16,SKU025,LOC03,60,0,synthetic
2026-02-17,SKU025,LOC02,69,0,synthetic
2026-02-18,SKU025,LOC03,61,0,synthetic
2026-02-19,SKU025,LOC02,61,0,synthetic
2026-02-20,SKU025,LOC02,36,0,synthetic
2026-02-21,SKU025,LOC02,59,0,synthetic
2026-02-22,SKU025,LOC02,72,0,synthetic
2026-02-23,SKU025,LOC03,42,0,synthetic
2026-02-24,SKU025,LOC02,40,0,synthetic
2026-02-25,SKU025,LOC03,50,0,synthetic
2026-02-26,SKU025,LOC02,55,0,synthetic
2026-02-27,SKU025,LOC03,50,0,synthetic
2026-02-28,SKU025,LOC03,53,0,synthetic
2026-03-01,SKU025,LOC03,73,0,synthetic
2026-03-02,SKU025,LOC03,60,0,synthetic
2026-03-03,SKU025,LOC02,52,0,synthetic
2026-03-04,SKU025,LOC03,59,0,synthetic
2026-03-05,SKU025,LOC02,73,0,synthetic
2026-03-06,SKU025,LOC03,54,0,synthetic
2026-03-07,SKU025,LOC03,76,0,synthetic
2026-03-08,SKU025,LOC03,75,0,synthetic
2026-03-09,SKU025,LOC03,50,0,synthetic
2026-03-10,SKU025,LOC03,54,0,synthetic
2026-03-11,SKU025,LOC02,64,0,synthetic
2026-03-12,SKU025,LOC02,68,0,synthetic
2026-03-13,SKU025,LOC02,68,0,synthetic
2026-03-14,SKU025,LOC02,58,0,synthetic
2026-03-15,SKU025,LOC03,63,0,synthetic
2026-03-16,SKU025,LOC02,66,0,synthetic
2026-03-17,SKU025,LOC03,64,0,synthetic
2026-03-18,SKU025,LOC03,62,0,synthetic
2026-03-19,SKU025,LOC02,65,0,synthetic
2026-03-20,SKU025,LOC03,61,0,synthetic
2026-03-21,SKU025,LOC03,79,0,synthetic
2026-03-22,SKU025,LOC02,67,0,synthetic
2026-03-23,SKU025,LOC02,64,0,synthetic
2026-03-24,SKU025,LOC03,64,0,synthetic
2026-03-25,SKU025,LOC02,61,0,synthetic
2026-03-26,SKU025,LOC03,67,0,synthetic
2026-03-27,SKU025,LOC03,46,0,synthetic
2026-03-28,SKU025,LOC03,78,0,synthetic
2026-03-29,SKU025,LOC03,54,0,synthetic
2026-03-30,SKU025,LOC02,65,0,synthetic
2026-03-31,SKU025,LOC03,63,0,synthetic
2026-04-01,SKU025,LOC03,65,0,synthetic
2026-04-02,SKU025,LOC02,64,0,synthetic
2026-04-03,SKU025,LOC02,65,0,synthetic
2026-04-04,SKU025,LOC02,73,0,synthetic
2026-04-05,SKU025,LOC02,63,0,synthetic
2026-04-06,SKU025,LOC02,65,0,synthetic
2026-04-07,SKU025,LOC03,56,0,synthetic
2026-04-08,SKU025,LOC02,46,0,synthetic
2026-04-09,SKU025,LOC03,51,0,synthetic
2026-04-10,SKU025,LOC02,76,0,synthetic
2026-04-11,SKU025,LOC02,64,0,synthetic
2026-04-12,SKU025,LOC02,77,0,synthetic
2026-04-13,SKU025,LOC02,60,0,synthetic
2026-04-14,SKU025,LOC02,63,0,synthetic
2026-04-15,SKU025,LOC02,58,0,synthetic
2026-04-16,SKU025,LOC03,62,0,synthetic
2026-04-17,SKU025,LOC03,71,0,synthetic
2026-04-18,SKU025,LOC03,94,1,synthetic
2026-04-19,SKU025,LOC02,72,0,synthetic
2026-04-20,SKU025,LOC03,79,0,synthetic
2026-04-21,SKU025,LOC03,55,0,synthetic
2026-04-22,SKU025,LOC02,76,0,synthetic
2026-04-23,SKU025,LOC02,69,0,synthetic
2026-04-24,SKU025,LOC03,70,0,synthetic
2026-04-25,SKU025,LOC02,65,0,synthetic
2026-04-26,SKU025,LOC02,73,0,synthetic
2026-04-27,SKU025,LOC03,52,0,synthetic
2026-04-28,SKU025,LOC03,92,1,synthetic
2026-04-29,SKU025,LOC02,56,0,synthetic
2026-04-30,SKU025,LOC02,63,0,synthetic
2026-05-01,SKU025,LOC02,64,0,synthetic
2026-05-02,SKU025,LOC03,73,0,synthetic
2026-05-03,SKU025,LOC03,94,0,synthetic
2026-05-04,SKU025,LOC02,74,0,synthetic
2026-05-05,SKU025,LOC03,66,0,synthetic
2026-05-06,SKU025,LOC02,80,0,synthetic
2026-05-07,SKU025,LOC02,73,0,synthetic
2026-05-08,SKU025,LOC03,73,0,synthetic
2026-05-09,SKU025,LOC02,99,1,synthetic
2026-05-10,SKU025,LOC02,69,0,synthetic
2026-05-11,SKU025,LOC02,69,0,synthetic
2026-05-12,SKU025,LOC03,74,0,synthetic
2026-05-13,SKU025,LOC03,84,0,synthetic
2026-05-14,SKU025,LOC02,62,0,synthetic
2026-05-15,SKU025,LOC02,59,0,synthetic
2026-05-16,SKU025,LOC02,85,0,synthetic
2026-05-17,SKU025,LOC02,89,0,synthetic
2026-05-18,SKU025,LOC03,99,1,synthetic
2026-05-19,SKU025,LOC02,71,0,synthetic
2026-05-20,SKU025,LOC02,66,0,synthetic
2026-05-21,SKU025,LOC02,62,0,synthetic
2026-05-22,SKU025,LOC03,79,0,synthetic
2026-05-23,SKU025,LOC02,75,0,synthetic
2026-05-24,SKU025,LOC03,104,0,synthetic
2026-05-25,SKU025,LOC03,83,0,synthetic
2026-05-26,SKU025,LOC03,64,0,synthetic
2026-05-27,SKU025,LOC02,75,0,synthetic
2026-05-28,SKU025,LOC02,68,0,synthetic
2026-05-29,SKU025,LOC02,70,0,synthetic
2026-05-30,SKU025,LOC02,86,0,synthetic
2026-05-31,SKU025,LOC02,76,0,synthetic
2026-06-01,SKU025,LOC03,88,0,synthetic
2026-06-02,SKU025,LOC03,72,0,synthetic
2026-06-03,SKU025,LOC03,76,0,synthetic
2026-06-04,SKU025,LOC03,83,0,synthetic
2026-06-05,SKU025,LOC03,71,0,synthetic
2026-06-06,SKU025,LOC03,78,0,synthetic
2026-06-07,SKU025,LOC02,73,0,synthetic
2026-06-08,SKU025,LOC02,83,0,synthetic
2026-06-09,SKU025,LOC03,74,0,synthetic
2026-06-10,SKU025,LOC03,81,0,synthetic
2026-06-11,SKU025,LOC02,63,0,synthetic
2026-06-12,SKU025,LOC02,80,0,synthetic
2026-06-13,SKU025,LOC03,87,0,synthetic
2026-06-14,SKU025,LOC03,81,0,synthetic
2026-06-15,SKU025,LOC03,55,0,synthetic
2026-06-16,SKU025,LOC02,106,1,synthetic
2026-06-17,SKU025,LOC03,71,0,synthetic
2026-06-18,SKU025,LOC02,78,0,synthetic
2026-06-19,SKU025,LOC02,74,0,synthetic
2026-06-20,SKU025,LOC03,81,0,synthetic
2026-06-21,SKU025,LOC03,78,0,synthetic
2026-06-22,SKU025,LOC02,72,0,synthetic
2026-06-23,SKU025,LOC02,78,0,synthetic
2026-06-24,SKU025,LOC03,61,0,synthetic
2026-06-25,SKU025,LOC02,51,0,synthetic
2026-06-26,SKU025,LOC03,57,0,synthetic
2026-06-27,SKU025,LOC02,77,0,synthetic
2026-06-28,SKU025,LOC02,83,0,synthetic
2026-06-29,SKU025,LOC03,74,0,synthetic
2026-06-30,SKU025,LOC02,73,0,synthetic
2026-07-01,SKU025,LOC02,85,0,synthetic
2026-07-02,SKU025,LOC03,75,0,synthetic
2026-07-03,SKU025,LOC03,67,0,synthetic
2026-07-04,SKU025,LOC03,94,0,synthetic
2026-07-05,SKU025,LOC03,81,0,synthetic
2026-07-06,SKU025,LOC03,79,0,synthetic
2026-07-07,SKU025,LOC02,68,0,synthetic
2026-07-08,SKU025,LOC03,82,0,synthetic
2026-07-09,SKU025,LOC02,81,0,synthetic
2026-07-10,SKU025,LOC02,77,0,synthetic
2026-07-11,SKU025,LOC03,85,0,synthetic
2026-07-12,SKU025,LOC03,69,0,synthetic
2026-07-13,SKU025,LOC02,59,0,synthetic
2026-07-14,SKU025,LOC02,76,0,synthetic
2026-07-15,SKU025,LOC02,84,0,synthetic
2026-07-16,SKU025,LOC03,77,0,synthetic
2026-07-17,SKU025,LOC03,68,0,synthetic
2026-07-18,SKU025,LOC02,84,0,synthetic
2026-07-19,SKU025,LOC02,89,0,synthetic
2026-07-20,SKU025,LOC03,97,1,synthetic
2026-07-21,SKU025,LOC02,77,0,synthetic
2026-07-22,SKU025,LOC02,71,0,synthetic
2026-07-23,SKU025,LOC02,70,0,synthetic
2026-07-24,SKU025,LOC03,69,0,synthetic
2026-07-25,SKU025,LOC03,98,0,synthetic
2026-07-26,SKU025,LOC03,75,0,synthetic
2026-07-27,SKU025,LOC02,69,0,synthetic
2026-07-28,SKU025,LOC02,70,0,synthetic
2026-07-29,SKU025,LOC03,74,0,synthetic
2026-07-30,SKU025,LOC03,72,0,synthetic
2026-07-31,SKU025,LOC03,65,0,synthetic
2026-08-01,SKU025,LOC03,65,0,synthetic
2026-08-02,SKU025,LOC03,92,1,synthetic
2026-08-03,SKU025,LOC03,51,0,synthetic
2026-08-04,SKU025,LOC02,50,0,synthetic
2026-08-05,SKU025,LOC03,82,0,synthetic
2025-08-06,SKU026,LOC02,17,0,synthetic
2025-08-07,SKU026,LOC02,26,0,synthetic
2025-08-08,SKU026,LOC02,24,0,synthetic
2025-08-09,SKU026,LOC03,42,1,synthetic
2025-08-10,SKU026,LOC03,36,0,synthetic
2025-08-11,SKU026,LOC02,31,0,synthetic
2025-08-12,SKU026,LOC03,27,0,synthetic
2025-08-13,SKU026,LOC02,24,0,synthetic
2025-08-14,SKU026,LOC02,32,0,synthetic
2025-08-15,SKU026,LOC03,26,0,synthetic
2025-08-16,SKU026,LOC02,31,0,synthetic
2025-08-17,SKU026,LOC03,30,0,synthetic
2025-08-18,SKU026,LOC02,28,0,synthetic
2025-08-19,SKU026,LOC02,33,0,synthetic
2025-08-20,SKU026,LOC02,25,0,synthetic
2025-08-21,SKU026,LOC03,26,0,synthetic
2025-08-22,SKU026,LOC02,35,0,synthetic
2025-08-23,SKU026,LOC03,31,0,synthetic
2025-08-24,SKU026,LOC03,32,0,synthetic
2025-08-25,SKU026,LOC02,26,0,synthetic
2025-08-26,SKU026,LOC03,26,0,synthetic
2025-08-27,SKU026,LOC02,28,0,synthetic
2025-08-28,SKU026,LOC03,21,0,synthetic
2025-08-29,SKU026,LOC03,28,0,synthetic
2025-08-30,SKU026,LOC02,30,0,synthetic
2025-08-31,SKU026,LOC02,35,0,synthetic
2025-09-01,SKU026,LOC03,22,0,synthetic
2025-09-02,SKU026,LOC02,34,1,synthetic
2025-09-03,SKU026,LOC03,26,0,synthetic
2025-09-04,SKU026,LOC02,19,0,synthetic
2025-09-05,SKU026,LOC02,29,0,synthetic
2025-09-06,SKU026,LOC02,24,0,synthetic
2025-09-07,SKU026,LOC03,30,0,synthetic
2025-09-08,SKU026,LOC03,24,0,synthetic
2025-09-09,SKU026,LOC03,28,0,synthetic
2025-09-10,SKU026,LOC02,24,0,synthetic
2025-09-11,SKU026,LOC03,29,0,synthetic
2025-09-12,SKU026,LOC02,31,0,synthetic
2025-09-13,SKU026,LOC02,31,0,synthetic
2025-09-14,SKU026,LOC02,37,0,synthetic
2025-09-15,SKU026,LOC02,26,0,synthetic
2025-09-16,SKU026,LOC03,27,0,synthetic
2025-09-17,SKU026,LOC03,23,0,synthetic
2025-09-18,SKU026,LOC03,28,0,synthetic
2025-09-19,SKU026,LOC03,24,0,synthetic
2025-09-20,SKU026,LOC03,30,0,synthetic
2025-09-21,SKU026,LOC02,31,0,synthetic
2025-09-22,SKU026,LOC03,30,0,synthetic
2025-09-23,SKU026,LOC02,27,0,synthetic
2025-09-24,SKU026,LOC02,25,0,synthetic
2025-09-25,SKU026,LOC02,22,0,synthetic
2025-09-26,SKU026,LOC03,26,0,synthetic
2025-09-27,SKU026,LOC03,25,0,synthetic
2025-09-28,SKU026,LOC03,30,0,synthetic
2025-09-29,SKU026,LOC02,23,0,synthetic
2025-09-30,SKU026,LOC03,24,0,synthetic
2025-10-01,SKU026,LOC02,35,0,synthetic
2025-10-02,SKU026,LOC02,30,0,synthetic
2025-10-03,SKU026,LOC03,30,0,synthetic
2025-10-04,SKU026,LOC02,29,0,synthetic
2025-10-05,SKU026,LOC02,34,0,synthetic
2025-10-06,SKU026,LOC03,28,0,synthetic
2025-10-07,SKU026,LOC02,18,0,synthetic
2025-10-08,SKU026,LOC03,28,0,synthetic
2025-10-09,SKU026,LOC02,27,0,synthetic
2025-10-10,SKU026,LOC02,24,0,synthetic
2025-10-11,SKU026,LOC03,29,0,synthetic
2025-10-12,SKU026,LOC02,34,0,synthetic
2025-10-13,SKU026,LOC03,28,0,synthetic
2025-10-14,SKU026,LOC02,34,0,synthetic
2025-10-15,SKU026,LOC03,32,0,synthetic
2025-10-16,SKU026,LOC02,24,0,synthetic
2025-10-17,SKU026,LOC03,29,0,synthetic
2025-10-18,SKU026,LOC02,26,0,synthetic
2025-10-19,SKU026,LOC02,34,0,synthetic
2025-10-20,SKU026,LOC02,35,0,synthetic
2025-10-21,SKU026,LOC02,24,0,synthetic
2025-10-22,SKU026,LOC03,29,0,synthetic
2025-10-23,SKU026,LOC02,24,0,synthetic
2025-10-24,SKU026,LOC03,28,0,synthetic
2025-10-25,SKU026,LOC03,28,0,synthetic
2025-10-26,SKU026,LOC03,28,0,synthetic
2025-10-27,SKU026,LOC02,29,0,synthetic
2025-10-28,SKU026,LOC02,29,0,synthetic
2025-10-29,SKU026,LOC02,30,0,synthetic
2025-10-30,SKU026,LOC02,27,0,synthetic
2025-10-31,SKU026,LOC03,27,0,synthetic
2025-11-01,SKU026,LOC03,34,0,synthetic
2025-11-02,SKU026,LOC02,30,0,synthetic
2025-11-03,SKU026,LOC03,32,0,synthetic
2025-11-04,SKU026,LOC03,25,0,synthetic
2025-11-05,SKU026,LOC03,30,0,synthetic
2025-11-06,SKU026,LOC03,31,0,synthetic
2025-11-07,SKU026,LOC03,35,0,synthetic
2025-11-08,SKU026,LOC02,28,0,synthetic
2025-11-09,SKU026,LOC02,30,0,synthetic
2025-11-10,SKU026,LOC02,32,0,synthetic
2025-11-11,SKU026,LOC03,29,0,synthetic
2025-11-12,SKU026,LOC02,35,0,synthetic
2025-11-13,SKU026,LOC02,31,0,synthetic
2025-11-14,SKU026,LOC03,35,0,synthetic
2025-11-15,SKU026,LOC03,29,0,synthetic
2025-11-16,SKU026,LOC02,25,0,synthetic
2025-11-17,SKU026,LOC03,38,0,synthetic
2025-11-18,SKU026,LOC02,26,0,synthetic
2025-11-19,SKU026,LOC02,28,0,synthetic
2025-11-20,SKU026,LOC03,27,0,synthetic
2025-11-21,SKU026,LOC03,29,0,synthetic
2025-11-22,SKU026,LOC02,36,1,synthetic
2025-11-23,SKU026,LOC02,35,0,synthetic
2025-11-24,SKU026,LOC03,26,0,synthetic
2025-11-25,SKU026,LOC02,31,0,synthetic
2025-11-26,SKU026,LOC03,27,0,synthetic
2025-11-27,SKU026,LOC03,25,0,synthetic
2025-11-28,SKU026,LOC03,28,0,synthetic
2025-11-29,SKU026,LOC03,33,0,synthetic
2025-11-30,SKU026,LOC02,31,0,synthetic
2025-12-01,SKU026,LOC02,28,0,synthetic
2025-12-02,SKU026,LOC02,24,0,synthetic
2025-12-03,SKU026,LOC02,25,0,synthetic
2025-12-04,SKU026,LOC02,30,0,synthetic
2025-12-05,SKU026,LOC03,29,0,synthetic
2025-12-06,SKU026,LOC03,30,0,synthetic
2025-12-07,SKU026,LOC02,44,1,synthetic
2025-12-08,SKU026,LOC02,27,0,synthetic
2025-12-09,SKU026,LOC02,21,0,synthetic
2025-12-10,SKU026,LOC03,32,0,synthetic
2025-12-11,SKU026,LOC02,31,0,synthetic
2025-12-12,SKU026,LOC03,29,0,synthetic
2025-12-13,SKU026,LOC03,31,0,synthetic
2025-12-14,SKU026,LOC02,35,0,synthetic
2025-12-15,SKU026,LOC02,28,0,synthetic
2025-12-16,SKU026,LOC02,31,0,synthetic
2025-12-17,SKU026,LOC03,30,0,synthetic
2025-12-18,SKU026,LOC02,29,0,synthetic
2025-12-19,SKU026,LOC03,27,0,synthetic
2025-12-20,SKU026,LOC02,35,0,synthetic
2025-12-21,SKU026,LOC02,31,0,synthetic
2025-12-22,SKU026,LOC02,29,0,synthetic
2025-12-23,SKU026,LOC03,29,0,synthetic
2025-12-24,SKU026,LOC03,23,0,synthetic
2025-12-25,SKU026,LOC02,25,0,synthetic
2025-12-26,SKU026,LOC03,20,0,synthetic
2025-12-27,SKU026,LOC02,36,0,synthetic
2025-12-28,SKU026,LOC02,32,0,synthetic
2025-12-29,SKU026,LOC03,26,0,synthetic
2025-12-30,SKU026,LOC02,28,0,synthetic
2025-12-31,SKU026,LOC02,33,0,synthetic
2026-01-01,SKU026,LOC02,25,0,synthetic
2026-01-02,SKU026,LOC02,43,1,synthetic
2026-01-03,SKU026,LOC02,28,0,synthetic
2026-01-04,SKU026,LOC02,29,0,synthetic
2026-01-05,SKU026,LOC03,21,0,synthetic
2026-01-06,SKU026,LOC02,28,0,synthetic
2026-01-07,SKU026,LOC02,26,0,synthetic
2026-01-08,SKU026,LOC02,27,0,synthetic
2026-01-09,SKU026,LOC02,26,0,synthetic
2026-01-10,SKU026,LOC02,22,0,synthetic
2026-01-11,SKU026,LOC02,31,0,synthetic
2026-01-12,SKU026,LOC03,26,0,synthetic
2026-01-13,SKU026,LOC02,24,0,synthetic
2026-01-14,SKU026,LOC03,23,0,synthetic
2026-01-15,SKU026,LOC03,28,0,synthetic
2026-01-16,SKU026,LOC02,28,0,synthetic
2026-01-17,SKU026,LOC02,29,0,synthetic
2026-01-18,SKU026,LOC02,27,0,synthetic
2026-01-19,SKU026,LOC03,24,0,synthetic
2026-01-20,SKU026,LOC03,18,0,synthetic
2026-01-21,SKU026,LOC02,24,0,synthetic
2026-01-22,SKU026,LOC02,29,0,synthetic
2026-01-23,SKU026,LOC02,17,0,synthetic
2026-01-24,SKU026,LOC03,29,0,synthetic
2026-01-25,SKU026,LOC03,41,1,synthetic
2026-01-26,SKU026,LOC03,27,0,synthetic
2026-01-27,SKU026,LOC02,25,0,synthetic
2026-01-28,SKU026,LOC02,23,0,synthetic
2026-01-29,SKU026,LOC02,26,0,synthetic
2026-01-30,SKU026,LOC02,22,0,synthetic
2026-01-31,SKU026,LOC03,24,0,synthetic
2026-02-01,SKU026,LOC02,30,0,synthetic
2026-02-02,SKU026,LOC02,20,0,synthetic
2026-02-03,SKU026,LOC02,22,0,synthetic
2026-02-04,SKU026,LOC02,22,0,synthetic
2026-02-05,SKU026,LOC02,22,0,synthetic
2026-02-06,SKU026,LOC02,21,0,synthetic
2026-02-07,SKU026,LOC02,38,0,synthetic
2026-02-08,SKU026,LOC03,24,0,synthetic
2026-02-09,SKU026,LOC02,22,0,synthetic
2026-02-10,SKU026,LOC03,25,0,synthetic
2026-02-11,SKU026,LOC02,27,0,synthetic
2026-02-12,SKU026,LOC02,30,0,synthetic
2026-02-13,SKU026,LOC03,28,0,synthetic
2026-02-14,SKU026,LOC02,23,0,synthetic
2026-02-15,SKU026,LOC02,24,0,synthetic
2026-02-16,SKU026,LOC03,23,0,synthetic
2026-02-17,SKU026,LOC03,30,0,synthetic
2026-02-18,SKU026,LOC02,23,0,synthetic
2026-02-19,SKU026,LOC03,30,0,synthetic
2026-02-20,SKU026,LOC02,23,0,synthetic
2026-02-21,SKU026,LOC02,29,0,synthetic
2026-02-22,SKU026,LOC03,31,0,synthetic
2026-02-23,SKU026,LOC02,28,0,synthetic
2026-02-24,SKU026,LOC02,17,0,synthetic
2026-02-25,SKU026,LOC03,20,0,synthetic
2026-02-26,SKU026,LOC02,25,0,synthetic
2026-02-27,SKU026,LOC02,27,0,synthetic
2026-02-28,SKU026,LOC03,26,0,synthetic
2026-03-01,SKU026,LOC02,30,0,synthetic
2026-03-02,SKU026,LOC03,28,0,synthetic
2026-03-03,SKU026,LOC03,22,0,synthetic
2026-03-04,SKU026,LOC02,23,0,synthetic
2026-03-05,SKU026,LOC03,23,0,synthetic
2026-03-06,SKU026,LOC03,20,0,synthetic
2026-03-07,SKU026,LOC03,34,0,synthetic
2026-03-08,SKU026,LOC03,31,0,synthetic
2026-03-09,SKU026,LOC03,31,0,synthetic
2026-03-10,SKU026,LOC03,23,0,synthetic
2026-03-11,SKU026,LOC03,26,0,synthetic
2026-03-12,SKU026,LOC03,26,0,synthetic
2026-03-13,SKU026,LOC03,36,1,synthetic
2026-03-14,SKU026,LOC03,30,0,synthetic
2026-03-15,SKU026,LOC02,28,0,synthetic
2026-03-16,SKU026,LOC03,27,0,synthetic
2026-03-17,SKU026,LOC02,34,0,synthetic
2026-03-18,SKU026,LOC02,31,0,synthetic
2026-03-19,SKU026,LOC03,37,1,synthetic
2026-03-20,SKU026,LOC03,22,0,synthetic
2026-03-21,SKU026,LOC02,27,0,synthetic
2026-03-22,SKU026,LOC02,29,0,synthetic
2026-03-23,SKU026,LOC02,30,0,synthetic
2026-03-24,SKU026,LOC03,24,0,synthetic
2026-03-25,SKU026,LOC02,29,0,synthetic
2026-03-26,SKU026,LOC02,25,0,synthetic
2026-03-27,SKU026,LOC03,34,0,synthetic
2026-03-28,SKU026,LOC03,26,0,synthetic
2026-03-29,SKU026,LOC03,38,0,synthetic
2026-03-30,SKU026,LOC03,25,0,synthetic
2026-03-31,SKU026,LOC02,32,0,synthetic
2026-04-01,SKU026,LOC02,24,0,synthetic
2026-04-02,SKU026,LOC02,25,0,synthetic
2026-04-03,SKU026,LOC03,29,0,synthetic
2026-04-04,SKU026,LOC02,33,0,synthetic
2026-04-05,SKU026,LOC02,31,0,synthetic
2026-04-06,SKU026,LOC03,27,0,synthetic
2026-04-07,SKU026,LOC03,25,0,synthetic
2026-04-08,SKU026,LOC02,35,0,synthetic
2026-04-09,SKU026,LOC03,21,0,synthetic
2026-04-10,SKU026,LOC02,29,0,synthetic
2026-04-11,SKU026,LOC02,22,0,synthetic
2026-04-12,SKU026,LOC03,37,0,synthetic
2026-04-13,SKU026,LOC02,23,0,synthetic
2026-04-14,SKU026,LOC02,18,0,synthetic
2026-04-15,SKU026,LOC02,30,0,synthetic
2026-04-16,SKU026,LOC02,32,0,synthetic
2026-04-17,SKU026,LOC03,17,0,synthetic
2026-04-18,SKU026,LOC03,34,0,synthetic
2026-04-19,SKU026,LOC02,30,0,synthetic
2026-04-20,SKU026,LOC02,35,1,synthetic
2026-04-21,SKU026,LOC02,21,0,synthetic
2026-04-22,SKU026,LOC02,28,0,synthetic
2026-04-23,SKU026,LOC02,23,0,synthetic
2026-04-24,SKU026,LOC03,25,0,synthetic
2026-04-25,SKU026,LOC03,26,0,synthetic
2026-04-26,SKU026,LOC03,39,1,synthetic
2026-04-27,SKU026,LOC02,32,0,synthetic
2026-04-28,SKU026,LOC02,35,1,synthetic
2026-04-29,SKU026,LOC03,21,0,synthetic
2026-04-30,SKU026,LOC02,31,0,synthetic
2026-05-01,SKU026,LOC02,34,0,synthetic
2026-05-02,SKU026,LOC03,36,0,synthetic
2026-05-03,SKU026,LOC02,38,0,synthetic
2026-05-04,SKU026,LOC02,36,0,synthetic
2026-05-05,SKU026,LOC02,35,0,synthetic
2026-05-06,SKU026,LOC02,32,0,synthetic
2026-05-07,SKU026,LOC02,29,0,synthetic
2026-05-08,SKU026,LOC03,30,0,synthetic
2026-05-09,SKU026,LOC03,39,0,synthetic
2026-05-10,SKU026,LOC03,39,0,synthetic
2026-05-11,SKU026,LOC03,32,0,synthetic
2026-05-12,SKU026,LOC02,28,0,synthetic
2026-05-13,SKU026,LOC03,40,0,synthetic
2026-05-14,SKU026,LOC03,32,0,synthetic
2026-05-15,SKU026,LOC02,28,0,synthetic
2026-05-16,SKU026,LOC03,36,0,synthetic
2026-05-17,SKU026,LOC02,37,0,synthetic
2026-05-18,SKU026,LOC02,36,0,synthetic
2026-05-19,SKU026,LOC02,27,0,synthetic
2026-05-20,SKU026,LOC02,36,0,synthetic
2026-05-21,SKU026,LOC03,28,0,synthetic
2026-05-22,SKU026,LOC02,29,0,synthetic
2026-05-23,SKU026,LOC03,31,0,synthetic
2026-05-24,SKU026,LOC03,35,0,synthetic
2026-05-25,SKU026,LOC02,37,0,synthetic
2026-05-26,SKU026,LOC03,35,0,synthetic
2026-05-27,SKU026,LOC03,33,0,synthetic
2026-05-28,SKU026,LOC02,36,0,synthetic
2026-05-29,SKU026,LOC03,31,0,synthetic
2026-05-30,SKU026,LOC02,36,0,synthetic
2026-05-31,SKU026,LOC03,33,0,synthetic
2026-06-01,SKU026,LOC03,49,1,synthetic
2026-06-02,SKU026,LOC02,34,0,synthetic
2026-06-03,SKU026,LOC03,35,0,synthetic
2026-06-04,SKU026,LOC03,35,0,synthetic
2026-06-05,SKU026,LOC02,30,0,synthetic
2026-06-06,SKU026,LOC03,36,0,synthetic
2026-06-07,SKU026,LOC02,33,0,synthetic
2026-06-08,SKU026,LOC02,32,0,synthetic
2026-06-09,SKU026,LOC03,30,0,synthetic
2026-06-10,SKU026,LOC03,31,0,synthetic
2026-06-11,SKU026,LOC02,36,0,synthetic
2026-06-12,SKU026,LOC03,29,0,synthetic
2026-06-13,SKU026,LOC02,35,0,synthetic
2026-06-14,SKU026,LOC03,40,0,synthetic
2026-06-15,SKU026,LOC02,37,0,synthetic
2026-06-16,SKU026,LOC03,30,0,synthetic
2026-06-17,SKU026,LOC02,34,0,synthetic
2026-06-18,SKU026,LOC02,29,0,synthetic
2026-06-19,SKU026,LOC02,33,0,synthetic
2026-06-20,SKU026,LOC03,37,0,synthetic
2026-06-21,SKU026,LOC03,33,0,synthetic
2026-06-22,SKU026,LOC02,38,1,synthetic
2026-06-23,SKU026,LOC03,28,0,synthetic
2026-06-24,SKU026,LOC03,35,0,synthetic
2026-06-25,SKU026,LOC03,32,0,synthetic
2026-06-26,SKU026,LOC02,27,0,synthetic
2026-06-27,SKU026,LOC02,33,0,synthetic
2026-06-28,SKU026,LOC02,53,1,synthetic
2026-06-29,SKU026,LOC03,37,0,synthetic
2026-06-30,SKU026,LOC03,29,0,synthetic
2026-07-01,SKU026,LOC03,28,0,synthetic
2026-07-02,SKU026,LOC02,25,0,synthetic
2026-07-03,SKU026,LOC02,27,0,synthetic
2026-07-04,SKU026,LOC02,36,0,synthetic
2026-07-05,SKU026,LOC02,35,0,synthetic
2026-07-06,SKU026,LOC02,31,0,synthetic
2026-07-07,SKU026,LOC02,33,0,synthetic
2026-07-08,SKU026,LOC03,34,0,synthetic
2026-07-09,SKU026,LOC03,34,0,synthetic
2026-07-10,SKU026,LOC02,31,0,synthetic
2026-07-11,SKU026,LOC02,38,0,synthetic
2026-07-12,SKU026,LOC03,34,0,synthetic
2026-07-13,SKU026,LOC03,30,0,synthetic
2026-07-14,SKU026,LOC02,28,0,synthetic
2026-07-15,SKU026,LOC03,36,0,synthetic
2026-07-16,SKU026,LOC03,36,0,synthetic
2026-07-17,SKU026,LOC02,27,0,synthetic
2026-07-18,SKU026,LOC02,32,0,synthetic
2026-07-19,SKU026,LOC03,30,0,synthetic
2026-07-20,SKU026,LOC03,33,0,synthetic
2026-07-21,SKU026,LOC02,27,0,synthetic
2026-07-22,SKU026,LOC03,42,1,synthetic
2026-07-23,SKU026,LOC02,28,0,synthetic
2026-07-24,SKU026,LOC03,36,0,synthetic
2026-07-25,SKU026,LOC02,34,0,synthetic
2026-07-26,SKU026,LOC02,36,0,synthetic
2026-07-27,SKU026,LOC02,41,1,synthetic
2026-07-28,SKU026,LOC02,25,0,synthetic
2026-07-29,SKU026,LOC02,31,0,synthetic
2026-07-30,SKU026,LOC03,37,0,synthetic
2026-07-31,SKU026,LOC02,31,0,synthetic
2026-08-01,SKU026,LOC02,29,0,synthetic
2026-08-02,SKU026,LOC02,31,0,synthetic
2026-08-03,SKU026,LOC03,30,0,synthetic
2026-08-04,SKU026,LOC02,22,0,synthetic
2026-08-05,SKU026,LOC03,28,0,synthetic
2025-08-06,SKU027,LOC02,21,0,synthetic
2025-08-07,SKU027,LOC02,22,0,synthetic
2025-08-08,SKU027,LOC03,21,0,synthetic
2025-08-09,SKU027,LOC02,21,0,synthetic
2025-08-10,SKU027,LOC02,21,0,synthetic
2025-08-11,SKU027,LOC03,20,0,synthetic
2025-08-12,SKU027,LOC03,17,0,synthetic
2025-08-13,SKU027,LOC03,17,0,synthetic
2025-08-14,SKU027,LOC02,15,0,synthetic
2025-08-15,SKU027,LOC03,15,0,synthetic
2025-08-16,SKU027,LOC03,24,0,synthetic
2025-08-17,SKU027,LOC03,20,0,synthetic
2025-08-18,SKU027,LOC03,16,0,synthetic
2025-08-19,SKU027,LOC03,22,0,synthetic
2025-08-20,SKU027,LOC03,13,0,synthetic
2025-08-21,SKU027,LOC03,17,0,synthetic
2025-08-22,SKU027,LOC02,21,0,synthetic
2025-08-23,SKU027,LOC03,21,0,synthetic
2025-08-24,SKU027,LOC02,22,0,synthetic
2025-08-25,SKU027,LOC03,15,0,synthetic
2025-08-26,SKU027,LOC03,19,0,synthetic
2025-08-27,SKU027,LOC02,17,0,synthetic
2025-08-28,SKU027,LOC02,18,0,synthetic
2025-08-29,SKU027,LOC02,23,0,synthetic
2025-08-30,SKU027,LOC02,19,0,synthetic
2025-08-31,SKU027,LOC03,19,0,synthetic
2025-09-01,SKU027,LOC03,22,0,synthetic
2025-09-02,SKU027,LOC02,13,0,synthetic
2025-09-03,SKU027,LOC03,18,0,synthetic
2025-09-04,SKU027,LOC03,16,0,synthetic
2025-09-05,SKU027,LOC02,24,0,synthetic
2025-09-06,SKU027,LOC03,22,0,synthetic
2025-09-07,SKU027,LOC03,20,0,synthetic
2025-09-08,SKU027,LOC03,21,0,synthetic
2025-09-09,SKU027,LOC02,15,0,synthetic
2025-09-10,SKU027,LOC02,18,0,synthetic
2025-09-11,SKU027,LOC03,19,0,synthetic
2025-09-12,SKU027,LOC02,19,0,synthetic
2025-09-13,SKU027,LOC03,20,0,synthetic
2025-09-14,SKU027,LOC02,22,0,synthetic
2025-09-15,SKU027,LOC03,22,0,synthetic
2025-09-16,SKU027,LOC02,18,0,synthetic
2025-09-17,SKU027,LOC02,19,0,synthetic
2025-09-18,SKU027,LOC03,19,0,synthetic
2025-09-19,SKU027,LOC02,18,0,synthetic
2025-09-20,SKU027,LOC02,17,0,synthetic
2025-09-21,SKU027,LOC02,17,0,synthetic
2025-09-22,SKU027,LOC02,16,0,synthetic
2025-09-23,SKU027,LOC03,14,0,synthetic
2025-09-24,SKU027,LOC02,25,1,synthetic
2025-09-25,SKU027,LOC03,20,0,synthetic
2025-09-26,SKU027,LOC03,23,0,synthetic
2025-09-27,SKU027,LOC02,21,0,synthetic
2025-09-28,SKU027,LOC02,18,0,synthetic
2025-09-29,SKU027,LOC02,19,0,synthetic
2025-09-30,SKU027,LOC03,23,1,synthetic
2025-10-01,SKU027,LOC03,13,0,synthetic
2025-10-02,SKU027,LOC03,16,0,synthetic
2025-10-03,SKU027,LOC03,15,0,synthetic
2025-10-04,SKU027,LOC03,20,0,synthetic
2025-10-05,SKU027,LOC03,20,0,synthetic
2025-10-06,SKU027,LOC02,21,0,synthetic
2025-10-07,SKU027,LOC02,16,0,synthetic
2025-10-08,SKU027,LOC02,19,0,synthetic
2025-10-09,SKU027,LOC03,18,0,synthetic
2025-10-10,SKU027,LOC03,19,0,synthetic
2025-10-11,SKU027,LOC02,18,0,synthetic
2025-10-12,SKU027,LOC03,13,0,synthetic
2025-10-13,SKU027,LOC02,16,0,synthetic
2025-10-14,SKU027,LOC02,15,0,synthetic
2025-10-15,SKU027,LOC03,15,0,synthetic
2025-10-16,SKU027,LOC02,21,0,synthetic
2025-10-17,SKU027,LOC03,21,0,synthetic
2025-10-18,SKU027,LOC02,20,0,synthetic
2025-10-19,SKU027,LOC03,19,0,synthetic
2025-10-20,SKU027,LOC03,19,0,synthetic
2025-10-21,SKU027,LOC02,15,0,synthetic
2025-10-22,SKU027,LOC02,20,0,synthetic
2025-10-23,SKU027,LOC02,17,0,synthetic
2025-10-24,SKU027,LOC03,21,0,synthetic
2025-10-25,SKU027,LOC03,21,0,synthetic
2025-10-26,SKU027,LOC03,19,0,synthetic
2025-10-27,SKU027,LOC03,19,0,synthetic
2025-10-28,SKU027,LOC03,17,0,synthetic
2025-10-29,SKU027,LOC02,22,0,synthetic
2025-10-30,SKU027,LOC02,20,1,synthetic
2025-10-31,SKU027,LOC02,27,1,synthetic
2025-11-01,SKU027,LOC02,18,0,synthetic
2025-11-02,SKU027,LOC02,20,0,synthetic
2025-11-03,SKU027,LOC02,15,0,synthetic
2025-11-04,SKU027,LOC03,19,0,synthetic
2025-11-05,SKU027,LOC02,17,0,synthetic
2025-11-06,SKU027,LOC03,20,0,synthetic
2025-11-07,SKU027,LOC02,19,0,synthetic
2025-11-08,SKU027,LOC03,16,0,synthetic
2025-11-09,SKU027,LOC03,21,0,synthetic
2025-11-10,SKU027,LOC03,15,0,synthetic
2025-11-11,SKU027,LOC02,16,0,synthetic
2025-11-12,SKU027,LOC02,22,0,synthetic
2025-11-13,SKU027,LOC02,14,0,synthetic
2025-11-14,SKU027,LOC03,15,0,synthetic
2025-11-15,SKU027,LOC02,20,0,synthetic
2025-11-16,SKU027,LOC02,18,0,synthetic
2025-11-17,SKU027,LOC02,14,0,synthetic
2025-11-18,SKU027,LOC03,18,0,synthetic
2025-11-19,SKU027,LOC02,20,0,synthetic
2025-11-20,SKU027,LOC02,19,0,synthetic
2025-11-21,SKU027,LOC03,16,0,synthetic
2025-11-22,SKU027,LOC03,17,0,synthetic
2025-11-23,SKU027,LOC02,16,0,synthetic
2025-11-24,SKU027,LOC03,19,0,synthetic
2025-11-25,SKU027,LOC02,21,0,synthetic
2025-11-26,SKU027,LOC02,15,0,synthetic
2025-11-27,SKU027,LOC03,22,0,synthetic
2025-11-28,SKU027,LOC02,18,0,synthetic
2025-11-29,SKU027,LOC03,21,0,synthetic
2025-11-30,SKU027,LOC02,19,0,synthetic
2025-12-01,SKU027,LOC03,18,0,synthetic
2025-12-02,SKU027,LOC02,15,0,synthetic
2025-12-03,SKU027,LOC03,17,0,synthetic
2025-12-04,SKU027,LOC02,19,0,synthetic
2025-12-05,SKU027,LOC02,16,0,synthetic
2025-12-06,SKU027,LOC02,22,0,synthetic
2025-12-07,SKU027,LOC03,17,0,synthetic
2025-12-08,SKU027,LOC02,16,0,synthetic
2025-12-09,SKU027,LOC02,16,0,synthetic
2025-12-10,SKU027,LOC03,19,0,synthetic
2025-12-11,SKU027,LOC02,14,0,synthetic
2025-12-12,SKU027,LOC03,16,0,synthetic
2025-12-13,SKU027,LOC02,23,0,synthetic
2025-12-14,SKU027,LOC02,16,0,synthetic
2025-12-15,SKU027,LOC03,16,0,synthetic
2025-12-16,SKU027,LOC03,19,0,synthetic
2025-12-17,SKU027,LOC03,15,0,synthetic
2025-12-18,SKU027,LOC03,15,0,synthetic
2025-12-19,SKU027,LOC02,19,0,synthetic
2025-12-20,SKU027,LOC03,21,0,synthetic
2025-12-21,SKU027,LOC02,20,0,synthetic
2025-12-22,SKU027,LOC03,17,0,synthetic
2025-12-23,SKU027,LOC02,16,0,synthetic
2025-12-24,SKU027,LOC02,14,0,synthetic
2025-12-25,SKU027,LOC02,15,0,synthetic
2025-12-26,SKU027,LOC03,18,0,synthetic
2025-12-27,SKU027,LOC02,27,1,synthetic
2025-12-28,SKU027,LOC02,24,1,synthetic
2025-12-29,SKU027,LOC03,19,0,synthetic
2025-12-30,SKU027,LOC03,17,0,synthetic
2025-12-31,SKU027,LOC03,19,0,synthetic
2026-01-01,SKU027,LOC02,15,0,synthetic
2026-01-02,SKU027,LOC03,19,0,synthetic
2026-01-03,SKU027,LOC02,20,0,synthetic
2026-01-04,SKU027,LOC02,24,1,synthetic
2026-01-05,SKU027,LOC02,15,0,synthetic
2026-01-06,SKU027,LOC03,15,0,synthetic
2026-01-07,SKU027,LOC02,17,0,synthetic
2026-01-08,SKU027,LOC02,17,0,synthetic
2026-01-09,SKU027,LOC03,17,0,synthetic
2026-01-10,SKU027,LOC03,18,0,synthetic
2026-01-11,SKU027,LOC02,18,0,synthetic
2026-01-12,SKU027,LOC03,21,0,synthetic
2026-01-13,SKU027,LOC02,15,0,synthetic
2026-01-14,SKU027,LOC03,14,0,synthetic
2026-01-15,SKU027,LOC02,17,0,synthetic
2026-01-16,SKU027,LOC03,19,0,synthetic
2026-01-17,SKU027,LOC02,20,0,synthetic
2026-01-18,SKU027,LOC02,23,1,synthetic
2026-01-19,SKU027,LOC02,17,0,synthetic
2026-01-20,SKU027,LOC02,19,0,synthetic
2026-01-21,SKU027,LOC02,16,0,synthetic
2026-01-22,SKU027,LOC02,16,0,synthetic
2026-01-23,SKU027,LOC02,20,0,synthetic
2026-01-24,SKU027,LOC02,17,0,synthetic
2026-01-25,SKU027,LOC03,17,0,synthetic
2026-01-26,SKU027,LOC02,17,0,synthetic
2026-01-27,SKU027,LOC03,16,0,synthetic
2026-01-28,SKU027,LOC03,20,1,synthetic
2026-01-29,SKU027,LOC03,21,0,synthetic
2026-01-30,SKU027,LOC02,21,0,synthetic
2026-01-31,SKU027,LOC03,18,0,synthetic
2026-02-01,SKU027,LOC02,17,0,synthetic
2026-02-02,SKU027,LOC03,20,0,synthetic
2026-02-03,SKU027,LOC03,18,0,synthetic
2026-02-04,SKU027,LOC03,17,0,synthetic
2026-02-05,SKU027,LOC03,15,0,synthetic
2026-02-06,SKU027,LOC02,18,0,synthetic
2026-02-07,SKU027,LOC02,28,1,synthetic
2026-02-08,SKU027,LOC03,18,0,synthetic
2026-02-09,SKU027,LOC03,15,0,synthetic
2026-02-10,SKU027,LOC03,16,0,synthetic
2026-02-11,SKU027,LOC03,19,0,synthetic
2026-02-12,SKU027,LOC03,15,0,synthetic
2026-02-13,SKU027,LOC02,15,0,synthetic
2026-02-14,SKU027,LOC02,16,0,synthetic
2026-02-15,SKU027,LOC03,20,0,synthetic
2026-02-16,SKU027,LOC03,13,0,synthetic
2026-02-17,SKU027,LOC03,26,1,synthetic
2026-02-18,SKU027,LOC03,20,1,synthetic
2026-02-19,SKU027,LOC03,18,0,synthetic
2026-02-20,SKU027,LOC02,14,0,synthetic
2026-02-21,SKU027,LOC02,16,0,synthetic
2026-02-22,SKU027,LOC03,18,0,synthetic
2026-02-23,SKU027,LOC02,17,0,synthetic
2026-02-24,SKU027,LOC02,19,0,synthetic
2026-02-25,SKU027,LOC03,18,0,synthetic
2026-02-26,SKU027,LOC03,20,0,synthetic
2026-02-27,SKU027,LOC03,17,0,synthetic
2026-02-28,SKU027,LOC03,18,0,synthetic
2026-03-01,SKU027,LOC02,20,0,synthetic
2026-03-02,SKU027,LOC02,16,0,synthetic
2026-03-03,SKU027,LOC02,15,0,synthetic
2026-03-04,SKU027,LOC03,18,0,synthetic
2026-03-05,SKU027,LOC03,21,0,synthetic
2026-03-06,SKU027,LOC03,18,0,synthetic
2026-03-07,SKU027,LOC02,20,0,synthetic
2026-03-08,SKU027,LOC03,20,0,synthetic
2026-03-09,SKU027,LOC02,16,0,synthetic
2026-03-10,SKU027,LOC02,22,0,synthetic
2026-03-11,SKU027,LOC03,18,0,synthetic
2026-03-12,SKU027,LOC03,16,0,synthetic
2026-03-13,SKU027,LOC03,18,0,synthetic
2026-03-14,SKU027,LOC03,21,0,synthetic
2026-03-15,SKU027,LOC03,19,0,synthetic
2026-03-16,SKU027,LOC02,20,0,synthetic
2026-03-17,SKU027,LOC03,15,0,synthetic
2026-03-18,SKU027,LOC03,18,0,synthetic
2026-03-19,SKU027,LOC03,20,0,synthetic
2026-03-20,SKU027,LOC02,19,0,synthetic
2026-03-21,SKU027,LOC02,17,0,synthetic
2026-03-22,SKU027,LOC02,23,1,synthetic
2026-03-23,SKU027,LOC02,16,0,synthetic
2026-03-24,SKU027,LOC02,17,0,synthetic
2026-03-25,SKU027,LOC03,19,0,synthetic
2026-03-26,SKU027,LOC03,14,0,synthetic
2026-03-27,SKU027,LOC03,18,0,synthetic
2026-03-28,SKU027,LOC02,16,0,synthetic
2026-03-29,SKU027,LOC02,25,0,synthetic
2026-03-30,SKU027,LOC02,19,0,synthetic
2026-03-31,SKU027,LOC02,19,0,synthetic
2026-04-01,SKU027,LOC03,21,0,synthetic
2026-04-02,SKU027,LOC02,20,0,synthetic
2026-04-03,SKU027,LOC03,16,0,synthetic
2026-04-04,SKU027,LOC02,17,0,synthetic
2026-04-05,SKU027,LOC02,23,1,synthetic
2026-04-06,SKU027,LOC03,19,0,synthetic
2026-04-07,SKU027,LOC02,17,0,synthetic
2026-04-08,SKU027,LOC02,17,0,synthetic
2026-04-09,SKU027,LOC03,16,0,synthetic
2026-04-10,SKU027,LOC02,17,0,synthetic
2026-04-11,SKU027,LOC03,22,1,synthetic
2026-04-12,SKU027,LOC03,18,0,synthetic
2026-04-13,SKU027,LOC03,26,1,synthetic
2026-04-14,SKU027,LOC03,21,0,synthetic
2026-04-15,SKU027,LOC02,19,0,synthetic
2026-04-16,SKU027,LOC03,15,0,synthetic
2026-04-17,SKU027,LOC02,15,0,synthetic
2026-04-18,SKU027,LOC03,22,0,synthetic
2026-04-19,SKU027,LOC03,27,1,synthetic
2026-04-20,SKU027,LOC02,20,0,synthetic
2026-04-21,SKU027,LOC03,21,0,synthetic
2026-04-22,SKU027,LOC03,20,0,synthetic
2026-04-23,SKU027,LOC03,18,0,synthetic
2026-04-24,SKU027,LOC03,19,0,synthetic
2026-04-25,SKU027,LOC03,23,0,synthetic
2026-04-26,SKU027,LOC03,17,0,synthetic
2026-04-27,SKU027,LOC02,16,0,synthetic
2026-04-28,SKU027,LOC03,15,0,synthetic
2026-04-29,SKU027,LOC03,18,0,synthetic
2026-04-30,SKU027,LOC03,19,0,synthetic
2026-05-01,SKU027,LOC03,27,0,synthetic
2026-05-02,SKU027,LOC03,22,0,synthetic
2026-05-03,SKU027,LOC02,21,0,synthetic
2026-05-04,SKU027,LOC02,19,0,synthetic
2026-05-05,SKU027,LOC02,19,0,synthetic
2026-05-06,SKU027,LOC03,19,0,synthetic
2026-05-07,SKU027,LOC02,21,0,synthetic
2026-05-08,SKU027,LOC03,19,0,synthetic
2026-05-09,SKU027,LOC03,24,0,synthetic
2026-05-10,SKU027,LOC02,21,0,synthetic
2026-05-11,SKU027,LOC02,18,0,synthetic
2026-05-12,SKU027,LOC02,25,0,synthetic
2026-05-13,SKU027,LOC03,21,0,synthetic
2026-05-14,SKU027,LOC02,21,0,synthetic
2026-05-15,SKU027,LOC03,19,0,synthetic
2026-05-16,SKU027,LOC02,22,0,synthetic
2026-05-17,SKU027,LOC03,27,0,synthetic
2026-05-18,SKU027,LOC02,19,0,synthetic
2026-05-19,SKU027,LOC02,23,0,synthetic
2026-05-20,SKU027,LOC03,24,0,synthetic
2026-05-21,SKU027,LOC03,25,0,synthetic
2026-05-22,SKU027,LOC02,20,0,synthetic
2026-05-23,SKU027,LOC02,24,0,synthetic
2026-05-24,SKU027,LOC02,24,0,synthetic
2026-05-25,SKU027,LOC03,22,0,synthetic
2026-05-26,SKU027,LOC02,20,0,synthetic
2026-05-27,SKU027,LOC03,21,0,synthetic
2026-05-28,SKU027,LOC02,21,0,synthetic
2026-05-29,SKU027,LOC02,21,0,synthetic
2026-05-30,SKU027,LOC02,24,0,synthetic
2026-05-31,SKU027,LOC02,25,0,synthetic
2026-06-01,SKU027,LOC03,20,0,synthetic
2026-06-02,SKU027,LOC03,18,0,synthetic
2026-06-03,SKU027,LOC02,30,1,synthetic
2026-06-04,SKU027,LOC03,24,0,synthetic
2026-06-05,SKU027,LOC02,20,0,synthetic
2026-06-06,SKU027,LOC02,24,0,synthetic
2026-06-07,SKU027,LOC02,27,0,synthetic
2026-06-08,SKU027,LOC03,21,0,synthetic
2026-06-09,SKU027,LOC02,21,0,synthetic
2026-06-10,SKU027,LOC03,25,0,synthetic
2026-06-11,SKU027,LOC03,23,0,synthetic
2026-06-12,SKU027,LOC03,23,0,synthetic
2026-06-13,SKU027,LOC02,23,0,synthetic
2026-06-14,SKU027,LOC03,23,0,synthetic
2026-06-15,SKU027,LOC02,22,0,synthetic
2026-06-16,SKU027,LOC02,22,0,synthetic
2026-06-17,SKU027,LOC02,26,0,synthetic
2026-06-18,SKU027,LOC02,24,0,synthetic
2026-06-19,SKU027,LOC02,24,0,synthetic
2026-06-20,SKU027,LOC02,23,0,synthetic
2026-06-21,SKU027,LOC03,27,0,synthetic
2026-06-22,SKU027,LOC03,21,0,synthetic
2026-06-23,SKU027,LOC03,23,0,synthetic
2026-06-24,SKU027,LOC03,21,0,synthetic
2026-06-25,SKU027,LOC02,23,0,synthetic
2026-06-26,SKU027,LOC02,16,0,synthetic
2026-06-27,SKU027,LOC02,27,0,synthetic
2026-06-28,SKU027,LOC03,17,0,synthetic
2026-06-29,SKU027,LOC03,20,0,synthetic
2026-06-30,SKU027,LOC03,25,0,synthetic
2026-07-01,SKU027,LOC02,27,0,synthetic
2026-07-02,SKU027,LOC02,22,0,synthetic
2026-07-03,SKU027,LOC03,19,0,synthetic
2026-07-04,SKU027,LOC02,18,0,synthetic
2026-07-05,SKU027,LOC03,29,0,synthetic
2026-07-06,SKU027,LOC03,21,0,synthetic
2026-07-07,SKU027,LOC03,19,0,synthetic
2026-07-08,SKU027,LOC03,23,0,synthetic
2026-07-09,SKU027,LOC03,20,0,synthetic
2026-07-10,SKU027,LOC03,20,0,synthetic
2026-07-11,SKU027,LOC03,23,0,synthetic
2026-07-12,SKU027,LOC03,24,0,synthetic
2026-07-13,SKU027,LOC02,22,0,synthetic
2026-07-14,SKU027,LOC03,28,0,synthetic
2026-07-15,SKU027,LOC02,20,0,synthetic
2026-07-16,SKU027,LOC03,21,0,synthetic
2026-07-17,SKU027,LOC02,16,0,synthetic
2026-07-18,SKU027,LOC02,29,0,synthetic
2026-07-19,SKU027,LOC03,22,0,synthetic
2026-07-20,SKU027,LOC02,22,0,synthetic
2026-07-21,SKU027,LOC03,24,0,synthetic
2026-07-22,SKU027,LOC02,20,0,synthetic
2026-07-23,SKU027,LOC03,17,0,synthetic
2026-07-24,SKU027,LOC02,18,0,synthetic
2026-07-25,SKU027,LOC03,20,0,synthetic
2026-07-26,SKU027,LOC02,24,0,synthetic
2026-07-27,SKU027,LOC02,17,0,synthetic
2026-07-28,SKU027,LOC02,23,0,synthetic
2026-07-29,SKU027,LOC03,20,0,synthetic
2026-07-30,SKU027,LOC02,19,0,synthetic
2026-07-31,SKU027,LOC03,23,0,synthetic
2026-08-01,SKU027,LOC03,22,0,synthetic
2026-08-02,SKU027,LOC03,22,0,synthetic
2026-08-03,SKU027,LOC03,27,1,synthetic
2026-08-04,SKU027,LOC03,15,0,synthetic
2026-08-05,SKU027,LOC02,20,0,synthetic
2025-08-06,SKU028,LOC03,19,0,synthetic
2025-08-07,SKU028,LOC02,20,0,synthetic
2025-08-08,SKU028,LOC02,15,0,synthetic
2025-08-09,SKU028,LOC03,22,0,synthetic
2025-08-10,SKU028,LOC02,24,0,synthetic
2025-08-11,SKU028,LOC02,18,0,synthetic
2025-08-12,SKU028,LOC03,17,0,synthetic
2025-08-13,SKU028,LOC02,19,0,synthetic
2025-08-14,SKU028,LOC02,14,0,synthetic
2025-08-15,SKU028,LOC03,18,0,synthetic
2025-08-16,SKU028,LOC03,21,0,synthetic
2025-08-17,SKU028,LOC03,15,0,synthetic
2025-08-18,SKU028,LOC02,22,0,synthetic
2025-08-19,SKU028,LOC03,16,0,synthetic
2025-08-20,SKU028,LOC02,20,0,synthetic
2025-08-21,SKU028,LOC02,20,0,synthetic
2025-08-22,SKU028,LOC03,19,0,synthetic
2025-08-23,SKU028,LOC03,16,0,synthetic
2025-08-24,SKU028,LOC03,19,0,synthetic
2025-08-25,SKU028,LOC03,16,0,synthetic
2025-08-26,SKU028,LOC02,16,0,synthetic
2025-08-27,SKU028,LOC02,21,0,synthetic
2025-08-28,SKU028,LOC03,17,0,synthetic
2025-08-29,SKU028,LOC02,18,0,synthetic
2025-08-30,SKU028,LOC03,19,0,synthetic
2025-08-31,SKU028,LOC03,19,0,synthetic
2025-09-01,SKU028,LOC02,17,0,synthetic
2025-09-02,SKU028,LOC02,18,0,synthetic
2025-09-03,SKU028,LOC02,14,0,synthetic
2025-09-04,SKU028,LOC03,15,0,synthetic
2025-09-05,SKU028,LOC03,19,0,synthetic
2025-09-06,SKU028,LOC03,17,0,synthetic
2025-09-07,SKU028,LOC03,25,0,synthetic
2025-09-08,SKU028,LOC02,21,0,synthetic
2025-09-09,SKU028,LOC03,19,0,synthetic
2025-09-10,SKU028,LOC02,16,0,synthetic
2025-09-11,SKU028,LOC02,23,0,synthetic
2025-09-12,SKU028,LOC03,16,0,synthetic
2025-09-13,SKU028,LOC03,23,0,synthetic
2025-09-14,SKU028,LOC02,17,0,synthetic
2025-09-15,SKU028,LOC03,18,0,synthetic
2025-09-16,SKU028,LOC02,18,0,synthetic
2025-09-17,SKU028,LOC03,20,0,synthetic
2025-09-18,SKU028,LOC03,16,0,synthetic
2025-09-19,SKU028,LOC02,17,0,synthetic
2025-09-20,SKU028,LOC02,23,0,synthetic
2025-09-21,SKU028,LOC02,22,0,synthetic
2025-09-22,SKU028,LOC02,16,0,synthetic
2025-09-23,SKU028,LOC02,26,1,synthetic
2025-09-24,SKU028,LOC02,17,0,synthetic
2025-09-25,SKU028,LOC02,19,0,synthetic
2025-09-26,SKU028,LOC02,20,0,synthetic
2025-09-27,SKU028,LOC03,22,0,synthetic
2025-09-28,SKU028,LOC02,22,0,synthetic
2025-09-29,SKU028,LOC02,19,0,synthetic
2025-09-30,SKU028,LOC03,18,0,synthetic
2025-10-01,SKU028,LOC03,18,0,synthetic
2025-10-02,SKU028,LOC03,22,0,synthetic
2025-10-03,SKU028,LOC03,19,0,synthetic
2025-10-04,SKU028,LOC03,19,0,synthetic
2025-10-05,SKU028,LOC02,19,0,synthetic
2025-10-06,SKU028,LOC03,15,0,synthetic
2025-10-07,SKU028,LOC02,22,0,synthetic
2025-10-08,SKU028,LOC03,21,0,synthetic
2025-10-09,SKU028,LOC03,18,0,synthetic
2025-10-10,SKU028,LOC02,18,0,synthetic
2025-10-11,SKU028,LOC02,20,0,synthetic
2025-10-12,SKU028,LOC03,19,0,synthetic
2025-10-13,SKU028,LOC03,21,0,synthetic
2025-10-14,SKU028,LOC03,20,0,synthetic
2025-10-15,SKU028,LOC03,19,0,synthetic
2025-10-16,SKU028,LOC02,17,0,synthetic
2025-10-17,SKU028,LOC03,15,0,synthetic
2025-10-18,SKU028,LOC03,22,0,synthetic
2025-10-19,SKU028,LOC02,20,0,synthetic
2025-10-20,SKU028,LOC02,19,0,synthetic
2025-10-21,SKU028,LOC02,20,0,synthetic
2025-10-22,SKU028,LOC02,20,0,synthetic
2025-10-23,SKU028,LOC03,25,1,synthetic
2025-10-24,SKU028,LOC03,17,0,synthetic
2025-10-25,SKU028,LOC03,14,0,synthetic
2025-10-26,SKU028,LOC03,20,0,synthetic
2025-10-27,SKU028,LOC03,20,0,synthetic
2025-10-28,SKU028,LOC03,20,0,synthetic
2025-10-29,SKU028,LOC03,22,0,synthetic
2025-10-30,SKU028,LOC03,19,0,synthetic
2025-10-31,SKU028,LOC02,16,0,synthetic
2025-11-01,SKU028,LOC02,16,0,synthetic
2025-11-02,SKU028,LOC03,19,0,synthetic
2025-11-03,SKU028,LOC03,19,0,synthetic
2025-11-04,SKU028,LOC02,21,0,synthetic
2025-11-05,SKU028,LOC03,15,0,synthetic
2025-11-06,SKU028,LOC03,19,0,synthetic
2025-11-07,SKU028,LOC02,16,0,synthetic
2025-11-08,SKU028,LOC02,20,0,synthetic
2025-11-09,SKU028,LOC03,16,0,synthetic
2025-11-10,SKU028,LOC03,21,0,synthetic
2025-11-11,SKU028,LOC02,22,0,synthetic
2025-11-12,SKU028,LOC03,22,1,synthetic
2025-11-13,SKU028,LOC02,16,0,synthetic
2025-11-14,SKU028,LOC02,16,0,synthetic
2025-11-15,SKU028,LOC03,18,0,synthetic
2025-11-16,SKU028,LOC03,24,0,synthetic
2025-11-17,SKU028,LOC02,19,0,synthetic
2025-11-18,SKU028,LOC03,13,0,synthetic
2025-11-19,SKU028,LOC03,19,0,synthetic
2025-11-20,SKU028,LOC02,20,0,synthetic
2025-11-21,SKU028,LOC03,17,0,synthetic
2025-11-22,SKU028,LOC03,20,0,synthetic
2025-11-23,SKU028,LOC02,20,0,synthetic
2025-11-24,SKU028,LOC02,18,0,synthetic
2025-11-25,SKU028,LOC03,17,0,synthetic
2025-11-26,SKU028,LOC03,17,0,synthetic
2025-11-27,SKU028,LOC03,18,0,synthetic
2025-11-28,SKU028,LOC03,21,0,synthetic
2025-11-29,SKU028,LOC03,22,0,synthetic
2025-11-30,SKU028,LOC03,17,0,synthetic
2025-12-01,SKU028,LOC02,19,0,synthetic
2025-12-02,SKU028,LOC02,18,0,synthetic
2025-12-03,SKU028,LOC03,19,0,synthetic
2025-12-04,SKU028,LOC03,15,0,synthetic
2025-12-05,SKU028,LOC02,23,0,synthetic
2025-12-06,SKU028,LOC03,20,0,synthetic
2025-12-07,SKU028,LOC02,19,0,synthetic
2025-12-08,SKU028,LOC03,25,1,synthetic
2025-12-09,SKU028,LOC02,18,0,synthetic
2025-12-10,SKU028,LOC03,23,1,synthetic
2025-12-11,SKU028,LOC03,14,0,synthetic
2025-12-12,SKU028,LOC03,15,0,synthetic
2025-12-13,SKU028,LOC03,21,0,synthetic
2025-12-14,SKU028,LOC03,20,0,synthetic
2025-12-15,SKU028,LOC02,19,0,synthetic
2025-12-16,SKU028,LOC03,24,0,synthetic
2025-12-17,SKU028,LOC03,15,0,synthetic
2025-12-18,SKU028,LOC03,19,0,synthetic
2025-12-19,SKU028,LOC03,16,0,synthetic
2025-12-20,SKU028,LOC02,18,0,synthetic
2025-12-21,SKU028,LOC02,18,0,synthetic
2025-12-22,SKU028,LOC02,20,0,synthetic
2025-12-23,SKU028,LOC03,18,0,synthetic
2025-12-24,SKU028,LOC02,10,0,synthetic
2025-12-25,SKU028,LOC03,16,0,synthetic
2025-12-26,SKU028,LOC02,18,0,synthetic
2025-12-27,SKU028,LOC02,21,0,synthetic
2025-12-28,SKU028,LOC02,20,0,synthetic
2025-12-29,SKU028,LOC02,19,0,synthetic
2025-12-30,SKU028,LOC02,21,0,synthetic
2025-12-31,SKU028,LOC02,17,0,synthetic
2026-01-01,SKU028,LOC02,18,0,synthetic
2026-01-02,SKU028,LOC03,12,0,synthetic
2026-01-03,SKU028,LOC02,22,0,synthetic
2026-01-04,SKU028,LOC03,18,0,synthetic
2026-01-05,SKU028,LOC03,13,0,synthetic
2026-01-06,SKU028,LOC03,16,0,synthetic
2026-01-07,SKU028,LOC03,14,0,synthetic
2026-01-08,SKU028,LOC02,16,0,synthetic
2026-01-09,SKU028,LOC03,17,0,synthetic
2026-01-10,SKU028,LOC02,21,0,synthetic
2026-01-11,SKU028,LOC02,19,0,synthetic
2026-01-12,SKU028,LOC02,16,0,synthetic
2026-01-13,SKU028,LOC02,18,0,synthetic
2026-01-14,SKU028,LOC03,16,0,synthetic
2026-01-15,SKU028,LOC02,19,0,synthetic
2026-01-16,SKU028,LOC03,18,0,synthetic
2026-01-17,SKU028,LOC02,17,0,synthetic
2026-01-18,SKU028,LOC02,19,0,synthetic
2026-01-19,SKU028,LOC02,14,0,synthetic
2026-01-20,SKU028,LOC03,21,0,synthetic
2026-01-21,SKU028,LOC03,19,0,synthetic
2026-01-22,SKU028,LOC03,15,0,synthetic
2026-01-23,SKU028,LOC02,17,0,synthetic
2026-01-24,SKU028,LOC03,19,0,synthetic
2026-01-25,SKU028,LOC02,21,0,synthetic
2026-01-26,SKU028,LOC03,18,0,synthetic
2026-01-27,SKU028,LOC03,19,0,synthetic
2026-01-28,SKU028,LOC02,19,0,synthetic
2026-01-29,SKU028,LOC03,19,0,synthetic
2026-01-30,SKU028,LOC02,17,0,synthetic
2026-01-31,SKU028,LOC02,20,0,synthetic
2026-02-01,SKU028,LOC03,15,0,synthetic
2026-02-02,SKU028,LOC02,18,0,synthetic
2026-02-03,SKU028,LOC03,13,0,synthetic
2026-02-04,SKU028,LOC02,16,0,synthetic
2026-02-05,SKU028,LOC02,21,0,synthetic
2026-02-06,SKU028,LOC03,19,0,synthetic
2026-02-07,SKU028,LOC03,20,0,synthetic
2026-02-08,SKU028,LOC02,18,0,synthetic
2026-02-09,SKU028,LOC03,18,0,synthetic
2026-02-10,SKU028,LOC03,22,1,synthetic
2026-02-11,SKU028,LOC02,18,0,synthetic
2026-02-12,SKU028,LOC03,13,0,synthetic
2026-02-13,SKU028,LOC02,16,0,synthetic
2026-02-14,SKU028,LOC02,19,0,synthetic
2026-02-15,SKU028,LOC03,18,0,synthetic
2026-02-16,SKU028,LOC03,17,0,synthetic
2026-02-17,SKU028,LOC03,19,0,synthetic
2026-02-18,SKU028,LOC03,18,0,synthetic
2026-02-19,SKU028,LOC03,15,0,synthetic
2026-02-20,SKU028,LOC02,19,0,synthetic
2026-02-21,SKU028,LOC03,20,0,synthetic
2026-02-22,SKU028,LOC02,15,0,synthetic
2026-02-23,SKU028,LOC03,15,0,synthetic
2026-02-24,SKU028,LOC03,17,0,synthetic
2026-02-25,SKU028,LOC03,15,0,synthetic
2026-02-26,SKU028,LOC03,16,0,synthetic
2026-02-27,SKU028,LOC03,15,0,synthetic
2026-02-28,SKU028,LOC02,14,0,synthetic
2026-03-01,SKU028,LOC02,21,0,synthetic
2026-03-02,SKU028,LOC02,20,0,synthetic
2026-03-03,SKU028,LOC02,21,0,synthetic
2026-03-04,SKU028,LOC03,20,0,synthetic
2026-03-05,SKU028,LOC03,17,0,synthetic
2026-03-06,SKU028,LOC03,20,0,synthetic
2026-03-07,SKU028,LOC02,19,0,synthetic
2026-03-08,SKU028,LOC02,25,0,synthetic
2026-03-09,SKU028,LOC03,19,0,synthetic
2026-03-10,SKU028,LOC02,16,0,synthetic
2026-03-11,SKU028,LOC02,18,0,synthetic
2026-03-12,SKU028,LOC03,16,0,synthetic
2026-03-13,SKU028,LOC03,20,0,synthetic
2026-03-14,SKU028,LOC03,20,0,synthetic
2026-03-15,SKU028,LOC02,24,0,synthetic
2026-03-16,SKU028,LOC02,20,0,synthetic
2026-03-17,SKU028,LOC03,15,0,synthetic
2026-03-18,SKU028,LOC02,23,0,synthetic
2026-03-19,SKU028,LOC03,20,0,synthetic
2026-03-20,SKU028,LOC02,17,0,synthetic
2026-03-21,SKU028,LOC03,18,0,synthetic
2026-03-22,SKU028,LOC02,20,0,synthetic
2026-03-23,SKU028,LOC03,18,0,synthetic
2026-03-24,SKU028,LOC03,19,0,synthetic
2026-03-25,SKU028,LOC03,23,0,synthetic
2026-03-26,SKU028,LOC02,21,0,synthetic
2026-03-27,SKU028,LOC02,14,0,synthetic
2026-03-28,SKU028,LOC02,19,0,synthetic
2026-03-29,SKU028,LOC03,17,0,synthetic
2026-03-30,SKU028,LOC02,15,0,synthetic
2026-03-31,SKU028,LOC03,18,0,synthetic
2026-04-01,SKU028,LOC03,19,0,synthetic
2026-04-02,SKU028,LOC03,17,0,synthetic
2026-04-03,SKU028,LOC03,21,0,synthetic
2026-04-04,SKU028,LOC03,20,0,synthetic
2026-04-05,SKU028,LOC03,17,0,synthetic
2026-04-06,SKU028,LOC02,19,0,synthetic
2026-04-07,SKU028,LOC03,25,1,synthetic
2026-04-08,SKU028,LOC03,17,0,synthetic
2026-04-09,SKU028,LOC03,21,0,synthetic
2026-04-10,SKU028,LOC03,17,0,synthetic
2026-04-11,SKU028,LOC02,20,0,synthetic
2026-04-12,SKU028,LOC03,22,0,synthetic
2026-04-13,SKU028,LOC02,20,0,synthetic
2026-04-14,SKU028,LOC03,12,0,synthetic
2026-04-15,SKU028,LOC02,14,0,synthetic
2026-04-16,SKU028,LOC02,16,0,synthetic
2026-04-17,SKU028,LOC03,25,0,synthetic
2026-04-18,SKU028,LOC03,25,0,synthetic
2026-04-19,SKU028,LOC03,20,0,synthetic
2026-04-20,SKU028,LOC02,18,0,synthetic
2026-04-21,SKU028,LOC03,22,0,synthetic
2026-04-22,SKU028,LOC03,18,0,synthetic
2026-04-23,SKU028,LOC03,18,0,synthetic
2026-04-24,SKU028,LOC03,18,0,synthetic
2026-04-25,SKU028,LOC02,26,1,synthetic
2026-04-26,SKU028,LOC02,22,0,synthetic
2026-04-27,SKU028,LOC02,19,0,synthetic
2026-04-28,SKU028,LOC03,15,0,synthetic
2026-04-29,SKU028,LOC03,18,0,synthetic
2026-04-30,SKU028,LOC02,16,0,synthetic
2026-05-01,SKU028,LOC03,26,0,synthetic
2026-05-02,SKU028,LOC03,21,0,synthetic
2026-05-03,SKU028,LOC03,24,0,synthetic
2026-05-04,SKU028,LOC02,23,0,synthetic
2026-05-05,SKU028,LOC02,21,0,synthetic
2026-05-06,SKU028,LOC02,25,0,synthetic
2026-05-07,SKU028,LOC03,22,0,synthetic
2026-05-08,SKU028,LOC03,20,0,synthetic
2026-05-09,SKU028,LOC03,29,0,synthetic
2026-05-10,SKU028,LOC02,21,0,synthetic
2026-05-11,SKU028,LOC03,19,0,synthetic
2026-05-12,SKU028,LOC03,25,0,synthetic
2026-05-13,SKU028,LOC02,28,1,synthetic
2026-05-14,SKU028,LOC03,34,1,synthetic
2026-05-15,SKU028,LOC03,18,0,synthetic
2026-05-16,SKU028,LOC02,23,0,synthetic
2026-05-17,SKU028,LOC02,20,0,synthetic
2026-05-18,SKU028,LOC02,25,0,synthetic
2026-05-19,SKU028,LOC02,19,0,synthetic
2026-05-20,SKU028,LOC02,24,0,synthetic
2026-05-21,SKU028,LOC03,17,0,synthetic
2026-05-22,SKU028,LOC03,18,0,synthetic
2026-05-23,SKU028,LOC02,27,0,synthetic
2026-05-24,SKU028,LOC03,25,0,synthetic
2026-05-25,SKU028,LOC02,30,1,synthetic
2026-05-26,SKU028,LOC03,25,0,synthetic
2026-05-27,SKU028,LOC03,24,0,synthetic
2026-05-28,SKU028,LOC03,23,0,synthetic
2026-05-29,SKU028,LOC03,20,0,synthetic
2026-05-30,SKU028,LOC03,32,1,synthetic
2026-05-31,SKU028,LOC02,20,0,synthetic
2026-06-01,SKU028,LOC03,23,0,synthetic
2026-06-02,SKU028,LOC03,18,0,synthetic
2026-06-03,SKU028,LOC02,27,0,synthetic
2026-06-04,SKU028,LOC02,18,0,synthetic
2026-06-05,SKU028,LOC02,20,0,synthetic
2026-06-06,SKU028,LOC02,25,0,synthetic
2026-06-07,SKU028,LOC03,27,0,synthetic
2026-06-08,SKU028,LOC02,25,0,synthetic
2026-06-09,SKU028,LOC03,18,0,synthetic
2026-06-10,SKU028,LOC03,19,0,synthetic
2026-06-11,SKU028,LOC02,20,0,synthetic
2026-06-12,SKU028,LOC02,21,0,synthetic
2026-06-13,SKU028,LOC03,24,0,synthetic
2026-06-14,SKU028,LOC03,25,0,synthetic
2026-06-15,SKU028,LOC02,23,0,synthetic
2026-06-16,SKU028,LOC02,23,0,synthetic
2026-06-17,SKU028,LOC02,23,0,synthetic
2026-06-18,SKU028,LOC02,29,1,synthetic
2026-06-19,SKU028,LOC02,21,0,synthetic
2026-06-20,SKU028,LOC02,21,0,synthetic
2026-06-21,SKU028,LOC03,25,0,synthetic
2026-06-22,SKU028,LOC03,24,0,synthetic
2026-06-23,SKU028,LOC03,29,1,synthetic
2026-06-24,SKU028,LOC02,22,0,synthetic
2026-06-25,SKU028,LOC02,23,0,synthetic
2026-06-26,SKU028,LOC02,22,0,synthetic
2026-06-27,SKU028,LOC02,33,1,synthetic
2026-06-28,SKU028,LOC02,25,0,synthetic
2026-06-29,SKU028,LOC02,23,0,synthetic
2026-06-30,SKU028,LOC03,20,0,synthetic
2026-07-01,SKU028,LOC03,15,0,synthetic
2026-07-02,SKU028,LOC02,20,0,synthetic
2026-07-03,SKU028,LOC02,24,0,synthetic
2026-07-04,SKU028,LOC02,25,0,synthetic
2026-07-05,SKU028,LOC03,25,0,synthetic
2026-07-06,SKU028,LOC02,23,0,synthetic
2026-07-07,SKU028,LOC03,20,0,synthetic
2026-07-08,SKU028,LOC02,23,0,synthetic
2026-07-09,SKU028,LOC03,21,0,synthetic
2026-07-10,SKU028,LOC03,25,1,synthetic
2026-07-11,SKU028,LOC02,21,0,synthetic
2026-07-12,SKU028,LOC03,27,0,synthetic
2026-07-13,SKU028,LOC02,22,0,synthetic
2026-07-14,SKU028,LOC03,21,0,synthetic
2026-07-15,SKU028,LOC02,23,0,synthetic
2026-07-16,SKU028,LOC02,19,0,synthetic
2026-07-17,SKU028,LOC03,22,0,synthetic
2026-07-18,SKU028,LOC03,24,0,synthetic
2026-07-19,SKU028,LOC02,23,0,synthetic
2026-07-20,SKU028,LOC02,22,0,synthetic
2026-07-21,SKU028,LOC02,21,0,synthetic
2026-07-22,SKU028,LOC02,21,0,synthetic
2026-07-23,SKU028,LOC02,22,0,synthetic
2026-07-24,SKU028,LOC02,31,1,synthetic
2026-07-25,SKU028,LOC03,21,0,synthetic
2026-07-26,SKU028,LOC02,25,0,synthetic
2026-07-27,SKU028,LOC02,20,0,synthetic
2026-07-28,SKU028,LOC03,25,0,synthetic
2026-07-29,SKU028,LOC02,17,0,synthetic
2026-07-30,SKU028,LOC03,20,0,synthetic
2026-07-31,SKU028,LOC03,21,0,synthetic
2026-08-01,SKU028,LOC03,21,0,synthetic
2026-08-02,SKU028,LOC03,22,0,synthetic
2026-08-03,SKU028,LOC02,23,1,synthetic
2026-08-04,SKU028,LOC02,22,0,synthetic
2026-08-05,SKU028,LOC02,17,0,synthetic
2025-08-06,SKU029,LOC02,29,0,synthetic
2025-08-07,SKU029,LOC02,25,0,synthetic
2025-08-08,SKU029,LOC02,25,0,synthetic
2025-08-09,SKU029,LOC02,27,0,synthetic
2025-08-10,SKU029,LOC03,37,1,synthetic
2025-08-11,SKU029,LOC03,26,0,synthetic
2025-08-12,SKU029,LOC03,28,0,synthetic
2025-08-13,SKU029,LOC02,37,1,synthetic
2025-08-14,SKU029,LOC02,29,0,synthetic
2025-08-15,SKU029,LOC02,26,0,synthetic
2025-08-16,SKU029,LOC03,32,0,synthetic
2025-08-17,SKU029,LOC03,27,0,synthetic
2025-08-18,SKU029,LOC02,33,0,synthetic
2025-08-19,SKU029,LOC02,26,0,synthetic
2025-08-20,SKU029,LOC02,24,0,synthetic
2025-08-21,SKU029,LOC02,32,0,synthetic
2025-08-22,SKU029,LOC03,29,0,synthetic
2025-08-23,SKU029,LOC03,32,0,synthetic
2025-08-24,SKU029,LOC03,30,0,synthetic
2025-08-25,SKU029,LOC02,44,1,synthetic
2025-08-26,SKU029,LOC03,26,0,synthetic
2025-08-27,SKU029,LOC03,22,0,synthetic
2025-08-28,SKU029,LOC02,29,0,synthetic
2025-08-29,SKU029,LOC02,25,0,synthetic
2025-08-30,SKU029,LOC02,34,0,synthetic
2025-08-31,SKU029,LOC02,35,0,synthetic
2025-09-01,SKU029,LOC02,24,0,synthetic
2025-09-02,SKU029,LOC03,24,0,synthetic
2025-09-03,SKU029,LOC02,33,0,synthetic
2025-09-04,SKU029,LOC03,26,0,synthetic
2025-09-05,SKU029,LOC02,34,1,synthetic
2025-09-06,SKU029,LOC03,33,0,synthetic
2025-09-07,SKU029,LOC03,27,0,synthetic
2025-09-08,SKU029,LOC02,24,0,synthetic
2025-09-09,SKU029,LOC03,24,0,synthetic
2025-09-10,SKU029,LOC03,22,0,synthetic
2025-09-11,SKU029,LOC03,26,0,synthetic
2025-09-12,SKU029,LOC03,27,0,synthetic
2025-09-13,SKU029,LOC03,30,0,synthetic
2025-09-14,SKU029,LOC03,34,0,synthetic
2025-09-15,SKU029,LOC02,27,0,synthetic
2025-09-16,SKU029,LOC03,26,0,synthetic
2025-09-17,SKU029,LOC02,27,0,synthetic
2025-09-18,SKU029,LOC02,26,0,synthetic
2025-09-19,SKU029,LOC02,44,1,synthetic
2025-09-20,SKU029,LOC03,30,0,synthetic
2025-09-21,SKU029,LOC02,31,0,synthetic
2025-09-22,SKU029,LOC03,23,0,synthetic
2025-09-23,SKU029,LOC03,26,0,synthetic
2025-09-24,SKU029,LOC03,32,0,synthetic
2025-09-25,SKU029,LOC03,27,0,synthetic
2025-09-26,SKU029,LOC03,24,0,synthetic
2025-09-27,SKU029,LOC02,33,0,synthetic
2025-09-28,SKU029,LOC03,34,0,synthetic
2025-09-29,SKU029,LOC02,30,0,synthetic
2025-09-30,SKU029,LOC02,20,0,synthetic
2025-10-01,SKU029,LOC03,27,0,synthetic
2025-10-02,SKU029,LOC03,27,0,synthetic
2025-10-03,SKU029,LOC02,23,0,synthetic
2025-10-04,SKU029,LOC03,28,0,synthetic
2025-10-05,SKU029,LOC02,35,0,synthetic
2025-10-06,SKU029,LOC03,27,0,synthetic
2025-10-07,SKU029,LOC02,19,0,synthetic
2025-10-08,SKU029,LOC03,28,0,synthetic
2025-10-09,SKU029,LOC02,29,0,synthetic
2025-10-10,SKU029,LOC02,25,0,synthetic
2025-10-11,SKU029,LOC03,30,0,synthetic
2025-10-12,SKU029,LOC02,38,0,synthetic
2025-10-13,SKU029,LOC02,31,0,synthetic
2025-10-14,SKU029,LOC02,23,0,synthetic
2025-10-15,SKU029,LOC03,34,0,synthetic
2025-10-16,SKU029,LOC03,25,0,synthetic
2025-10-17,SKU029,LOC02,26,0,synthetic
2025-10-18,SKU029,LOC03,31,0,synthetic
2025-10-19,SKU029,LOC03,30,0,synthetic
2025-10-20,SKU029,LOC03,22,0,synthetic
2025-10-21,SKU029,LOC03,32,0,synthetic
2025-10-22,SKU029,LOC03,32,0,synthetic
2025-10-23,SKU029,LOC02,24,0,synthetic
2025-10-24,SKU029,LOC02,26,0,synthetic
2025-10-25,SKU029,LOC02,32,0,synthetic
2025-10-26,SKU029,LOC02,27,0,synthetic
2025-10-27,SKU029,LOC03,33,0,synthetic
2025-10-28,SKU029,LOC02,27,0,synthetic
2025-10-29,SKU029,LOC02,26,0,synthetic
2025-10-30,SKU029,LOC02,23,0,synthetic
2025-10-31,SKU029,LOC03,26,0,synthetic
2025-11-01,SKU029,LOC03,35,0,synthetic
2025-11-02,SKU029,LOC02,31,0,synthetic
2025-11-03,SKU029,LOC02,28,0,synthetic
2025-11-04,SKU029,LOC03,36,0,synthetic
2025-11-05,SKU029,LOC02,22,0,synthetic
2025-11-06,SKU029,LOC03,33,0,synthetic
2025-11-07,SKU029,LOC02,26,0,synthetic
2025-11-08,SKU029,LOC02,36,0,synthetic
2025-11-09,SKU029,LOC02,30,0,synthetic
2025-11-10,SKU029,LOC03,26,0,synthetic
2025-11-11,SKU029,LOC02,26,0,synthetic
2025-11-12,SKU029,LOC02,33,1,synthetic
2025-11-13,SKU029,LOC03,26,0,synthetic
2025-11-14,SKU029,LOC02,25,0,synthetic
2025-11-15,SKU029,LOC03,26,0,synthetic
2025-11-16,SKU029,LOC02,26,0,synthetic
2025-11-17,SKU029,LOC03,25,0,synthetic
2025-11-18,SKU029,LOC02,23,0,synthetic
2025-11-19,SKU029,LOC02,28,0,synthetic
2025-11-20,SKU029,LOC02,26,0,synthetic
2025-11-21,SKU029,LOC02,25,0,synthetic
2025-11-22,SKU029,LOC03,30,0,synthetic
2025-11-23,SKU029,LOC03,36,0,synthetic
2025-11-24,SKU029,LOC03,32,0,synthetic
2025-11-25,SKU029,LOC03,21,0,synthetic
2025-11-26,SKU029,LOC02,27,0,synthetic
2025-11-27,SKU029,LOC03,28,0,synthetic
2025-11-28,SKU029,LOC02,26,0,synthetic
2025-11-29,SKU029,LOC02,30,0,synthetic
2025-11-30,SKU029,LOC03,31,0,synthetic
2025-12-01,SKU029,LOC03,27,0,synthetic
2025-12-02,SKU029,LOC03,27,0,synthetic
2025-12-03,SKU029,LOC03,29,0,synthetic
2025-12-04,SKU029,LOC03,30,0,synthetic
2025-12-05,SKU029,LOC02,19,0,synthetic
2025-12-06,SKU029,LOC03,33,0,synthetic
2025-12-07,SKU029,LOC02,22,0,synthetic
2025-12-08,SKU029,LOC03,28,0,synthetic
2025-12-09,SKU029,LOC03,27,0,synthetic
2025-12-10,SKU029,LOC03,30,0,synthetic
2025-12-11,SKU029,LOC02,24,0,synthetic
2025-12-12,SKU029,LOC02,27,0,synthetic
2025-12-13,SKU029,LOC03,28,0,synthetic
2025-12-14,SKU029,LOC03,31,0,synthetic
2025-12-15,SKU029,LOC03,29,0,synthetic
2025-12-16,SKU029,LOC03,26,0,synthetic
2025-12-17,SKU029,LOC02,27,0,synthetic
2025-12-18,SKU029,LOC03,24,0,synthetic
2025-12-19,SKU029,LOC03,40,1,synthetic
2025-12-20,SKU029,LOC03,28,0,synthetic
2025-12-21,SKU029,LOC02,28,0,synthetic
2025-12-22,SKU029,LOC03,28,0,synthetic
2025-12-23,SKU029,LOC02,32,0,synthetic
2025-12-24,SKU029,LOC03,28,0,synthetic
2025-12-25,SKU029,LOC03,21,0,synthetic
2025-12-26,SKU029,LOC02,30,0,synthetic
2025-12-27,SKU029,LOC02,35,0,synthetic
2025-12-28,SKU029,LOC02,26,0,synthetic
2025-12-29,SKU029,LOC03,24,0,synthetic
2025-12-30,SKU029,LOC03,24,0,synthetic
2025-12-31,SKU029,LOC02,27,0,synthetic
2026-01-01,SKU029,LOC02,26,0,synthetic
2026-01-02,SKU029,LOC03,25,0,synthetic
2026-01-03,SKU029,LOC03,40,1,synthetic
2026-01-04,SKU029,LOC02,30,0,synthetic
2026-01-05,SKU029,LOC02,27,0,synthetic
2026-01-06,SKU029,LOC03,27,0,synthetic
2026-01-07,SKU029,LOC03,29,0,synthetic
2026-01-08,SKU029,LOC02,29,0,synthetic
2026-01-09,SKU029,LOC02,22,0,synthetic
2026-01-10,SKU029,LOC03,27,0,synthetic
2026-01-11,SKU029,LOC03,38,1,synthetic
2026-01-12,SKU029,LOC03,30,0,synthetic
2026-01-13,SKU029,LOC02,31,0,synthetic
2026-01-14,SKU029,LOC02,27,0,synthetic
2026-01-15,SKU029,LOC02,26,0,synthetic
2026-01-16,SKU029,LOC02,30,0,synthetic
2026-01-17,SKU029,LOC02,25,0,synthetic
2026-01-18,SKU029,LOC03,27,0,synthetic
2026-01-19,SKU029,LOC02,24,0,synthetic
2026-01-20,SKU029,LOC03,24,0,synthetic
2026-01-21,SKU029,LOC02,22,0,synthetic
2026-01-22,SKU029,LOC02,27,0,synthetic
2026-01-23,SKU029,LOC02,28,0,synthetic
2026-01-24,SKU029,LOC03,23,0,synthetic
2026-01-25,SKU029,LOC02,30,0,synthetic
2026-01-26,SKU029,LOC02,17,0,synthetic
2026-01-27,SKU029,LOC03,24,0,synthetic
2026-01-28,SKU029,LOC02,29,0,synthetic
2026-01-29,SKU029,LOC02,26,0,synthetic
2026-01-30,SKU029,LOC02,15,0,synthetic
2026-01-31,SKU029,LOC03,29,0,synthetic
2026-02-01,SKU029,LOC03,28,0,synthetic
2026-02-02,SKU029,LOC03,27,0,synthetic
2026-02-03,SKU029,LOC03,28,1,synthetic
2026-02-04,SKU029,LOC03,24,0,synthetic
2026-02-05,SKU029,LOC02,26,0,synthetic
2026-02-06,SKU029,LOC02,21,0,synthetic
2026-02-07,SKU029,LOC02,26,0,synthetic
2026-02-08,SKU029,LOC03,28,0,synthetic
2026-02-09,SKU029,LOC03,31,0,synthetic
2026-02-10,SKU029,LOC02,24,0,synthetic
2026-02-11,SKU029,LOC03,29,0,synthetic
2026-02-12,SKU029,LOC03,26,0,synthetic
2026-02-13,SKU029,LOC03,26,0,synthetic
2026-02-14,SKU029,LOC03,36,1,synthetic
2026-02-15,SKU029,LOC02,28,0,synthetic
2026-02-16,SKU029,LOC02,19,0,synthetic
2026-02-17,SKU029,LOC02,23,0,synthetic
2026-02-18,SKU029,LOC03,28,0,synthetic
2026-02-19,SKU029,LOC02,21,0,synthetic
2026-02-20,SKU029,LOC02,25,0,synthetic
2026-02-21,SKU029,LOC02,34,0,synthetic
2026-02-22,SKU029,LOC03,31,0,synthetic
2026-02-23,SKU029,LOC02,21,0,synthetic
2026-02-24,SKU029,LOC02,26,0,synthetic
2026-02-25,SKU029,LOC03,28,0,synthetic
2026-02-26,SKU029,LOC03,19,0,synthetic
2026-02-27,SKU029,LOC02,25,0,synthetic
2026-02-28,SKU029,LOC03,25,0,synthetic
2026-03-01,SKU029,LOC02,40,0,synthetic
2026-03-02,SKU029,LOC03,17,0,synthetic
2026-03-03,SKU029,LOC02,25,0,synthetic
2026-03-04,SKU029,LOC02,30,0,synthetic
2026-03-05,SKU029,LOC03,31,0,synthetic
2026-03-06,SKU029,LOC03,22,0,synthetic
2026-03-07,SKU029,LOC02,33,0,synthetic
2026-03-08,SKU029,LOC03,38,1,synthetic
2026-03-09,SKU029,LOC02,37,1,synthetic
2026-03-10,SKU029,LOC03,24,0,synthetic
2026-03-11,SKU029,LOC03,26,0,synthetic
2026-03-12,SKU029,LOC02,27,0,synthetic
2026-03-13,SKU029,LOC02,40,1,synthetic
2026-03-14,SKU029,LOC03,39,1,synthetic
2026-03-15,SKU029,LOC02,24,0,synthetic
2026-03-16,SKU029,LOC02,25,0,synthetic
2026-03-17,SKU029,LOC03,33,0,synthetic
2026-03-18,SKU029,LOC02,28,0,synthetic
2026-03-19,SKU029,LOC02,28,0,synthetic
2026-03-20,SKU029,LOC02,25,0,synthetic
2026-03-21,SKU029,LOC02,37,0,synthetic
2026-03-22,SKU029,LOC03,34,0,synthetic
2026-03-23,SKU029,LOC02,29,0,synthetic
2026-03-24,SKU029,LOC03,24,0,synthetic
2026-03-25,SKU029,LOC02,25,0,synthetic
2026-03-26,SKU029,LOC03,31,0,synthetic
2026-03-27,SKU029,LOC03,18,0,synthetic
2026-03-28,SKU029,LOC02,33,0,synthetic
2026-03-29,SKU029,LOC03,30,0,synthetic
2026-03-30,SKU029,LOC02,22,0,synthetic
2026-03-31,SKU029,LOC02,30,0,synthetic
2026-04-01,SKU029,LOC02,29,0,synthetic
2026-04-02,SKU029,LOC03,25,0,synthetic
2026-04-03,SKU029,LOC03,29,0,synthetic
2026-04-04,SKU029,LOC02,28,0,synthetic
2026-04-05,SKU029,LOC03,32,0,synthetic
2026-04-06,SKU029,LOC02,21,0,synthetic
2026-04-07,SKU029,LOC02,22,0,synthetic
2026-04-08,SKU029,LOC02,30,0,synthetic
2026-04-09,SKU029,LOC02,27,0,synthetic
2026-04-10,SKU029,LOC02,29,0,synthetic
2026-04-11,SKU029,LOC03,35,0,synthetic
2026-04-12,SKU029,LOC02,31,0,synthetic
2026-04-13,SKU029,LOC03,27,0,synthetic
2026-04-14,SKU029,LOC03,28,0,synthetic
2026-04-15,SKU029,LOC02,32,0,synthetic
2026-04-16,SKU029,LOC03,28,0,synthetic
2026-04-17,SKU029,LOC03,27,0,synthetic
2026-04-18,SKU029,LOC03,24,0,synthetic
2026-04-19,SKU029,LOC03,37,0,synthetic
2026-04-20,SKU029,LOC02,24,0,synthetic
2026-04-21,SKU029,LOC03,22,0,synthetic
2026-04-22,SKU029,LOC03,23,0,synthetic
2026-04-23,SKU029,LOC03,35,0,synthetic
2026-04-24,SKU029,LOC03,24,0,synthetic
2026-04-25,SKU029,LOC03,33,0,synthetic
2026-04-26,SKU029,LOC02,31,0,synthetic
2026-04-27,SKU029,LOC02,24,0,synthetic
2026-04-28,SKU029,LOC03,23,0,synthetic
2026-04-29,SKU029,LOC02,23,0,synthetic
2026-04-30,SKU029,LOC02,21,0,synthetic
2026-05-01,SKU029,LOC03,37,0,synthetic
2026-05-02,SKU029,LOC03,29,0,synthetic
2026-05-03,SKU029,LOC02,32,0,synthetic
2026-05-04,SKU029,LOC02,30,0,synthetic
2026-05-05,SKU029,LOC03,32,0,synthetic
2026-05-06,SKU029,LOC02,34,0,synthetic
2026-05-07,SKU029,LOC03,30,0,synthetic
2026-05-08,SKU029,LOC03,36,0,synthetic
2026-05-09,SKU029,LOC02,38,0,synthetic
2026-05-10,SKU029,LOC03,36,0,synthetic
2026-05-11,SKU029,LOC03,29,0,synthetic
2026-05-12,SKU029,LOC02,42,1,synthetic
2026-05-13,SKU029,LOC03,33,0,synthetic
2026-05-14,SKU029,LOC03,29,0,synthetic
2026-05-15,SKU029,LOC03,35,0,synthetic
2026-05-16,SKU029,LOC02,40,0,synthetic
2026-05-17,SKU029,LOC02,39,0,synthetic
2026-05-18,SKU029,LOC02,31,0,synthetic
2026-05-19,SKU029,LOC03,31,0,synthetic
2026-05-20,SKU029,LOC02,38,1,synthetic
2026-05-21,SKU029,LOC02,31,0,synthetic
2026-05-22,SKU029,LOC02,26,0,synthetic
2026-05-23,SKU029,LOC03,35,0,synthetic
2026-05-24,SKU029,LOC03,36,0,synthetic
2026-05-25,SKU029,LOC03,34,0,synthetic
2026-05-26,SKU029,LOC02,50,1,synthetic
2026-05-27,SKU029,LOC03,33,0,synthetic
2026-05-28,SKU029,LOC03,37,0,synthetic
2026-05-29,SKU029,LOC02,33,0,synthetic
2026-05-30,SKU029,LOC03,34,0,synthetic
2026-05-31,SKU029,LOC02,39,0,synthetic
2026-06-01,SKU029,LOC02,34,0,synthetic
2026-06-02,SKU029,LOC02,32,0,synthetic
2026-06-03,SKU029,LOC02,30,0,synthetic
2026-06-04,SKU029,LOC03,32,0,synthetic
2026-06-05,SKU029,LOC03,33,0,synthetic
2026-06-06,SKU029,LOC02,33,0,synthetic
2026-06-07,SKU029,LOC02,39,0,synthetic
2026-06-08,SKU029,LOC03,36,0,synthetic
2026-06-09,SKU029,LOC03,37,0,synthetic
2026-06-10,SKU029,LOC02,33,0,synthetic
2026-06-11,SKU029,LOC02,40,0,synthetic
2026-06-12,SKU029,LOC03,30,0,synthetic
2026-06-13,SKU029,LOC03,36,0,synthetic
2026-06-14,SKU029,LOC02,36,0,synthetic
2026-06-15,SKU029,LOC03,31,0,synthetic
2026-06-16,SKU029,LOC02,29,0,synthetic
2026-06-17,SKU029,LOC03,36,0,synthetic
2026-06-18,SKU029,LOC02,31,0,synthetic
2026-06-19,SKU029,LOC03,31,0,synthetic
2026-06-20,SKU029,LOC02,38,0,synthetic
2026-06-21,SKU029,LOC02,38,0,synthetic
2026-06-22,SKU029,LOC02,29,0,synthetic
2026-06-23,SKU029,LOC02,26,0,synthetic
2026-06-24,SKU029,LOC02,34,0,synthetic
2026-06-25,SKU029,LOC02,31,0,synthetic
2026-06-26,SKU029,LOC03,31,0,synthetic
2026-06-27,SKU029,LOC03,41,0,synthetic
2026-06-28,SKU029,LOC02,51,1,synthetic
2026-06-29,SKU029,LOC03,33,0,synthetic
2026-06-30,SKU029,LOC02,38,0,synthetic
2026-07-01,SKU029,LOC03,30,0,synthetic
2026-07-02,SKU029,LOC03,31,0,synthetic
2026-07-03,SKU029,LOC03,31,0,synthetic
2026-07-04,SKU029,LOC02,45,0,synthetic
2026-07-05,SKU029,LOC03,34,0,synthetic
2026-07-06,SKU029,LOC03,41,1,synthetic
2026-07-07,SKU029,LOC03,36,0,synthetic
2026-07-08,SKU029,LOC02,28,0,synthetic
2026-07-09,SKU029,LOC03,28,0,synthetic
2026-07-10,SKU029,LOC03,26,0,synthetic
2026-07-11,SKU029,LOC02,37,0,synthetic
2026-07-12,SKU029,LOC03,37,0,synthetic
2026-07-13,SKU029,LOC03,41,0,synthetic
2026-07-14,SKU029,LOC02,33,0,synthetic
2026-07-15,SKU029,LOC02,28,0,synthetic
2026-07-16,SKU029,LOC03,30,0,synthetic
2026-07-17,SKU029,LOC03,31,0,synthetic
2026-07-18,SKU029,LOC02,42,0,synthetic
2026-07-19,SKU029,LOC02,29,0,synthetic
2026-07-20,SKU029,LOC02,29,0,synthetic
2026-07-21,SKU029,LOC03,30,0,synthetic
2026-07-22,SKU029,LOC03,46,1,synthetic
2026-07-23,SKU029,LOC03,30,0,synthetic
2026-07-24,SKU029,LOC03,29,0,synthetic
2026-07-25,SKU029,LOC03,35,0,synthetic
2026-07-26,SKU029,LOC03,35,0,synthetic
2026-07-27,SKU029,LOC03,28,0,synthetic
2026-07-28,SKU029,LOC02,34,0,synthetic
2026-07-29,SKU029,LOC03,29,0,synthetic
2026-07-30,SKU029,LOC02,29,0,synthetic
2026-07-31,SKU029,LOC02,31,0,synthetic
2026-08-01,SKU029,LOC02,30,0,synthetic
2026-08-02,SKU029,LOC03,35,0,synthetic
2026-08-03,SKU029,LOC03,27,0,synthetic
2026-08-04,SKU029,LOC02,30,0,synthetic
2026-08-05,SKU029,LOC02,29,0,synthetic
2025-08-06,SKU030,LOC03,48,0,synthetic
2025-08-07,SKU030,LOC03,42,0,synthetic
2025-08-08,SKU030,LOC02,48,0,synthetic
2025-08-09,SKU030,LOC03,58,0,synthetic
2025-08-10,SKU030,LOC03,49,0,synthetic
2025-08-11,SKU030,LOC02,70,1,synthetic
2025-08-12,SKU030,LOC02,44,0,synthetic
2025-08-13,SKU030,LOC03,48,0,synthetic
2025-08-14,SKU030,LOC02,58,0,synthetic
2025-08-15,SKU030,LOC03,51,0,synthetic
2025-08-16,SKU030,LOC03,60,0,synthetic
2025-08-17,SKU030,LOC03,45,0,synthetic
2025-08-18,SKU030,LOC03,48,0,synthetic
2025-08-19,SKU030,LOC02,45,0,synthetic
2025-08-20,SKU030,LOC02,46,0,synthetic
2025-08-21,SKU030,LOC03,65,0,synthetic
2025-08-22,SKU030,LOC03,35,0,synthetic
2025-08-23,SKU030,LOC02,51,0,synthetic
2025-08-24,SKU030,LOC02,67,0,synthetic
2025-08-25,SKU030,LOC02,40,0,synthetic
2025-08-26,SKU030,LOC03,50,0,synthetic
2025-08-27,SKU030,LOC02,51,0,synthetic
2025-08-28,SKU030,LOC03,46,0,synthetic
2025-08-29,SKU030,LOC02,45,0,synthetic
2025-08-30,SKU030,LOC02,64,0,synthetic
2025-08-31,SKU030,LOC03,51,0,synthetic
2025-09-01,SKU030,LOC02,53,0,synthetic
2025-09-02,SKU030,LOC02,51,0,synthetic
2025-09-03,SKU030,LOC02,44,0,synthetic
2025-09-04,SKU030,LOC03,46,0,synthetic
2025-09-05,SKU030,LOC02,50,0,synthetic
2025-09-06,SKU030,LOC02,46,0,synthetic
2025-09-07,SKU030,LOC03,55,0,synthetic
2025-09-08,SKU030,LOC02,47,0,synthetic
2025-09-09,SKU030,LOC03,61,0,synthetic
2025-09-10,SKU030,LOC03,49,0,synthetic
2025-09-11,SKU030,LOC02,62,0,synthetic
2025-09-12,SKU030,LOC02,44,0,synthetic
2025-09-13,SKU030,LOC02,60,0,synthetic
2025-09-14,SKU030,LOC02,69,0,synthetic
2025-09-15,SKU030,LOC02,61,1,synthetic
2025-09-16,SKU030,LOC03,63,1,synthetic
2025-09-17,SKU030,LOC02,37,0,synthetic
2025-09-18,SKU030,LOC02,55,0,synthetic
2025-09-19,SKU030,LOC02,70,0,synthetic
2025-09-20,SKU030,LOC02,49,0,synthetic
2025-09-21,SKU030,LOC03,50,0,synthetic
2025-09-22,SKU030,LOC03,50,0,synthetic
2025-09-23,SKU030,LOC03,56,0,synthetic
2025-09-24,SKU030,LOC02,48,0,synthetic
2025-09-25,SKU030,LOC03,69,1,synthetic
2025-09-26,SKU030,LOC03,47,0,synthetic
2025-09-27,SKU030,LOC03,47,0,synthetic
2025-09-28,SKU030,LOC02,62,0,synthetic
2025-09-29,SKU030,LOC02,58,0,synthetic
2025-09-30,SKU030,LOC03,45,0,synthetic
2025-10-01,SKU030,LOC03,59,0,synthetic
2025-10-02,SKU030,LOC02,49,0,synthetic
2025-10-03,SKU030,LOC02,47,0,synthetic
2025-10-04,SKU030,LOC02,62,0,synthetic
2025-10-05,SKU030,LOC03,58,0,synthetic
2025-10-06,SKU030,LOC03,51,0,synthetic
2025-10-07,SKU030,LOC02,59,0,synthetic
2025-10-08,SKU030,LOC02,52,0,synthetic
2025-10-09,SKU030,LOC03,50,0,synthetic
2025-10-10,SKU030,LOC03,42,0,synthetic
2025-10-11,SKU030,LOC02,58,0,synthetic
2025-10-12,SKU030,LOC03,36,0,synthetic
2025-10-13,SKU030,LOC02,51,0,synthetic
2025-10-14,SKU030,LOC02,57,0,synthetic
2025-10-15,SKU030,LOC02,36,0,synthetic
2025-10-16,SKU030,LOC03,71,1,synthetic
2025-10-17,SKU030,LOC02,47,0,synthetic
2025-10-18,SKU030,LOC02,62,0,synthetic
2025-10-19,SKU030,LOC03,69,0,synthetic
2025-10-20,SKU030,LOC02,46,0,synthetic
2025-10-21,SKU030,LOC03,47,0,synthetic
2025-10-22,SKU030,LOC02,55,0,synthetic
2025-10-23,SKU030,LOC02,49,0,synthetic
2025-10-24,SKU030,LOC03,42,0,synthetic
2025-10-25,SKU030,LOC02,68,0,synthetic
2025-10-26,SKU030,LOC02,43,0,synthetic
2025-10-27,SKU030,LOC02,42,0,synthetic
2025-10-28,SKU030,LOC03,43,0,synthetic
2025-10-29,SKU030,LOC03,44,0,synthetic
2025-10-30,SKU030,LOC02,60,0,synthetic
2025-10-31,SKU030,LOC03,52,0,synthetic
2025-11-01,SKU030,LOC03,52,0,synthetic
2025-11-02,SKU030,LOC02,57,0,synthetic
2025-11-03,SKU030,LOC03,52,0,synthetic
2025-11-04,SKU030,LOC03,48,0,synthetic
2025-11-05,SKU030,LOC03,46,0,synthetic
2025-11-06,SKU030,LOC03,58,0,synthetic
2025-11-07,SKU030,LOC02,68,1,synthetic
2025-11-08,SKU030,LOC02,55,0,synthetic
2025-11-09,SKU030,LOC03,67,0,synthetic
2025-11-10,SKU030,LOC02,58,0,synthetic
2025-11-11,SKU030,LOC03,48,0,synthetic
2025-11-12,SKU030,LOC03,45,0,synthetic
2025-11-13,SKU030,LOC02,45,0,synthetic
2025-11-14,SKU030,LOC03,52,0,synthetic
2025-11-15,SKU030,LOC02,52,0,synthetic
2025-11-16,SKU030,LOC03,71,0,synthetic
2025-11-17,SKU030,LOC03,52,0,synthetic
2025-11-18,SKU030,LOC03,65,1,synthetic
2025-11-19,SKU030,LOC03,53,0,synthetic
2025-11-20,SKU030,LOC03,42,0,synthetic
2025-11-21,SKU030,LOC03,57,0,synthetic
2025-11-22,SKU030,LOC03,56,0,synthetic
2025-11-23,SKU030,LOC02,56,0,synthetic
2025-11-24,SKU030,LOC02,42,0,synthetic
2025-11-25,SKU030,LOC02,40,0,synthetic
2025-11-26,SKU030,LOC03,53,0,synthetic
2025-11-27,SKU030,LOC02,42,0,synthetic
2025-11-28,SKU030,LOC03,45,0,synthetic
2025-11-29,SKU030,LOC03,72,1,synthetic
2025-11-30,SKU030,LOC03,71,0,synthetic
2025-12-01,SKU030,LOC02,50,0,synthetic
2025-12-02,SKU030,LOC02,56,0,synthetic
2025-12-03,SKU030,LOC03,56,0,synthetic
2025-12-04,SKU030,LOC03,46,0,synthetic
2025-12-05,SKU030,LOC03,50,0,synthetic
2025-12-06,SKU030,LOC02,51,0,synthetic
2025-12-07,SKU030,LOC02,56,0,synthetic
2025-12-08,SKU030,LOC03,37,0,synthetic
2025-12-09,SKU030,LOC03,52,0,synthetic
2025-12-10,SKU030,LOC03,56,0,synthetic
2025-12-11,SKU030,LOC03,53,0,synthetic
2025-12-12,SKU030,LOC02,57,0,synthetic
2025-12-13,SKU030,LOC03,79,0,synthetic
2025-12-14,SKU030,LOC02,58,0,synthetic
2025-12-15,SKU030,LOC02,38,0,synthetic
2025-12-16,SKU030,LOC03,57,0,synthetic
2025-12-17,SKU030,LOC03,50,0,synthetic
2025-12-18,SKU030,LOC02,42,0,synthetic
2025-12-19,SKU030,LOC03,55,0,synthetic
2025-12-20,SKU030,LOC02,55,0,synthetic
2025-12-21,SKU030,LOC02,54,0,synthetic
2025-12-22,SKU030,LOC02,55,0,synthetic
2025-12-23,SKU030,LOC03,59,0,synthetic
2025-12-24,SKU030,LOC03,56,0,synthetic
2025-12-25,SKU030,LOC03,44,0,synthetic
2025-12-26,SKU030,LOC03,49,0,synthetic
2025-12-27,SKU030,LOC03,58,0,synthetic
2025-12-28,SKU030,LOC02,65,0,synthetic
2025-12-29,SKU030,LOC03,42,0,synthetic
2025-12-30,SKU030,LOC02,52,0,synthetic
2025-12-31,SKU030,LOC02,54,0,synthetic
2026-01-01,SKU030,LOC02,43,0,synthetic
2026-01-02,SKU030,LOC02,37,0,synthetic
2026-01-03,SKU030,LOC02,54,0,synthetic
2026-01-04,SKU030,LOC02,50,0,synthetic
2026-01-05,SKU030,LOC03,42,0,synthetic
2026-01-06,SKU030,LOC03,65,0,synthetic
2026-01-07,SKU030,LOC03,41,0,synthetic
2026-01-08,SKU030,LOC02,51,0,synthetic
2026-01-09,SKU030,LOC03,37,0,synthetic
2026-01-10,SKU030,LOC03,48,0,synthetic
2026-01-11,SKU030,LOC03,47,0,synthetic
2026-01-12,SKU030,LOC03,55,0,synthetic
2026-01-13,SKU030,LOC03,43,0,synthetic
2026-01-14,SKU030,LOC02,49,0,synthetic
2026-01-15,SKU030,LOC03,55,0,synthetic
2026-01-16,SKU030,LOC02,43,0,synthetic
2026-01-17,SKU030,LOC03,45,0,synthetic
2026-01-18,SKU030,LOC02,44,0,synthetic
2026-01-19,SKU030,LOC02,55,0,synthetic
2026-01-20,SKU030,LOC03,44,0,synthetic
2026-01-21,SKU030,LOC03,39,0,synthetic
2026-01-22,SKU030,LOC02,44,0,synthetic
2026-01-23,SKU030,LOC03,48,0,synthetic
2026-01-24,SKU030,LOC03,55,0,synthetic
2026-01-25,SKU030,LOC02,69,0,synthetic
2026-01-26,SKU030,LOC03,52,0,synthetic
2026-01-27,SKU030,LOC02,52,0,synthetic
2026-01-28,SKU030,LOC02,47,0,synthetic
2026-01-29,SKU030,LOC02,44,0,synthetic
2026-01-30,SKU030,LOC03,48,0,synthetic
2026-01-31,SKU030,LOC02,61,0,synthetic
2026-02-01,SKU030,LOC03,58,0,synthetic
2026-02-02,SKU030,LOC02,56,0,synthetic
2026-02-03,SKU030,LOC03,40,0,synthetic
2026-02-04,SKU030,LOC02,52,0,synthetic
2026-02-05,SKU030,LOC02,43,0,synthetic
2026-02-06,SKU030,LOC02,42,0,synthetic
2026-02-07,SKU030,LOC03,57,0,synthetic
2026-02-08,SKU030,LOC03,55,0,synthetic
2026-02-09,SKU030,LOC03,44,0,synthetic
2026-02-10,SKU030,LOC03,53,0,synthetic
2026-02-11,SKU030,LOC03,42,0,synthetic
2026-02-12,SKU030,LOC03,73,1,synthetic
2026-02-13,SKU030,LOC02,46,0,synthetic
2026-02-14,SKU030,LOC02,58,0,synthetic
2026-02-15,SKU030,LOC03,48,0,synthetic
2026-02-16,SKU030,LOC02,39,0,synthetic
2026-02-17,SKU030,LOC03,45,0,synthetic
2026-02-18,SKU030,LOC02,49,0,synthetic
2026-02-19,SKU030,LOC03,44,0,synthetic
2026-02-20,SKU030,LOC03,47,0,synthetic
2026-02-21,SKU030,LOC03,59,0,synthetic
2026-02-22,SKU030,LOC02,55,0,synthetic
2026-02-23,SKU030,LOC02,54,0,synthetic
2026-02-24,SKU030,LOC03,47,0,synthetic
2026-02-25,SKU030,LOC02,48,0,synthetic
2026-02-26,SKU030,LOC03,35,0,synthetic
2026-02-27,SKU030,LOC02,46,0,synthetic
2026-02-28,SKU030,LOC02,64,0,synthetic
2026-03-01,SKU030,LOC02,63,0,synthetic
2026-03-02,SKU030,LOC03,50,0,synthetic
2026-03-03,SKU030,LOC02,47,0,synthetic
2026-03-04,SKU030,LOC03,54,0,synthetic
2026-03-05,SKU030,LOC02,50,0,synthetic
2026-03-06,SKU030,LOC02,59,0,synthetic
2026-03-07,SKU030,LOC02,48,0,synthetic
2026-03-08,SKU030,LOC02,55,0,synthetic
2026-03-09,SKU030,LOC02,51,0,synthetic
2026-03-10,SKU030,LOC03,52,0,synthetic
2026-03-11,SKU030,LOC03,57,0,synthetic
2026-03-12,SKU030,LOC02,50,0,synthetic
2026-03-13,SKU030,LOC02,64,0,synthetic
2026-03-14,SKU030,LOC03,53,0,synthetic
2026-03-15,SKU030,LOC03,66,0,synthetic
2026-03-16,SKU030,LOC03,46,0,synthetic
2026-03-17,SKU030,LOC03,47,0,synthetic
2026-03-18,SKU030,LOC02,54,0,synthetic
2026-03-19,SKU030,LOC03,51,0,synthetic
2026-03-20,SKU030,LOC03,50,0,synthetic
2026-03-21,SKU030,LOC02,39,0,synthetic
2026-03-22,SKU030,LOC02,70,0,synthetic
2026-03-23,SKU030,LOC02,46,0,synthetic
2026-03-24,SKU030,LOC02,48,0,synthetic
2026-03-25,SKU030,LOC02,44,0,synthetic
2026-03-26,SKU030,LOC02,57,0,synthetic
2026-03-27,SKU030,LOC02,47,0,synthetic
2026-03-28,SKU030,LOC03,45,0,synthetic
2026-03-29,SKU030,LOC02,67,0,synthetic
2026-03-30,SKU030,LOC03,49,0,synthetic
2026-03-31,SKU030,LOC02,50,0,synthetic
2026-04-01,SKU030,LOC02,47,0,synthetic
2026-04-02,SKU030,LOC02,56,0,synthetic
2026-04-03,SKU030,LOC03,49,0,synthetic
2026-04-04,SKU030,LOC03,60,0,synthetic
2026-04-05,SKU030,LOC03,46,0,synthetic
2026-04-06,SKU030,LOC03,57,0,synthetic
2026-04-07,SKU030,LOC03,60,0,synthetic
2026-04-08,SKU030,LOC03,45,0,synthetic
2026-04-09,SKU030,LOC03,47,0,synthetic
2026-04-10,SKU030,LOC02,67,0,synthetic
2026-04-11,SKU030,LOC02,42,0,synthetic
2026-04-12,SKU030,LOC03,57,0,synthetic
2026-04-13,SKU030,LOC03,44,0,synthetic
2026-04-14,SKU030,LOC03,42,0,synthetic
2026-04-15,SKU030,LOC02,53,0,synthetic
2026-04-16,SKU030,LOC02,54,0,synthetic
2026-04-17,SKU030,LOC02,60,0,synthetic
2026-04-18,SKU030,LOC02,58,0,synthetic
2026-04-19,SKU030,LOC02,55,0,synthetic
2026-04-20,SKU030,LOC02,51,0,synthetic
2026-04-21,SKU030,LOC03,52,0,synthetic
2026-04-22,SKU030,LOC02,58,0,synthetic
2026-04-23,SKU030,LOC02,50,0,synthetic
2026-04-24,SKU030,LOC02,31,0,synthetic
2026-04-25,SKU030,LOC02,59,0,synthetic
2026-04-26,SKU030,LOC03,56,0,synthetic
2026-04-27,SKU030,LOC02,36,0,synthetic
2026-04-28,SKU030,LOC02,53,0,synthetic
2026-04-29,SKU030,LOC03,55,0,synthetic
2026-04-30,SKU030,LOC02,50,0,synthetic
2026-05-01,SKU030,LOC03,60,0,synthetic
2026-05-02,SKU030,LOC02,59,0,synthetic
2026-05-03,SKU030,LOC03,75,0,synthetic
2026-05-04,SKU030,LOC02,60,0,synthetic
2026-05-05,SKU030,LOC02,65,0,synthetic
2026-05-06,SKU030,LOC02,78,0,synthetic
2026-05-07,SKU030,LOC03,63,0,synthetic
2026-05-08,SKU030,LOC02,54,0,synthetic
2026-05-09,SKU030,LOC02,61,0,synthetic
2026-05-10,SKU030,LOC03,67,0,synthetic
2026-05-11,SKU030,LOC03,62,0,synthetic
2026-05-12,SKU030,LOC03,58,0,synthetic
2026-05-13,SKU030,LOC02,57,0,synthetic
2026-05-14,SKU030,LOC02,72,0,synthetic
2026-05-15,SKU030,LOC02,64,0,synthetic
2026-05-16,SKU030,LOC03,65,0,synthetic
2026-05-17,SKU030,LOC03,73,0,synthetic
2026-05-18,SKU030,LOC03,58,0,synthetic
2026-05-19,SKU030,LOC02,72,0,synthetic
2026-05-20,SKU030,LOC02,56,0,synthetic
2026-05-21,SKU030,LOC02,55,0,synthetic
2026-05-22,SKU030,LOC03,71,0,synthetic
2026-05-23,SKU030,LOC03,68,0,synthetic
2026-05-24,SKU030,LOC03,64,0,synthetic
2026-05-25,SKU030,LOC03,56,0,synthetic
2026-05-26,SKU030,LOC03,45,0,synthetic
2026-05-27,SKU030,LOC02,65,0,synthetic
2026-05-28,SKU030,LOC02,73,0,synthetic
2026-05-29,SKU030,LOC03,63,0,synthetic
2026-05-30,SKU030,LOC03,70,0,synthetic
2026-05-31,SKU030,LOC02,100,1,synthetic
2026-06-01,SKU030,LOC03,80,1,synthetic
2026-06-02,SKU030,LOC03,71,0,synthetic
2026-06-03,SKU030,LOC03,56,0,synthetic
2026-06-04,SKU030,LOC02,55,0,synthetic
2026-06-05,SKU030,LOC03,64,0,synthetic
2026-06-06,SKU030,LOC03,75,0,synthetic
2026-06-07,SKU030,LOC03,56,0,synthetic
2026-06-08,SKU030,LOC02,87,1,synthetic
2026-06-09,SKU030,LOC02,66,0,synthetic
2026-06-10,SKU030,LOC02,68,0,synthetic
2026-06-11,SKU030,LOC02,60,0,synthetic
2026-06-12,SKU030,LOC02,51,0,synthetic
2026-06-13,SKU030,LOC02,73,0,synthetic
2026-06-14,SKU030,LOC02,74,0,synthetic
2026-06-15,SKU030,LOC02,52,0,synthetic
2026-06-16,SKU030,LOC03,57,0,synthetic
2026-06-17,SKU030,LOC02,68,0,synthetic
2026-06-18,SKU030,LOC03,62,0,synthetic
2026-06-19,SKU030,LOC02,64,0,synthetic
2026-06-20,SKU030,LOC03,62,0,synthetic
2026-06-21,SKU030,LOC02,66,0,synthetic
2026-06-22,SKU030,LOC03,67,0,synthetic
2026-06-23,SKU030,LOC02,54,0,synthetic
2026-06-24,SKU030,LOC03,50,0,synthetic
2026-06-25,SKU030,LOC03,63,0,synthetic
2026-06-26,SKU030,LOC03,50,0,synthetic
2026-06-27,SKU030,LOC02,67,0,synthetic
2026-06-28,SKU030,LOC02,66,0,synthetic
2026-06-29,SKU030,LOC02,50,0,synthetic
2026-06-30,SKU030,LOC03,64,0,synthetic
2026-07-01,SKU030,LOC02,65,0,synthetic
2026-07-02,SKU030,LOC02,53,0,synthetic
2026-07-03,SKU030,LOC02,68,0,synthetic
2026-07-04,SKU030,LOC02,73,0,synthetic
2026-07-05,SKU030,LOC03,56,0,synthetic
2026-07-06,SKU030,LOC02,66,0,synthetic
2026-07-07,SKU030,LOC03,51,0,synthetic
2026-07-08,SKU030,LOC03,47,0,synthetic
2026-07-09,SKU030,LOC03,55,0,synthetic
2026-07-10,SKU030,LOC02,72,0,synthetic
2026-07-11,SKU030,LOC02,70,0,synthetic
2026-07-12,SKU030,LOC03,60,0,synthetic
2026-07-13,SKU030,LOC02,79,1,synthetic
2026-07-14,SKU030,LOC02,55,0,synthetic
2026-07-15,SKU030,LOC02,69,0,synthetic
2026-07-16,SKU030,LOC02,55,0,synthetic
2026-07-17,SKU030,LOC03,71,0,synthetic
2026-07-18,SKU030,LOC02,70,0,synthetic
2026-07-19,SKU030,LOC02,74,0,synthetic
2026-07-20,SKU030,LOC02,63,0,synthetic
2026-07-21,SKU030,LOC02,58,0,synthetic
2026-07-22,SKU030,LOC03,65,0,synthetic
2026-07-23,SKU030,LOC03,73,1,synthetic
2026-07-24,SKU030,LOC03,57,0,synthetic
2026-07-25,SKU030,LOC02,80,0,synthetic
2026-07-26,SKU030,LOC02,62,0,synthetic
2026-07-27,SKU030,LOC03,53,0,synthetic
2026-07-28,SKU030,LOC02,65,0,synthetic
2026-07-29,SKU030,LOC02,61,0,synthetic
2026-07-30,SKU030,LOC03,47,0,synthetic
2026-07-31,SKU030,LOC03,54,0,synthetic
2026-08-01,SKU030,LOC03,63,0,synthetic
2026-08-02,SKU030,LOC03,53,0,synthetic
2026-08-03,SKU030,LOC02,54,0,synthetic
2026-08-04,SKU030,LOC02,49,0,synthetic
2026-08-05,SKU030,LOC03,63,0,synthetic
